t,status,d1,d2,src
30029.7217,176,101,0,2
30029.7217,176,100,6,2
30029.7217,176,6,15,2
30029.7217,176,101,127,2
30029.7217,176,100,127,2
30029.7217,177,101,0,2
30029.7217,177,100,0,2
30029.7217,177,6,48,2
30029.7217,177,101,127,2
30029.7217,177,100,127,2
30029.7217,178,101,0,2
30029.7217,178,100,0,2
30029.7217,178,6,48,2
30029.7217,178,101,127,2
30029.7217,178,100,127,2
30029.7217,179,101,0,2
30029.7217,179,100,0,2
30029.7217,179,6,48,2
30029.7217,179,101,127,2
30029.7217,179,100,127,2
30029.7217,180,101,0,2
30029.7217,180,100,0,2
30029.7217,180,6,48,2
30029.7217,180,101,127,2
30029.7217,180,100,127,2
30029.7217,181,101,0,2
30029.7217,181,100,0,2
30029.7217,181,6,48,2
30029.7217,181,101,127,2
30029.7217,181,100,127,2
30029.7217,182,101,0,2
30029.7217,182,100,0,2
30029.7217,182,6,48,2
30029.7217,182,101,127,2
30029.7217,182,100,127,2
30029.7217,183,101,0,2
30029.7217,183,100,0,2
30029.7217,183,6,48,2
30029.7217,183,101,127,2
30029.7217,183,100,127,2
30029.7217,184,101,0,2
30029.7217,184,100,0,2
30029.7217,184,6,48,2
30029.7217,184,101,127,2
30029.7217,184,100,127,2
30029.7217,185,101,0,2
30029.7217,185,100,0,2
30029.7217,185,6,48,2
30029.7217,185,101,127,2
30029.7217,185,100,127,2
30029.7217,186,101,0,2
30029.7217,186,100,0,2
30029.7217,186,6,48,2
30029.7217,186,101,127,2
30029.7217,186,100,127,2
30029.7217,187,101,0,2
30029.7217,187,100,0,2
30029.7217,187,6,48,2
30029.7217,187,101,127,2
30029.7217,187,100,127,2
30029.7217,188,101,0,2
30029.7217,188,100,0,2
30029.7217,188,6,48,2
30029.7217,188,101,127,2
30029.7217,188,100,127,2
30029.7217,189,101,0,2
30029.7217,189,100,0,2
30029.7217,189,6,48,2
30029.7217,189,101,127,2
30029.7217,189,100,127,2
30029.7217,190,101,0,2
30029.7217,190,100,0,2
30029.7217,190,6,48,2
30029.7217,190,101,127,2
30029.7217,190,100,127,2
30029.7217,191,101,0,2
30029.7217,191,100,0,2
30029.7217,191,6,48,2
30029.7217,191,101,127,2
30029.7217,191,100,127,2
30034.9010,225,0,64,1
30034.9010,145,67,120,1
30035.0159,225,1,64,1
30035.0326,225,9,64,1
30035.0492,225,22,64,1
30035.0662,225,46,64,1
30035.0826,225,79,64,1
30035.0993,225,113,64,1
30035.1160,225,16,65,1
30035.1327,225,47,65,1
30035.1493,225,80,65,1
30035.1660,225,111,65,1
30035.1826,225,15,66,1
30035.1993,225,43,66,1
30035.1993,209,2,0,1
30035.2160,225,66,66,1
30035.2326,225,88,66,1
30035.2493,225,109,66,1
30035.2660,225,127,66,1
30035.2826,225,16,67,1
30035.2993,225,29,67,1
30035.3160,225,39,67,1
30035.3326,225,45,67,1
30035.3493,225,50,67,1
30035.3660,225,53,67,1
30035.3826,225,56,67,1
30035.3993,225,59,67,1
30035.4159,225,60,67,1
30035.4326,225,62,67,1
30035.4493,225,64,67,1
30035.4659,225,65,67,1
30035.4827,225,67,67,1
30035.4993,225,70,67,1
30035.5160,225,73,67,1
30035.5326,225,76,67,1
30035.5493,225,79,67,1
30035.5660,225,81,67,1
30035.5826,225,84,67,1
30035.5826,209,3,0,1
30035.5993,225,85,67,1
30035.6160,225,87,67,1
30035.6326,225,89,67,1
30035.6326,209,2,0,1
30035.6493,225,90,67,1
30035.6993,209,0,0,1
30035.6993,129,67,64,1
30037.1172,226,0,64,1
30037.1172,146,66,120,1
30037.2160,226,114,63,1
30037.2160,210,2,0,1
30037.2327,226,102,63,1
30037.2492,226,86,63,1
30037.2492,210,3,0,1
30037.2659,226,66,63,1
30037.2659,210,1,0,1
30037.2826,226,45,63,1
30037.2826,210,0,0,1
30037.2993,226,26,63,1
30037.3159,226,8,63,1
30037.3326,226,122,62,1
30037.3492,226,108,62,1
30037.3659,226,97,62,1
30037.3825,226,87,62,1
30037.3992,226,76,62,1
30037.4159,226,68,62,1
30037.4325,226,59,62,1
30037.4492,226,49,62,1
30037.4659,226,41,62,1
30037.4825,226,32,62,1
30037.4992,226,24,62,1
30037.5159,226,16,62,1
30037.5325,226,8,62,1
30037.5492,226,0,62,1
30037.5659,226,120,61,1
30037.5825,226,111,61,1
30037.5992,226,104,61,1
30037.6158,226,99,61,1
30037.6325,226,94,61,1
30037.6492,226,90,61,1
30037.6658,226,89,61,1
30037.6825,226,85,61,1
30037.6992,226,83,61,1
30037.7158,226,80,61,1
30037.7325,226,78,61,1
30037.7492,226,75,61,1
30037.7659,226,72,61,1
30037.7825,226,69,61,1
30037.7992,226,64,61,1
30037.8159,226,59,61,1
30037.8325,226,51,61,1
30037.8492,226,44,61,1
30037.8659,226,35,61,1
30037.8825,226,27,61,1
30037.8992,226,19,61,1
30037.9159,226,11,61,1
30037.9325,226,3,61,1
30037.9492,226,124,60,1
30037.9658,226,117,60,1
30037.9825,226,112,60,1
30037.9992,226,107,60,1
30038.0159,226,102,60,1
30038.0325,226,98,60,1
30038.0492,226,94,60,1
30038.0659,226,89,60,1
30038.0825,226,85,60,1
30038.0992,226,80,60,1
30038.1158,226,72,60,1
30038.1325,226,65,60,1
30038.1492,226,55,60,1
30038.1658,226,43,60,1
30038.1825,226,30,60,1
30038.1992,226,15,60,1
30038.2158,226,126,59,1
30038.2325,226,107,59,1
30038.2492,226,88,59,1
30038.2658,226,67,59,1
30038.2825,226,43,59,1
30038.2992,226,20,59,1
30038.3158,226,123,58,1
30038.3325,226,99,58,1
30038.3492,226,74,58,1
30038.3658,226,48,58,1
30038.3825,226,24,58,1
30038.3992,226,2,58,1
30038.4158,226,108,57,1
30038.4325,226,86,57,1
30038.4491,226,65,57,1
30038.4658,226,47,57,1
30038.4825,226,30,57,1
30038.4992,226,15,57,1
30038.5158,226,124,56,1
30038.5325,226,109,56,1
30038.5492,226,93,56,1
30038.5658,226,79,56,1
30038.5825,226,65,56,1
30038.5992,226,54,56,1
30038.6158,226,42,56,1
30038.6325,226,30,56,1
30038.6491,226,19,56,1
30038.6658,226,7,56,1
30038.6825,226,123,55,1
30038.6992,226,114,55,1
30038.7158,226,105,55,1
30038.7325,226,98,55,1
30038.7491,226,92,55,1
30038.7658,226,84,55,1
30038.7825,226,77,55,1
30038.7991,226,70,55,1
30038.8158,226,64,55,1
30038.8325,226,58,55,1
30038.8491,226,53,55,1
30038.8658,226,47,55,1
30038.8825,226,40,55,1
30038.8991,226,32,55,1
30038.9158,226,25,55,1
30038.9325,226,17,55,1
30038.9491,226,9,55,1
30038.9658,226,1,55,1
30038.9825,226,120,54,1
30038.9991,226,112,54,1
30039.0158,226,104,54,1
30039.0325,226,98,54,1
30039.0491,226,93,54,1
30039.0658,226,89,54,1
30039.0825,226,86,54,1
30039.0991,226,85,54,1
30039.1158,226,83,54,1
30039.1324,226,82,54,1
30039.1491,226,81,54,1
30039.1658,226,74,54,1
30039.1825,210,0,0,1
30039.1825,130,66,64,1
30040.4671,227,0,64,1
30040.4671,147,89,120,1
30040.5325,227,10,64,1
30040.5325,211,5,0,1
30040.5491,227,38,64,1
30040.5491,211,8,0,1
30040.5657,227,71,64,1
30040.5657,211,9,0,1
30040.5825,227,104,64,1
30040.5825,211,8,0,1
30040.5991,227,7,65,1
30040.5991,211,6,0,1
30040.6158,227,40,65,1
30040.6158,211,5,0,1
30040.6324,227,74,65,1
30040.6491,227,109,65,1
30040.6491,211,6,0,1
30040.6659,227,19,66,1
30040.6659,211,8,0,1
30040.6824,227,58,66,1
30040.6824,211,9,0,1
30040.6991,227,97,66,1
30040.6991,211,10,0,1
30040.7157,227,17,67,1
30040.7157,211,11,0,1
30040.7324,227,72,67,1
30040.7491,227,126,67,1
30040.7491,211,12,0,1
30040.7657,227,50,68,1
30040.7824,227,95,68,1
30040.7991,227,6,69,1
30040.8157,227,36,69,1
30040.8324,227,57,69,1
30040.8490,227,70,69,1
30040.8490,211,11,0,1
30040.8657,227,76,69,1
30040.8824,227,81,69,1
30040.8991,211,0,0,1
30040.8991,131,89,64,1
30041.8005,228,0,64,1
30041.8005,148,69,120,1
30041.8658,228,3,64,1
30041.8658,212,8,0,1
30041.8823,228,23,64,1
30041.8823,212,17,0,1
30041.8991,228,54,64,1
30041.8991,212,28,0,1
30041.9157,228,88,64,1
30041.9157,212,37,0,1
30041.9324,228,119,64,1
30041.9324,212,35,0,1
30041.9492,228,20,65,1
30041.9492,212,32,0,1
30041.9659,228,50,65,1
30041.9659,212,29,0,1
30041.9824,228,80,65,1
30041.9824,212,27,0,1
30041.9990,228,105,65,1
30041.9990,212,24,0,1
30042.0157,228,1,66,1
30042.0157,212,23,0,1
30042.0324,228,22,66,1
30042.0324,212,21,0,1
30042.0490,228,40,66,1
30042.0490,212,20,0,1
30042.0657,228,58,66,1
30042.0657,212,19,0,1
30042.0824,228,81,66,1
30042.0824,212,20,0,1
30042.0990,212,0,0,1
30042.0990,132,69,64,1
30042.9837,229,0,64,1
30042.9837,149,88,120,1
30042.9990,229,117,63,1
30042.9990,213,15,0,1
30043.0156,229,106,63,1
30043.0156,213,21,0,1
30043.0326,229,97,63,1
30043.0326,213,22,0,1
30043.0491,229,88,63,1
30043.0491,213,23,0,1
30043.0657,229,73,63,1
30043.0657,213,22,0,1
30043.0825,229,50,63,1
30043.0825,213,15,0,1
30043.0990,229,25,63,1
30043.0990,213,6,0,1
30043.1157,229,126,62,1
30043.1157,213,0,0,1
30043.1323,229,99,62,1
30043.1490,229,73,62,1
30043.1656,229,46,62,1
30043.1823,229,17,62,1
30043.1990,229,117,61,1
30043.2156,229,91,61,1
30043.2323,229,68,61,1
30043.2490,229,47,61,1
30043.2657,229,30,61,1
30043.2823,229,11,61,1
30043.2990,229,120,60,1
30043.3157,229,102,60,1
30043.3323,229,84,60,1
30043.3490,229,67,60,1
30043.3657,229,48,60,1
30043.3823,229,29,60,1
30043.3990,229,9,60,1
30043.4156,229,114,59,1
30043.4323,229,97,59,1
30043.4489,229,80,59,1
30043.4656,229,69,59,1
30043.4658,213,0,0,1
30043.4658,133,88,64,1
30044.7665,230,0,64,1
30044.7666,150,80,120,1
30044.8155,230,9,64,1
30044.8155,214,10,0,1
30044.8322,230,30,64,1
30044.8322,214,14,0,1
30044.8491,230,59,64,1
30044.8491,214,12,0,1
30044.8656,230,91,64,1
30044.8656,214,9,0,1
30044.8823,230,122,64,1
30044.8824,214,6,0,1
30044.8989,230,27,65,1
30044.8989,214,5,0,1
30044.9156,230,58,65,1
30044.9156,214,4,0,1
30044.9323,230,88,65,1
30044.9323,214,5,0,1
30044.9489,230,116,65,1
30044.9655,230,15,66,1
30044.9823,230,37,66,1
30044.9823,214,4,0,1
30044.9989,230,59,66,1
30045.0156,230,76,66,1
30045.0323,230,88,66,1
30045.0489,230,95,66,1
30045.0489,214,3,0,1
30045.0656,230,100,66,1
30045.0823,230,101,66,1
30045.1822,230,100,66,1
30045.2155,230,99,66,1
30045.2155,214,4,0,1
30045.2488,230,98,66,1
30045.3154,230,97,66,1
30045.3654,214,5,0,1
30045.3822,230,96,66,1
30045.3989,230,95,66,1
30045.3989,214,6,0,1
30045.4322,230,93,66,1
30045.4488,230,91,66,1
30045.4654,230,89,66,1
30045.4654,214,7,0,1
30045.4821,230,86,66,1
30045.4988,230,85,66,1
30045.5155,230,83,66,1
30045.5322,230,81,66,1
30045.5489,230,80,66,1
30045.5489,214,8,0,1
30045.5666,231,0,64,1
30045.5666,151,79,120,1
30045.5667,230,79,66,1
30045.5822,230,77,66,1
30045.5822,214,9,0,1
30045.5989,230,76,66,1
30045.6156,230,75,66,1
30045.6157,231,125,63,1
30045.6157,215,3,0,1
30045.6323,230,73,66,1
30045.6323,214,10,0,1
30045.6323,231,119,63,1
30045.6323,215,9,0,1
30045.6490,230,70,66,1
30045.6490,231,110,63,1
30045.6491,215,15,0,1
30045.6657,230,68,66,1
30045.6657,231,103,63,1
30045.6657,215,16,0,1
30045.6822,230,66,66,1
30045.6822,231,100,63,1
30045.6824,231,97,63,1
30045.6824,215,17,0,1
30045.6824,214,0,0,1
30045.6824,134,80,64,1
30045.6989,231,90,63,1
30045.6989,215,18,0,1
30045.7156,231,83,63,1
30045.7322,231,76,63,1
30045.7322,215,19,0,1
30045.7489,231,67,63,1
30045.7656,231,54,63,1
30045.7656,215,20,0,1
30045.7822,231,39,63,1
30045.7822,215,19,0,1
30045.7989,231,23,63,1
30045.7989,215,16,0,1
30045.8155,231,3,63,1
30045.8155,215,14,0,1
30045.8322,231,110,62,1
30045.8322,215,12,0,1
30045.8489,231,86,62,1
30045.8489,215,10,0,1
30045.8656,231,60,62,1
30045.8656,215,6,0,1
30045.8822,231,36,62,1
30045.8822,215,4,0,1
30045.8989,231,11,62,1
30045.8989,215,3,0,1
30045.9155,231,114,61,1
30045.9155,215,1,0,1
30045.9322,231,93,61,1
30045.9322,215,0,0,1
30045.9489,231,69,61,1
30045.9655,231,46,61,1
30045.9822,231,21,61,1
30045.9989,231,121,60,1
30046.0155,231,94,60,1
30046.0322,231,73,60,1
30046.0489,231,57,60,1
30046.0655,231,49,60,1
30046.0822,231,45,60,1
30046.0988,231,42,60,1
30046.2156,231,43,60,1
30046.2487,231,44,60,1
30046.4822,215,0,0,1
30046.4822,135,79,64,1
30046.8002,232,0,64,1
30046.8002,152,94,120,1
30046.8321,232,17,64,1
30046.8321,216,11,0,1
30046.8488,232,40,64,1
30046.8488,216,14,0,1
30046.8654,232,68,64,1
30046.8654,216,15,0,1
30046.8822,232,93,64,1
30046.8822,216,17,0,1
30046.8988,232,119,64,1
30046.8988,216,18,0,1
30046.9155,232,18,65,1
30046.9155,216,20,0,1
30046.9322,232,46,65,1
30046.9322,216,22,0,1
30046.9489,232,74,65,1
30046.9655,232,107,65,1
30046.9822,232,7,66,1
30046.9822,216,20,0,1
30046.9988,232,34,66,1
30046.9988,216,19,0,1
30047.0155,232,58,66,1
30047.0322,232,77,66,1
30047.0322,216,18,0,1
30047.0488,232,93,66,1
30047.0488,216,17,0,1
30047.0655,232,106,66,1
30047.0655,216,16,0,1
30047.0822,232,116,66,1
30047.0988,232,124,66,1
30047.1155,232,1,67,1
30047.1321,232,5,67,1
30047.1322,216,15,0,1
30047.1488,232,7,67,1
30047.1655,232,8,67,1
30047.3821,216,0,0,1
30047.3821,136,94,64,1
30047.9003,233,0,64,1
30047.9003,153,105,120,1
30047.9989,233,125,63,1
30048.0154,233,115,63,1
30048.0322,233,99,63,1
30048.0488,233,82,63,1
30048.0655,233,61,63,1
30048.0822,233,39,63,1
30048.0988,233,16,63,1
30048.1155,233,119,62,1
30048.1322,233,96,62,1
30048.1488,233,72,62,1
30048.1655,233,48,62,1
30048.1821,233,28,62,1
30048.1988,233,9,62,1
30048.2155,233,118,61,1
30048.2321,233,101,61,1
30048.2488,233,81,61,1
30048.2655,233,61,61,1
30048.2821,233,41,61,1
30048.2988,233,21,61,1
30048.3154,233,2,61,1
30048.3321,233,109,60,1
30048.3488,233,85,60,1
30048.3654,233,60,60,1
30048.3821,233,34,60,1
30048.3988,233,5,60,1
30048.4154,233,102,59,1
30048.4321,233,72,59,1
30048.4487,233,42,59,1
30048.4654,233,13,59,1
30048.4821,233,116,58,1
30048.4988,233,90,58,1
30048.5154,233,67,58,1
30048.5321,233,43,58,1
30048.5488,233,21,58,1
30048.5654,233,2,58,1
30048.5821,233,114,57,1
30048.5988,233,95,57,1
30048.6154,233,79,57,1
30048.6321,233,63,57,1
30048.6487,233,48,57,1
30048.6654,233,33,57,1
30048.6821,233,19,57,1
30048.6987,233,5,57,1
30048.7154,233,121,56,1
30048.7322,233,112,56,1
30048.7488,233,101,56,1
30048.7654,233,95,56,1
30048.7820,233,91,56,1
30048.7822,217,0,0,1
30048.7822,137,105,64,1
30050.0330,234,0,64,1
30050.0330,154,44,120,1
30050.1154,234,5,64,1
30050.1322,234,11,64,1
30050.1489,234,19,64,1
30050.1654,234,30,64,1
30050.1822,234,43,64,1
30050.1988,234,55,64,1
30050.2154,234,67,64,1
30050.2320,234,79,64,1
30050.2487,234,90,64,1
30050.2654,234,100,64,1
30050.2820,234,114,64,1
30050.2987,234,127,64,1
30050.3154,234,11,65,1
30050.3320,234,22,65,1
30050.3487,234,32,65,1
30050.3654,234,42,65,1
30050.3820,234,55,65,1
30050.3987,234,68,65,1
30050.4154,234,82,65,1
30050.4320,234,95,65,1
30050.4487,234,110,65,1
30050.4653,234,123,65,1
30050.4820,234,10,66,1
30050.4987,234,24,66,1
30050.5153,234,36,66,1
30050.5320,234,48,66,1
30050.5487,234,59,66,1
30050.5653,234,69,66,1
30050.5820,234,80,66,1
30050.5987,234,89,66,1
30050.6154,234,98,66,1
30050.6320,234,107,66,1
30050.6487,234,113,66,1
30050.6653,234,117,66,1
30050.6820,234,119,66,1
30050.6987,234,120,66,1
30050.7154,234,122,66,1
30050.7320,234,123,66,1
30050.8821,218,0,0,1
30050.8821,138,44,64,1
30051.9000,235,0,64,1
30051.9000,155,31,120,1
30051.9819,235,115,63,1
30051.9989,235,83,63,1
30052.0154,235,37,63,1
30052.0320,235,119,62,1
30052.0487,235,70,62,1
30052.0653,235,26,62,1
30052.0820,235,113,61,1
30052.0987,235,80,61,1
30052.1153,235,49,61,1
30052.1320,235,20,61,1
30052.1486,235,121,60,1
30052.1653,235,97,60,1
30052.1820,235,72,60,1
30052.1986,235,51,60,1
30052.2153,235,35,60,1
30052.2319,235,18,60,1
30052.2486,235,3,60,1
30052.2653,235,116,59,1
30052.2820,235,99,59,1
30052.2986,235,79,59,1
30052.3153,235,57,59,1
30052.3319,235,35,59,1
30052.3486,235,14,59,1
30052.3653,235,123,58,1
30052.3820,235,107,58,1
30052.3986,235,93,58,1
30052.4153,235,83,58,1
30052.4319,235,76,58,1
30052.4486,235,71,58,1
30052.4653,235,68,58,1
30052.4819,235,67,58,1
30052.7820,219,0,0,1
30052.7820,139,31,64,1
30053.7332,236,0,64,1
30053.7332,156,38,120,1
30053.7987,236,3,64,1
30053.8152,236,18,64,1
30053.8321,236,38,64,1
30053.8487,236,61,64,1
30053.8653,236,86,64,1
30053.8819,236,114,64,1
30053.8986,236,15,65,1
30053.9152,236,50,65,1
30053.9319,236,89,65,1
30053.9486,236,1,66,1
30053.9652,236,44,66,1
30053.9819,236,89,66,1
30053.9985,236,4,67,1
30054.0152,236,50,67,1
30054.0319,236,96,67,1
30054.0485,236,14,68,1
30054.0652,236,60,68,1
30054.0818,236,107,68,1
30054.0985,236,20,69,1
30054.1152,236,61,69,1
30054.1319,236,101,69,1
30054.1485,236,12,70,1
30054.1652,236,55,70,1
30054.1819,236,101,70,1
30054.1985,236,14,71,1
30054.2152,236,55,71,1
30054.2319,236,95,71,1
30054.2485,236,2,72,1
30054.2652,236,34,72,1
30054.2819,236,66,72,1
30054.2985,236,92,72,1
30054.3152,236,114,72,1
30054.3319,236,4,73,1
30054.3485,236,17,73,1
30054.3652,236,26,73,1
30054.3819,236,31,73,1
30054.3985,236,34,73,1
30054.4152,236,37,73,1
30054.4319,236,40,73,1
30054.4485,236,43,73,1
30054.4652,236,46,73,1
30054.4818,236,48,73,1
30054.4985,236,49,73,1
30054.5152,236,52,73,1
30054.5319,236,53,73,1
30054.5485,236,54,73,1
30054.5819,236,56,73,1
30054.5985,236,57,73,1
30054.6152,236,59,73,1
30054.6485,236,60,73,1
30054.6652,236,61,73,1
30054.6818,236,62,73,1
30054.7318,236,63,73,1
30055.0152,236,62,73,1
30055.0317,236,61,73,1
30055.0483,236,60,73,1
30055.0651,236,59,73,1
30055.0818,236,57,73,1
30055.0985,236,54,73,1
30055.1151,236,51,73,1
30055.1318,236,46,73,1
30055.1485,236,41,73,1
30055.1652,236,35,73,1
30055.1818,236,29,73,1
30055.1985,236,21,73,1
30055.2152,236,12,73,1
30055.2318,236,3,73,1
30055.2485,236,122,72,1
30055.2652,236,110,72,1
30055.2818,236,98,72,1
30055.2985,236,86,72,1
30055.3152,236,73,72,1
30055.3318,236,62,72,1
30055.3485,236,50,72,1
30055.3652,236,38,72,1
30055.3818,236,28,72,1
30055.3985,236,19,72,1
30055.4152,236,11,72,1
30055.4318,236,3,72,1
30055.4485,236,124,71,1
30055.4651,236,115,71,1
30055.4818,236,108,71,1
30055.4985,236,101,71,1
30055.5151,236,95,71,1
30055.5318,236,90,71,1
30055.5485,236,85,71,1
30055.5652,236,81,71,1
30055.5818,236,77,71,1
30055.5985,236,74,71,1
30055.6151,236,71,71,1
30055.6318,236,68,71,1
30055.6485,236,65,71,1
30055.6651,236,62,71,1
30055.6818,236,60,71,1
30055.6985,236,57,71,1
30055.7151,236,54,71,1
30055.7318,236,51,71,1
30055.7485,236,48,71,1
30055.7651,236,44,71,1
30055.7818,236,41,71,1
30055.7985,236,39,71,1
30055.8151,236,35,71,1
30055.8318,236,31,71,1
30055.8485,236,27,71,1
30055.8651,236,22,71,1
30055.8818,236,16,71,1
30055.8985,236,10,71,1
30055.9151,236,4,71,1
30055.9318,236,125,70,1
30055.9485,236,117,70,1
30055.9651,236,111,70,1
30055.9818,236,105,70,1
30055.9985,236,98,70,1
30056.0151,236,90,70,1
30056.0318,236,82,70,1
30056.0485,236,73,70,1
30056.0651,236,64,70,1
30056.0818,236,53,70,1
30056.0985,236,45,70,1
30056.1151,236,36,70,1
30056.1318,236,26,70,1
30056.1485,236,17,70,1
30056.1651,236,9,70,1
30056.1818,236,2,70,1
30056.1985,236,123,69,1
30056.2151,236,116,69,1
30056.2318,236,111,69,1
30056.2484,236,106,69,1
30056.2651,236,101,69,1
30056.2818,236,96,69,1
30056.2984,236,92,69,1
30056.3151,236,88,69,1
30056.3318,236,85,69,1
30056.3484,236,83,69,1
30056.3651,236,80,69,1
30056.3818,236,79,69,1
30056.3984,236,78,69,1
30056.4151,236,76,69,1
30056.4318,236,75,69,1
30056.4485,236,73,69,1
30056.4651,236,71,69,1
30056.4818,236,69,69,1
30056.4984,236,66,69,1
30056.5151,236,65,69,1
30056.5318,236,61,69,1
30056.5484,236,60,69,1
30056.5651,236,57,69,1
30056.5818,236,55,69,1
30056.5984,236,51,69,1
30056.6151,236,47,69,1
30056.6318,236,41,69,1
30056.6484,236,34,69,1
30056.6651,236,23,69,1
30056.6818,236,11,69,1
30056.6985,236,127,68,1
30056.7151,236,116,68,1
30056.7318,236,105,68,1
30056.7484,236,95,68,1
30056.7651,236,86,68,1
30056.7818,236,76,68,1
30056.7984,236,64,68,1
30056.8151,236,53,68,1
30056.8318,236,43,68,1
30056.8484,236,33,68,1
30056.8651,236,25,68,1
30056.8818,236,17,68,1
30056.8984,236,9,68,1
30056.9151,236,1,68,1
30056.9317,236,121,67,1
30056.9484,236,114,67,1
30056.9651,236,106,67,1
30056.9818,236,99,67,1
30056.9984,236,91,67,1
30057.0151,236,84,67,1
30057.0318,236,78,67,1
30057.0484,236,73,67,1
30057.0651,236,67,67,1
30057.0817,236,63,67,1
30057.0984,236,60,67,1
30057.1151,236,57,67,1
30057.1317,236,55,67,1
30057.1484,236,53,67,1
30057.1651,236,52,67,1
30057.1817,236,51,67,1
30057.2818,236,50,67,1
30057.3149,236,49,67,1
30057.3483,236,48,67,1
30057.3816,236,47,67,1
30057.4149,236,46,67,1
30057.4816,236,45,67,1
30057.5149,236,44,67,1
30057.5649,236,43,67,1
30058.0318,220,0,0,1
30058.0318,140,38,64,1
30059.2997,237,0,64,1
30059.2997,157,48,120,1
30059.3651,237,10,64,1
30059.3817,237,24,64,1
30059.3985,237,41,64,1
30059.4151,237,60,64,1
30059.4317,237,78,64,1
30059.4484,237,93,64,1
30059.4651,237,107,64,1
30059.4817,237,122,64,1
30059.4984,237,9,65,1
30059.5150,237,24,65,1
30059.5317,237,38,65,1
30059.5484,237,54,65,1
30059.5650,237,69,65,1
30059.5817,237,85,65,1
30059.5983,237,101,65,1
30059.6150,237,119,65,1
30059.6317,237,8,66,1
30059.6483,237,26,66,1
30059.6650,237,45,66,1
30059.6817,237,64,66,1
30059.6983,237,87,66,1
30059.7150,237,109,66,1
30059.7316,237,127,66,1
30059.7483,237,18,67,1
30059.7650,237,35,67,1
30059.7816,237,52,67,1
30059.7983,237,71,67,1
30059.8150,237,86,67,1
30059.8316,237,103,67,1
30059.8483,237,118,67,1
30059.8650,237,6,68,1
30059.8816,237,20,68,1
30059.8983,237,36,68,1
30059.9149,237,49,68,1
30059.9317,237,62,68,1
30059.9483,237,76,68,1
30059.9650,237,90,68,1
30059.9816,237,106,68,1
30059.9983,237,120,68,1
30060.0150,237,9,69,1
30060.0316,237,24,69,1
30060.0483,237,39,69,1
30060.0650,237,51,69,1
30060.0816,237,60,69,1
30060.0983,237,69,69,1
30060.1150,237,73,69,1
30060.1316,237,75,69,1
30060.1483,237,77,69,1
30060.3316,237,76,69,1
30060.3482,237,75,69,1
30060.3816,237,73,69,1
30060.3982,237,71,69,1
30060.4148,237,69,69,1
30060.4315,237,64,69,1
30060.4483,237,55,69,1
30060.4649,237,43,69,1
30060.4816,237,24,69,1
30060.4983,237,127,68,1
30060.5150,237,102,68,1
30060.5316,237,76,68,1
30060.5483,237,50,68,1
30060.5650,237,23,68,1
30060.5816,237,126,67,1
30060.5983,237,102,67,1
30060.6150,237,80,67,1
30060.6316,237,63,67,1
30060.6483,237,51,67,1
30060.6650,237,41,67,1
30060.6816,237,31,67,1
30060.6983,237,24,67,1
30060.7149,237,19,67,1
30060.7316,237,16,67,1
30060.7483,237,13,67,1
30060.7650,237,11,67,1
30060.7816,237,10,67,1
30060.7983,237,8,67,1
30060.8149,237,4,67,1
30060.8316,237,0,67,1
30060.8483,237,123,66,1
30060.8649,237,118,66,1
30060.8816,237,114,66,1
30060.8983,237,111,66,1
30060.9149,237,109,66,1
30060.9316,237,107,66,1
30060.9483,237,106,66,1
30060.9649,237,105,66,1
30061.0150,237,104,66,1
30061.0982,237,102,66,1
30061.1815,221,0,0,1
30061.1815,141,48,64,1
30062.1492,238,0,64,1
30062.1492,158,73,120,1
30062.4650,222,0,0,1
30062.4650,142,73,64,1
30063.0162,239,0,64,1
30063.0162,159,74,120,1
30063.2482,239,2,64,1
30063.2482,223,2,0,1
30063.2648,239,3,64,1
30063.2816,239,6,64,1
30063.2816,223,3,0,1
30063.2982,239,8,64,1
30063.2982,223,4,0,1
30063.3150,223,0,0,1
30063.3150,143,74,64,1
30063.6827,225,0,64,1
30063.6827,145,74,120,1
30063.7648,209,0,0,1
30063.7648,129,74,64,1
30064.0495,226,0,64,1
30064.0495,146,74,120,1
30064.1482,210,0,0,1
30064.1482,130,74,64,1
30064.3495,227,0,64,1
30064.3495,147,74,120,1
30064.4316,211,0,0,1
30064.4316,131,74,64,1
30064.7163,228,0,64,1
30064.7163,148,74,120,1
30064.7814,212,0,0,1
30064.7814,132,74,64,1
30064.9993,229,0,64,1
30064.9993,149,74,120,1
30065.0816,213,0,0,1
30065.0816,133,74,64,1
30065.7494,230,0,64,1
30065.7494,150,72,120,1
30065.7981,230,1,64,1
30065.7981,214,9,0,1
30065.8147,230,15,64,1
30065.8147,214,16,0,1
30065.8316,230,46,64,1
30065.8316,214,21,0,1
30065.8481,230,81,64,1
30065.8481,214,23,0,1
30065.8648,230,113,64,1
30065.8648,214,17,0,1
30065.8815,230,18,65,1
30065.8815,214,15,0,1
30065.8981,230,54,65,1
30065.8981,214,12,0,1
30065.9147,230,92,65,1
30065.9147,214,10,0,1
30065.9314,230,4,66,1
30065.9314,214,9,0,1
30065.9481,230,46,66,1
30065.9481,214,8,0,1
30065.9648,230,87,66,1
30065.9648,214,7,0,1
30065.9814,230,1,67,1
30065.9981,230,42,67,1
30065.9981,214,6,0,1
30066.0148,230,76,67,1
30066.0314,230,103,67,1
30066.0314,214,5,0,1
30066.0481,230,126,67,1
30066.0648,230,14,68,1
30066.0814,230,27,68,1
30066.0814,214,4,0,1
30066.0981,230,35,68,1
30066.1147,230,38,68,1
30066.1314,230,39,68,1
30066.1981,230,38,68,1
30066.2147,230,36,68,1
30066.2312,230,35,68,1
30066.2480,230,33,68,1
30066.2647,230,32,68,1
30066.2814,214,0,0,1
30066.2814,134,72,64,1
30068.4159,231,0,64,1
30068.4160,151,72,120,1
30068.4646,231,12,64,1
30068.4813,231,39,64,1
30068.4979,231,73,64,1
30068.5147,231,107,64,1
30068.5313,231,17,65,1
30068.5480,231,55,65,1
30068.5646,231,94,65,1
30068.5813,231,6,66,1
30068.5980,231,47,66,1
30068.6148,231,85,66,1
30068.6314,231,121,66,1
30068.6480,231,28,67,1
30068.6646,231,58,67,1
30068.6813,231,89,67,1
30068.6979,231,115,67,1
30068.7146,231,7,68,1
30068.7313,231,20,68,1
30068.7480,231,26,68,1
30068.7646,231,28,68,1
30068.7813,231,29,68,1
30068.9645,215,0,0,1
30068.9645,135,72,64,1
30069.9324,232,0,64,1
30069.9324,152,69,120,1
30069.9648,232,111,63,1
30069.9648,216,6,0,1
30069.9814,232,83,63,1
30069.9814,216,8,0,1
30069.9979,232,53,63,1
30069.9979,216,12,0,1
30070.0146,232,23,63,1
30070.0146,216,11,0,1
30070.0314,232,119,62,1
30070.0314,216,10,0,1
30070.0480,232,87,62,1
30070.0480,216,8,0,1
30070.0647,232,51,62,1
30070.0648,216,6,0,1
30070.0813,232,15,62,1
30070.0813,216,5,0,1
30070.0979,232,106,61,1
30070.1146,232,69,61,1
30070.1146,216,4,0,1
30070.1313,232,31,61,1
30070.1479,232,124,60,1
30070.1479,216,3,0,1
30070.1646,232,90,60,1
30070.1646,216,2,0,1
30070.1812,232,60,60,1
30070.1812,216,1,0,1
30070.1979,232,33,60,1
30070.2146,232,7,60,1
30070.2313,232,110,59,1
30070.2313,216,0,0,1
30070.2479,232,86,59,1
30070.2646,232,66,59,1
30070.2812,232,46,59,1
30070.2979,232,32,59,1
30070.3146,232,18,59,1
30070.3312,232,6,59,1
30070.3479,232,123,58,1
30070.3646,232,113,58,1
30070.3812,232,105,58,1
30070.3979,232,98,58,1
30070.4146,232,90,58,1
30070.4312,232,83,58,1
30070.4479,232,78,58,1
30070.4645,232,75,58,1
30070.4812,232,73,58,1
30070.4979,232,71,58,1
30070.5979,232,73,58,1
30070.6146,232,78,58,1
30070.6312,232,86,58,1
30070.6479,232,96,58,1
30070.6645,232,112,58,1
30070.6812,232,5,59,1
30070.6979,232,27,59,1
30070.7145,232,56,59,1
30070.7312,232,90,59,1
30070.7479,232,5,60,1
30070.7645,232,56,60,1
30070.7812,232,106,60,1
30070.7979,232,22,61,1
30070.8145,232,67,61,1
30070.8312,232,109,61,1
30070.8479,232,19,62,1
30070.8645,232,57,62,1
30070.8812,232,96,62,1
30070.8979,232,4,63,1
30070.9145,232,43,63,1
30070.9312,232,80,63,1
30070.9479,232,115,63,1
30070.9645,232,19,64,1
30070.9812,232,45,64,1
30070.9978,232,70,64,1
30071.0145,232,96,64,1
30071.0312,232,123,64,1
30071.0479,232,20,65,1
30071.0645,232,43,65,1
30071.0812,232,63,65,1
30071.0979,232,77,65,1
30071.1145,232,88,65,1
30071.1312,232,97,65,1
30071.1479,232,104,65,1
30071.1645,232,111,65,1
30071.1812,232,119,65,1
30071.1979,232,2,66,1
30071.2145,232,15,66,1
30071.2312,232,29,66,1
30071.2479,232,44,66,1
30071.2645,232,60,66,1
30071.2812,232,76,66,1
30071.2979,232,93,66,1
30071.3146,232,110,66,1
30071.3312,232,123,66,1
30071.3479,232,7,67,1
30071.3645,232,17,67,1
30071.3812,232,25,67,1
30071.3979,232,32,67,1
30071.4145,232,41,67,1
30071.4312,232,52,67,1
30071.4479,232,61,67,1
30071.4645,232,70,67,1
30071.4812,232,77,67,1
30071.4979,232,83,67,1
30071.5145,232,88,67,1
30071.5312,232,94,67,1
30071.5478,232,102,67,1
30071.5479,216,1,0,1
30071.5645,232,108,67,1
30071.5645,216,4,0,1
30071.5812,232,114,67,1
30071.5812,216,7,0,1
30071.5978,232,119,67,1
30071.5978,216,9,0,1
30071.6145,232,123,67,1
30071.6145,216,11,0,1
30071.6312,232,0,68,1
30071.6312,216,13,0,1
30071.6478,232,5,68,1
30071.6479,216,15,0,1
30071.6645,232,9,68,1
30071.6645,216,17,0,1
30071.6812,232,13,68,1
30071.6812,216,18,0,1
30071.6978,232,16,68,1
30071.6978,216,19,0,1
30071.7145,232,19,68,1
30071.7145,216,20,0,1
30071.7312,232,23,68,1
30071.7312,216,21,0,1
30071.7478,232,24,68,1
30071.7645,232,26,68,1
30071.7645,216,22,0,1
30071.7812,232,28,68,1
30071.7812,216,23,0,1
30071.7978,216,24,0,1
30071.8311,216,25,0,1
30071.9145,216,26,0,1
30071.9312,232,27,68,1
30071.9477,232,24,68,1
30071.9645,216,0,0,1
30071.9645,136,69,64,1
30072.4825,233,0,64,1
30072.4825,153,43,120,1
30072.5311,233,16,64,1
30072.5311,217,22,0,1
30072.5478,233,45,64,1
30072.5478,217,24,0,1
30072.5644,233,89,64,1
30072.5644,217,23,0,1
30072.5811,233,10,65,1
30072.5811,217,15,0,1
30072.5978,233,61,65,1
30072.5978,217,11,0,1
30072.6144,233,112,65,1
30072.6145,217,9,0,1
30072.6312,233,26,66,1
30072.6312,217,11,0,1
30072.6478,233,58,66,1
30072.6479,217,12,0,1
30072.6645,233,83,66,1
30072.6645,217,13,0,1
30072.6812,233,99,66,1
30072.6978,233,108,66,1
30072.7145,233,109,66,1
30072.7478,233,98,66,1
30072.7644,233,74,66,1
30072.7645,217,14,0,1
30072.7810,233,38,66,1
30072.7810,217,15,0,1
30072.7977,233,124,65,1
30072.8144,233,71,65,1
30072.8144,217,14,0,1
30072.8311,233,17,65,1
30072.8311,217,9,0,1
30072.8478,233,96,64,1
30072.8478,217,1,0,1
30072.8644,233,46,64,1
30072.8644,217,0,0,1
30072.8811,233,6,64,1
30072.8978,233,114,63,1
30072.9145,233,94,63,1
30072.9311,233,85,63,1
30072.9644,233,86,63,1
30072.9811,233,99,63,1
30072.9978,233,121,63,1
30073.0144,233,20,64,1
30073.0311,233,70,64,1
30073.0478,233,1,65,1
30073.0645,233,61,65,1
30073.0811,233,112,65,1
30073.0978,233,22,66,1
30073.1145,233,54,66,1
30073.1311,233,83,66,1
30073.1478,233,104,66,1
30073.1644,233,122,66,1
30073.1811,233,10,67,1
30073.1978,233,19,67,1
30073.2144,233,23,67,1
30073.2311,233,24,67,1
30073.2811,233,20,67,1
30073.2977,233,16,67,1
30073.3143,217,0,0,1
30073.3143,137,43,64,1
30074.1657,234,0,64,1
30074.1657,154,44,120,1
30074.2977,234,127,63,1
30074.3144,234,120,63,1
30074.3313,234,109,63,1
30074.3478,234,94,63,1
30074.3644,234,75,63,1
30074.3811,234,54,63,1
30074.3977,234,28,63,1
30074.4144,234,2,63,1
30074.4311,234,105,62,1
30074.4477,234,82,62,1
30074.4644,234,63,62,1
30074.4812,234,43,62,1
30074.4978,234,27,62,1
30074.5144,234,13,62,1
30074.5310,234,3,62,1
30074.5477,234,125,61,1
30074.5644,234,122,61,1
30074.6976,234,118,61,1
30074.7143,234,112,61,1
30074.7145,218,0,0,1
30074.7145,138,44,64,1
30075.4490,235,0,64,1
30075.4490,155,44,120,1
30075.5145,235,116,63,1
30075.5145,219,13,0,1
30075.5310,235,92,63,1
30075.5310,219,9,0,1
30075.5479,235,57,63,1
30075.5479,219,3,0,1
30075.5644,235,24,63,1
30075.5644,219,0,0,1
30075.5811,235,120,62,1
30075.5977,235,82,62,1
30075.6144,235,43,62,1
30075.6312,235,4,62,1
30075.6477,235,90,61,1
30075.6644,235,45,61,1
30075.6810,235,0,61,1
30075.6977,235,83,60,1
30075.7143,235,38,60,1
30075.7310,235,124,59,1
30075.7477,235,82,59,1
30075.7643,235,43,59,1
30075.7810,235,6,59,1
30075.7977,235,98,58,1
30075.8144,235,61,58,1
30075.8310,235,31,58,1
30075.8477,235,1,58,1
30075.8643,235,102,57,1
30075.8810,235,76,57,1
30075.8977,235,51,57,1
30075.9144,235,28,57,1
30075.9310,235,7,57,1
30075.9477,235,116,56,1
30075.9643,235,97,56,1
30075.9810,235,80,56,1
30075.9977,235,63,56,1
30076.0143,235,48,56,1
30076.0310,235,33,56,1
30076.0477,235,20,56,1
30076.0643,235,7,56,1
30076.0810,235,124,55,1
30076.0977,235,114,55,1
30076.1143,235,102,55,1
30076.1310,235,92,55,1
30076.1476,235,83,55,1
30076.1643,235,72,55,1
30076.1810,235,64,55,1
30076.1977,235,57,55,1
30076.2143,235,50,55,1
30076.2310,235,45,55,1
30076.2477,235,41,55,1
30076.2643,235,39,55,1
30076.2809,235,38,55,1
30076.2976,235,37,55,1
30076.3643,235,35,55,1
30076.3809,235,23,55,1
30076.3975,219,0,0,1
30076.3975,139,44,64,1
30077.5152,236,0,64,1
30077.5152,156,43,120,1
30077.5976,236,109,63,1
30077.6145,236,82,63,1
30077.6311,236,50,63,1
30077.6477,236,20,63,1
30077.6643,236,113,62,1
30077.6810,236,80,62,1
30077.6976,236,44,62,1
30077.7143,236,7,62,1
30077.7309,236,99,61,1
30077.7476,236,62,61,1
30077.7643,236,24,61,1
30077.7809,236,115,60,1
30077.7976,236,77,60,1
30077.8143,236,37,60,1
30077.8309,236,124,59,1
30077.8476,236,83,59,1
30077.8643,236,39,59,1
30077.8809,236,122,58,1
30077.8976,236,78,58,1
30077.9142,236,35,58,1
30077.9309,236,120,57,1
30077.9476,236,79,57,1
30077.9642,236,39,57,1
30077.9809,236,2,57,1
30077.9976,236,98,56,1
30078.0143,236,67,56,1
30078.0309,236,42,56,1
30078.0476,236,18,56,1
30078.0643,236,125,55,1
30078.0809,236,110,55,1
30078.0976,236,97,55,1
30078.1142,236,90,55,1
30078.1309,236,84,55,1
30078.1476,236,80,55,1
30078.1642,236,78,55,1
30078.1809,236,77,55,1
30078.3142,220,0,0,1
30078.3142,140,43,64,1
30079.9989,237,0,64,1
30079.9989,157,42,120,1
30080.0808,237,24,64,1
30080.0976,237,71,64,1
30080.1143,237,123,64,1
30080.1309,237,49,65,1
30080.1475,237,103,65,1
30080.1642,237,29,66,1
30080.1643,221,2,0,1
30080.1809,237,84,66,1
30080.1809,221,3,0,1
30080.1975,237,15,67,1
30080.1975,221,4,0,1
30080.2142,237,73,67,1
30080.2308,237,2,68,1
30080.2475,237,58,68,1
30080.2475,221,3,0,1
30080.2642,237,109,68,1
30080.2642,221,1,0,1
30080.2808,237,27,69,1
30080.2808,221,0,0,1
30080.2975,237,68,69,1
30080.3142,237,99,69,1
30080.3308,237,124,69,1
30080.3475,237,21,70,1
30080.3642,237,40,70,1
30080.3808,237,56,70,1
30080.3975,237,69,70,1
30080.4142,237,77,70,1
30080.4308,237,84,70,1
30080.4475,237,88,70,1
30080.4642,237,90,70,1
30080.4808,237,92,70,1
30080.4975,237,93,70,1
30080.7974,237,94,70,1
30080.8474,221,0,0,1
30080.8474,141,42,64,1
30131.9634,238,0,64,1
30131.9634,158,94,120,1
30131.9956,238,6,64,1
30131.9956,222,18,0,1
30132.0121,238,31,64,1
30132.0121,222,25,0,1
30132.0289,238,74,64,1
30132.0289,222,29,0,1
30132.0455,238,117,64,1
30132.0455,222,21,0,1
30132.0621,238,29,65,1
30132.0622,222,16,0,1
30132.0788,238,67,65,1
30132.0788,222,13,0,1
30132.0956,238,103,65,1
30132.0956,222,14,0,1
30132.1121,238,12,66,1
30132.1289,238,47,66,1
30132.1455,238,79,66,1
30132.1621,238,111,66,1
30132.1788,238,14,67,1
30132.1788,222,13,0,1
30132.1954,238,40,67,1
30132.2121,238,70,67,1
30132.2121,222,12,0,1
30132.2288,238,88,67,1
30132.2288,222,14,0,1
30132.2454,238,89,67,1
30132.2458,222,0,0,1
30132.2458,142,94,64,1
30133.4466,239,0,64,1
30133.4466,159,105,120,1
30133.4789,239,13,64,1
30133.4789,223,10,0,1
30133.4954,239,45,64,1
30133.4954,223,14,0,1
30133.5121,239,85,64,1
30133.5121,223,12,0,1
30133.5288,239,122,64,1
30133.5288,223,4,0,1
30133.5454,239,29,65,1
30133.5454,223,2,0,1
30133.5622,239,64,65,1
30133.5622,223,1,0,1
30133.5787,239,99,65,1
30133.5954,239,3,66,1
30133.6121,239,36,66,1
30133.6287,239,63,66,1
30133.6454,239,84,66,1
30133.6454,223,0,0,1
30133.6620,239,97,66,1
30133.6787,239,108,66,1
30133.6954,239,113,66,1
30133.7120,239,116,66,1
30133.7287,239,118,66,1
30133.8621,223,0,0,1
30133.8621,143,105,64,1
30135.2963,225,0,64,1
30135.2963,145,96,120,1
30135.3621,225,9,64,1
30135.3621,209,6,0,1
30135.3787,225,35,64,1
30135.3787,209,5,0,1
30135.3955,225,73,64,1
30135.3955,209,6,0,1
30135.4120,225,110,64,1
30135.4120,209,5,0,1
30135.4287,225,14,65,1
30135.4287,209,7,0,1
30135.4453,225,43,65,1
30135.4453,209,10,0,1
30135.4621,225,74,65,1
30135.4621,209,11,0,1
30135.4787,225,107,65,1
30135.4953,225,6,66,1
30135.4953,209,10,0,1
30135.5120,225,30,66,1
30135.5287,225,44,66,1
30135.5453,225,50,66,1
30135.5453,209,9,0,1
30135.5620,225,52,66,1
30135.5786,225,53,66,1
30135.6120,209,8,0,1
30135.6452,209,7,0,1
30135.6619,225,54,66,1
30135.6786,225,55,66,1
30135.6786,209,6,0,1
30135.6953,225,59,66,1
30135.6953,209,5,0,1
30135.7120,225,62,66,1
30135.7120,209,4,0,1
30135.7286,225,65,66,1
30135.7286,209,3,0,1
30135.7453,225,68,66,1
30135.7453,209,2,0,1
30135.7620,225,70,66,1
30135.7786,225,71,66,1
30135.8286,225,70,66,1
30135.8452,225,69,66,1
30135.8618,209,0,0,1
30135.8618,129,96,64,1
30136.7632,226,0,64,1
30136.7632,146,84,120,1
30136.7786,226,126,63,1
30136.7786,210,13,0,1
30136.7953,226,127,63,1
30136.7953,210,27,0,1
30136.8122,226,7,64,1
30136.8122,210,39,0,1
30136.8286,226,25,64,1
30136.8286,210,54,0,1
30136.8453,226,55,64,1
30136.8453,210,72,0,1
30136.8620,226,86,64,1
30136.8620,210,74,0,1
30136.8786,226,118,64,1
30136.8786,210,68,0,1
30136.8953,226,21,65,1
30136.8953,210,65,0,1
30136.9119,226,53,65,1
30136.9119,210,63,0,1
30136.9286,226,86,65,1
30136.9286,210,59,0,1
30136.9453,226,120,65,1
30136.9453,210,55,0,1
30136.9619,226,29,66,1
30136.9619,210,51,0,1
30136.9786,226,64,66,1
30136.9786,210,48,0,1
30136.9953,226,93,66,1
30136.9953,210,46,0,1
30137.0119,226,117,66,1
30137.0119,210,44,0,1
30137.0286,226,9,67,1
30137.0286,210,43,0,1
30137.0452,226,26,67,1
30137.0452,210,42,0,1
30137.0619,226,41,67,1
30137.0619,210,40,0,1
30137.0786,226,51,67,1
30137.0952,226,61,67,1
30137.0952,210,39,0,1
30137.1119,226,73,67,1
30137.1119,210,38,0,1
30137.1286,226,82,67,1
30137.1286,210,36,0,1
30137.1453,226,91,67,1
30137.1619,226,98,67,1
30137.1619,210,35,0,1
30137.1786,226,106,67,1
30137.1786,210,34,0,1
30137.1952,226,113,67,1
30137.1952,210,33,0,1
30137.2119,226,120,67,1
30137.2119,210,32,0,1
30137.2286,226,125,67,1
30137.2286,210,31,0,1
30137.2452,226,2,68,1
30137.2453,210,30,0,1
30137.2619,226,6,68,1
30137.2786,226,9,68,1
30137.2786,210,29,0,1
30137.2953,226,10,68,1
30137.3119,226,12,68,1
30137.5118,210,28,0,1
30137.5285,226,11,68,1
30137.5952,226,10,68,1
30137.5952,210,27,0,1
30137.6285,226,9,68,1
30137.6285,210,26,0,1
30137.6451,226,8,68,1
30137.6451,210,25,0,1
30137.6619,226,6,68,1
30137.6619,210,24,0,1
30137.6786,226,2,68,1
30137.6786,210,23,0,1
30137.6952,226,124,67,1
30137.6952,210,20,0,1
30137.7119,226,114,67,1
30137.7119,210,18,0,1
30137.7286,226,101,67,1
30137.7286,210,15,0,1
30137.7452,226,83,67,1
30137.7452,210,11,0,1
30137.7619,226,62,67,1
30137.7619,210,8,0,1
30137.7785,226,38,67,1
30137.7785,210,5,0,1
30137.7952,226,12,67,1
30137.7952,210,1,0,1
30137.8119,226,116,66,1
30137.8119,210,0,0,1
30137.8285,226,90,66,1
30137.8452,226,60,66,1
30137.8619,226,30,66,1
30137.8785,226,5,66,1
30137.8952,226,115,65,1
30137.9119,226,102,65,1
30137.9286,226,92,65,1
30137.9452,226,83,65,1
30137.9619,226,76,65,1
30137.9785,226,72,65,1
30137.9952,226,68,65,1
30138.0119,226,67,65,1
30138.0285,226,65,65,1
30138.0452,226,63,65,1
30138.0619,226,62,65,1
30138.0785,226,61,65,1
30138.0952,226,60,65,1
30138.1118,226,59,65,1
30138.1285,226,58,65,1
30138.1618,226,57,65,1
30138.1952,226,56,65,1
30138.2119,226,55,65,1
30138.2285,226,53,65,1
30138.2452,226,51,65,1
30138.2618,226,48,65,1
30138.2785,226,43,65,1
30138.2952,226,40,65,1
30138.3119,226,36,65,1
30138.3285,226,33,65,1
30138.3452,226,28,65,1
30138.3619,226,24,65,1
30138.3785,226,21,65,1
30138.3952,226,18,65,1
30138.4118,226,14,65,1
30138.4285,226,10,65,1
30138.4452,226,7,65,1
30138.4619,226,2,65,1
30138.4785,226,126,64,1
30138.4952,226,121,64,1
30138.5118,226,116,64,1
30138.5285,226,111,64,1
30138.5452,226,105,64,1
30138.5618,226,101,64,1
30138.5785,226,96,64,1
30138.5952,226,91,64,1
30138.6118,226,86,64,1
30138.6285,226,81,64,1
30138.6452,226,75,64,1
30138.6618,226,71,64,1
30138.6785,226,65,64,1
30138.6952,226,59,64,1
30138.7118,226,53,64,1
30138.7285,226,48,64,1
30138.7452,226,43,64,1
30138.7618,226,39,64,1
30138.7785,226,36,64,1
30138.7952,226,32,64,1
30138.8118,226,28,64,1
30138.8285,226,25,64,1
30138.8452,226,22,64,1
30138.8618,226,20,64,1
30138.8785,226,17,64,1
30138.8952,226,15,64,1
30138.9118,226,12,64,1
30138.9285,226,10,64,1
30138.9452,226,7,64,1
30138.9618,226,5,64,1
30138.9785,226,2,64,1
30138.9952,226,1,64,1
30139.0118,226,126,63,1
30139.0285,226,124,63,1
30139.0451,226,123,63,1
30139.0618,226,122,63,1
30139.1952,226,123,63,1
30139.2118,226,124,63,1
30139.2284,226,125,63,1
30139.2451,226,127,63,1
30139.2618,226,1,64,1
30139.2785,226,2,64,1
30139.2952,226,4,64,1
30139.3118,226,6,64,1
30139.3285,226,8,64,1
30139.3452,226,12,64,1
30139.3618,226,18,64,1
30139.3787,226,26,64,1
30139.3952,226,36,64,1
30139.4119,226,50,64,1
30139.4285,226,62,64,1
30139.4452,226,75,64,1
30139.4618,226,90,64,1
30139.4785,226,101,64,1
30139.4951,226,111,64,1
30139.5118,226,120,64,1
30139.5285,226,126,64,1
30139.5451,226,6,65,1
30139.5618,226,14,65,1
30139.5785,226,22,65,1
30139.5951,226,28,65,1
30139.6118,226,35,65,1
30139.6285,226,42,65,1
30139.6451,226,51,65,1
30139.6618,226,60,65,1
30139.6785,226,69,65,1
30139.6951,226,79,65,1
30139.7118,226,89,65,1
30139.7285,226,101,65,1
30139.7451,226,114,65,1
30139.7618,226,125,65,1
30139.7785,226,10,66,1
30139.7951,226,22,66,1
30139.8118,226,33,66,1
30139.8285,226,43,66,1
30139.8451,226,53,66,1
30139.8618,226,63,66,1
30139.8785,226,74,66,1
30139.8951,226,82,66,1
30139.9118,226,90,66,1
30139.9285,226,97,66,1
30139.9451,226,107,66,1
30139.9618,226,117,66,1
30139.9785,226,127,66,1
30139.9951,226,10,67,1
30140.0118,226,22,67,1
30140.0284,226,33,67,1
30140.0451,226,45,67,1
30140.0618,226,55,67,1
30140.0784,226,62,67,1
30140.0951,226,66,67,1
30140.1118,226,67,67,1
30140.1285,226,68,67,1
30140.2118,226,70,67,1
30140.2284,226,71,67,1
30140.2450,226,73,67,1
30140.2618,226,74,67,1
30140.2785,226,77,67,1
30140.2951,226,85,67,1
30140.3117,226,97,67,1
30140.3285,226,115,67,1
30140.3452,226,5,68,1
30140.3618,226,21,68,1
30140.3785,226,35,68,1
30140.3951,226,44,68,1
30140.4118,226,48,68,1
30140.4284,226,49,68,1
30140.5118,226,47,68,1
30140.5284,226,45,68,1
30140.5450,226,44,68,1
30140.5617,226,42,68,1
30140.5784,226,40,68,1
30140.5951,226,39,68,1
30140.6118,226,37,68,1
30140.6285,226,35,68,1
30140.6451,226,30,68,1
30140.6618,226,19,68,1
30140.6785,226,109,67,1
30140.6951,226,50,67,1
30140.7118,226,119,66,1
30140.7284,226,65,66,1
30140.7451,226,22,66,1
30140.7618,226,118,65,1
30140.7784,226,91,65,1
30140.7951,226,67,65,1
30140.8118,226,48,65,1
30140.8284,226,28,65,1
30140.8451,226,8,65,1
30140.8618,226,119,64,1
30140.8784,226,105,64,1
30140.8951,226,95,64,1
30140.9118,226,84,64,1
30140.9284,226,71,64,1
30140.9451,226,59,64,1
30140.9617,226,45,64,1
30140.9784,226,36,64,1
30140.9951,226,26,64,1
30141.0118,226,18,64,1
30141.0284,226,11,64,1
30141.0451,226,7,64,1
30141.0617,226,4,64,1
30141.0784,226,1,64,1
30141.0951,226,127,63,1
30141.1118,226,125,63,1
30141.1284,226,124,63,1
30141.1451,226,121,63,1
30141.1617,226,119,63,1
30141.1784,226,117,63,1
30141.1951,226,114,63,1
30141.2117,226,108,63,1
30141.2284,226,104,63,1
30141.2451,226,100,63,1
30141.2617,226,96,63,1
30141.2784,226,92,63,1
30141.2951,226,89,63,1
30141.3118,226,87,63,1
30141.3284,226,86,63,1
30141.3617,226,87,63,1
30141.3784,226,90,63,1
30141.3951,226,95,63,1
30141.4117,226,100,63,1
30141.4284,226,103,63,1
30141.4451,226,106,63,1
30141.4617,226,109,63,1
30141.4784,226,111,63,1
30141.4951,226,113,63,1
30141.5117,226,114,63,1
30141.5284,226,115,63,1
30141.5450,226,116,63,1
30141.5617,226,118,63,1
30141.5784,226,119,63,1
30141.5951,226,123,63,1
30141.6117,226,127,63,1
30141.6284,226,3,64,1
30141.6451,226,6,64,1
30141.6617,226,9,64,1
30141.6784,226,11,64,1
30141.6951,226,14,64,1
30141.7117,226,15,64,1
30141.7284,226,17,64,1
30141.7450,226,19,64,1
30141.7617,226,18,64,1
30141.8284,226,17,64,1
30141.8450,226,20,64,1
30141.8450,210,15,0,1
30141.8617,226,28,64,1
30141.8617,210,48,0,1
30141.8784,226,32,64,1
30141.8784,210,79,0,1
30141.8950,226,36,64,1
30141.8950,210,109,0,1
30141.9117,226,37,64,1
30141.9117,210,117,0,1
30141.9284,226,39,64,1
30141.9284,210,118,0,1
30141.9451,226,40,64,1
30141.9451,210,119,0,1
30141.9617,210,120,0,1
30142.0117,210,121,0,1
30142.0450,226,41,64,1
30142.0450,210,120,0,1
30142.0949,226,42,64,1
30142.1116,210,119,0,1
30142.1282,210,118,0,1
30142.1450,210,117,0,1
30142.1617,210,114,0,1
30142.1784,210,101,0,1
30142.1951,226,36,64,1
30142.1951,210,60,0,1
30142.2117,226,25,64,1
30142.2117,210,19,0,1
30142.2284,226,18,64,1
30142.2284,210,0,0,1
30142.2451,226,14,64,1
30142.2617,226,10,64,1
30142.2784,226,2,64,1
30142.2950,226,123,63,1
30142.3117,226,118,63,1
30142.3284,226,114,63,1
30142.3450,226,110,63,1
30142.3617,226,109,63,1
30142.3784,226,108,63,1
30142.4451,226,106,63,1
30142.4616,226,104,63,1
30142.4783,226,101,63,1
30142.5450,226,104,63,1
30142.5617,226,106,63,1
30142.5784,226,110,63,1
30142.5951,226,115,63,1
30142.6117,226,121,63,1
30142.6117,210,3,0,1
30142.6284,226,118,63,1
30142.6284,210,25,0,1
30142.6450,226,119,63,1
30142.6450,210,51,0,1
30142.6617,210,72,0,1
30142.6783,226,124,63,1
30142.6783,210,95,0,1
30142.6950,226,2,64,1
30142.6950,210,114,0,1
30142.7117,226,8,64,1
30142.7117,210,126,0,1
30142.7284,226,14,64,1
30142.7450,226,18,64,1
30142.7450,210,125,0,1
30142.7617,226,21,64,1
30142.7784,226,22,64,1
30142.7950,226,24,64,1
30142.7950,210,124,0,1
30142.8117,226,26,64,1
30142.8283,226,27,64,1
30142.8283,210,123,0,1
30142.8450,226,28,64,1
30142.8616,226,29,64,1
30142.8950,210,122,0,1
30142.9117,210,121,0,1
30142.9283,210,111,0,1
30142.9450,226,27,64,1
30142.9450,210,72,0,1
30142.9617,226,24,64,1
30142.9617,210,28,0,1
30142.9783,226,22,64,1
30142.9783,210,0,0,1
30142.9950,226,24,64,1
30143.0117,226,23,64,1
30143.0283,226,21,64,1
30143.0450,226,18,64,1
30143.0616,226,15,64,1
30143.0783,226,14,64,1
30143.0950,226,12,64,1
30143.1117,226,11,64,1
30143.1283,226,10,64,1
30143.2449,226,9,64,1
30143.2950,226,10,64,1
30143.3117,226,11,64,1
30143.3284,226,13,64,1
30143.3617,226,12,64,1
30143.3784,226,11,64,1
30143.3950,226,7,64,1
30143.4117,226,14,64,1
30143.4117,210,21,0,1
30143.4283,226,20,64,1
30143.4284,210,50,0,1
30143.4450,226,27,64,1
30143.4450,210,81,0,1
30143.4616,226,35,64,1
30143.4616,210,112,0,1
30143.4784,226,42,64,1
30143.4784,210,116,0,1
30143.4950,226,51,64,1
30143.5116,226,56,64,1
30143.5283,226,61,64,1
30143.5283,210,117,0,1
30143.5450,226,66,64,1
30143.5617,226,70,64,1
30143.5783,226,73,64,1
30143.5950,226,75,64,1
30143.6117,226,76,64,1
30143.6283,226,77,64,1
30143.6450,226,79,64,1
30143.6450,210,116,0,1
30143.7284,226,80,64,1
30143.7949,226,81,64,1
30143.8615,226,82,64,1
30143.8615,210,115,0,1
30143.8949,226,83,64,1
30143.9282,226,84,64,1
30143.9282,210,114,0,1
30143.9449,226,85,64,1
30143.9616,226,86,64,1
30143.9616,210,113,0,1
30143.9950,226,87,64,1
30144.0117,226,89,64,1
30144.0117,210,112,0,1
30144.0283,226,91,64,1
30144.0283,210,111,0,1
30144.0450,226,92,64,1
30144.0616,226,96,64,1
30144.0616,210,110,0,1
30144.0783,226,103,64,1
30144.0783,210,107,0,1
30144.0950,226,116,64,1
30144.0950,210,104,0,1
30144.1116,226,9,65,1
30144.1116,210,97,0,1
30144.1283,226,38,65,1
30144.1283,210,89,0,1
30144.1450,226,76,65,1
30144.1450,210,78,0,1
30144.1616,226,118,65,1
30144.1616,210,69,0,1
30144.1783,226,37,66,1
30144.1783,210,59,0,1
30144.1950,226,83,66,1
30144.1950,210,51,0,1
30144.2116,226,124,66,1
30144.2116,210,45,0,1
30144.2283,226,36,67,1
30144.2283,210,39,0,1
30144.2450,226,75,67,1
30144.2450,210,34,0,1
30144.2616,226,110,67,1
30144.2616,210,29,0,1
30144.2783,226,16,68,1
30144.2783,210,25,0,1
30144.2949,226,51,68,1
30144.2949,210,21,0,1
30144.3116,226,84,68,1
30144.3116,210,18,0,1
30144.3284,226,115,68,1
30144.3285,210,16,0,1
30144.3450,226,14,69,1
30144.3450,210,14,0,1
30144.3616,226,34,69,1
30144.3616,210,13,0,1
30144.3783,226,51,69,1
30144.3783,210,12,0,1
30144.3950,226,61,69,1
30144.3950,210,10,0,1
30144.4116,226,69,69,1
30144.4283,226,73,69,1
30144.4283,210,9,0,1
30144.4450,226,75,69,1
30144.4616,226,76,69,1
30144.7117,226,75,69,1
30144.7282,226,72,69,1
30144.7282,210,8,0,1
30144.7448,226,67,69,1
30144.7615,226,56,69,1
30144.7615,210,7,0,1
30144.7783,226,38,69,1
30144.7783,210,3,0,1
30144.7950,226,15,69,1
30144.7950,210,0,0,1
30144.8116,226,121,68,1
30144.8283,226,100,68,1
30144.8449,226,80,68,1
30144.8616,226,64,68,1
30144.8783,226,51,68,1
30144.8949,226,42,68,1
30144.9116,226,35,68,1
30144.9283,226,28,68,1
30144.9449,226,24,68,1
30144.9616,226,20,68,1
30144.9783,226,19,68,1
30144.9950,226,18,68,1
30145.0116,226,17,68,1
30145.1615,226,19,68,1
30145.1782,226,24,68,1
30145.1949,226,29,68,1
30145.2116,226,32,68,1
30145.2283,226,36,68,1
30145.2449,226,42,68,1
30145.2616,226,50,68,1
30145.2616,210,6,0,1
30145.2783,226,62,68,1
30145.2783,210,13,0,1
30145.2951,226,74,68,1
30145.2951,210,19,0,1
30145.3116,226,83,68,1
30145.3116,210,24,0,1
30145.3283,226,88,68,1
30145.3283,210,29,0,1
30145.3449,226,90,68,1
30145.3449,210,32,0,1
30145.3616,226,93,68,1
30145.3616,210,34,0,1
30145.3782,226,95,68,1
30145.3782,210,36,0,1
30145.3950,226,99,68,1
30145.3950,210,38,0,1
30145.4116,226,100,68,1
30145.4116,210,39,0,1
30145.4283,226,102,68,1
30145.4449,226,104,68,1
30145.4449,210,40,0,1
30145.4616,226,105,68,1
30145.5116,226,106,68,1
30145.5448,226,107,68,1
30145.5781,226,108,68,1
30145.6114,226,109,68,1
30145.6948,210,39,0,1
30145.7114,226,105,68,1
30145.7114,210,36,0,1
30145.7282,226,91,68,1
30145.7282,210,31,0,1
30145.7449,226,70,68,1
30145.7449,210,23,0,1
30145.7616,226,44,68,1
30145.7616,210,12,0,1
30145.7782,226,22,68,1
30145.7782,210,2,0,1
30145.7949,226,5,68,1
30145.7949,210,0,0,1
30145.8116,226,120,67,1
30145.8282,226,107,67,1
30145.8449,226,96,67,1
30145.8616,226,87,67,1
30145.8783,226,81,67,1
30145.8949,226,76,67,1
30145.9116,226,74,67,1
30145.9282,226,73,67,1
30145.9782,226,72,67,1
30145.9949,226,71,67,1
30146.0282,226,70,67,1
30146.0449,226,68,67,1
30146.0949,226,74,67,1
30146.1117,226,82,67,1
30146.1282,226,92,67,1
30146.1449,226,99,67,1
30146.1616,226,107,67,1
30146.1616,210,4,0,1
30146.1783,226,115,67,1
30146.1783,210,11,0,1
30146.1949,226,119,67,1
30146.1949,210,18,0,1
30146.2115,226,122,67,1
30146.2115,210,23,0,1
30146.2282,226,125,67,1
30146.2282,210,26,0,1
30146.2449,226,127,67,1
30146.2449,210,28,0,1
30146.2615,210,29,0,1
30146.2782,210,30,0,1
30146.2949,210,32,0,1
30146.3116,210,33,0,1
30146.3282,226,0,68,1
30146.3282,210,34,0,1
30146.3449,210,35,0,1
30146.3615,226,1,68,1
30146.3615,210,36,0,1
30146.3782,210,37,0,1
30146.3949,226,2,68,1
30146.4115,210,38,0,1
30146.5115,210,37,0,1
30146.5282,226,0,68,1
30146.5282,210,36,0,1
30146.5448,226,119,67,1
30146.5448,210,35,0,1
30146.5615,226,95,67,1
30146.5615,210,31,0,1
30146.5782,226,51,67,1
30146.5782,210,24,0,1
30146.5948,226,116,66,1
30146.5948,210,12,0,1
30146.6115,226,50,66,1
30146.6115,210,0,0,1
30146.6282,226,121,65,1
30146.6449,226,74,65,1
30146.6616,226,33,65,1
30146.6782,226,3,65,1
30146.6949,226,111,64,1
30146.7115,226,96,64,1
30146.7282,226,83,64,1
30146.7449,226,73,64,1
30146.7615,226,68,64,1
30146.7782,226,63,64,1
30146.7949,226,58,64,1
30146.8115,226,52,64,1
30146.8282,226,46,64,1
30146.8448,226,42,64,1
30146.8615,226,40,64,1
30146.8782,226,37,64,1
30146.8949,226,34,64,1
30146.9115,226,30,64,1
30146.9282,226,26,64,1
30146.9449,226,20,64,1
30146.9615,226,14,64,1
30146.9782,226,10,64,1
30146.9948,226,6,64,1
30147.0115,226,1,64,1
30147.0282,226,124,63,1
30147.0448,226,116,63,1
30147.0615,226,108,63,1
30147.0782,226,99,63,1
30147.0948,226,91,63,1
30147.1115,226,84,63,1
30147.1282,226,77,63,1
30147.1448,226,73,63,1
30147.2115,226,76,63,1
30147.2282,226,84,63,1
30147.2448,226,92,63,1
30147.2615,226,100,63,1
30147.2782,226,108,63,1
30147.2783,210,3,0,1
30147.2948,226,114,63,1
30147.2948,210,13,0,1
30147.3115,226,116,63,1
30147.3115,210,23,0,1
30147.3282,226,117,63,1
30147.3282,210,32,0,1
30147.3448,226,118,63,1
30147.3448,210,40,0,1
30147.3615,226,119,63,1
30147.3615,210,50,0,1
30147.3782,226,122,63,1
30147.3782,210,63,0,1
30147.3948,226,124,63,1
30147.3948,210,75,0,1
30147.4115,226,0,64,1
30147.4115,210,84,0,1
30147.4282,226,2,64,1
30147.4282,210,91,0,1
30147.4448,226,4,64,1
30147.4448,210,96,0,1
30147.4615,226,5,64,1
30147.4615,210,98,0,1
30147.4781,226,6,64,1
30147.5282,210,93,0,1
30147.5448,210,84,0,1
30147.5614,226,4,64,1
30147.5614,210,74,0,1
30147.5781,226,125,63,1
30147.5781,210,56,0,1
30147.5948,226,116,63,1
30147.5948,210,26,0,1
30147.6115,226,89,63,1
30147.6115,210,0,0,1
30147.6282,226,49,63,1
30147.6449,226,23,63,1
30147.6614,226,123,62,1
30147.6782,226,100,62,1
30147.6948,226,81,62,1
30147.7115,226,69,62,1
30147.7282,226,62,62,1
30147.7448,226,59,62,1
30147.7615,226,57,62,1
30147.7782,226,56,62,1
30147.7948,226,55,62,1
30147.8281,226,54,62,1
30148.0447,226,55,62,1
30148.0613,226,56,62,1
30148.0780,226,57,62,1
30148.1281,226,58,62,1
30148.2281,210,0,0,1
30148.2281,130,84,64,1
30149.7795,227,0,64,1
30149.7795,147,73,120,1
30149.8783,211,0,0,1
30149.8783,131,73,64,1
30150.3626,228,0,64,1
30150.3626,148,74,120,1
30150.3781,228,126,63,1
30150.3781,212,10,0,1
30150.3947,228,127,63,1
30150.3947,212,6,0,1
30150.4117,228,0,64,1
30150.4117,212,0,0,1
30150.4616,228,127,63,1
30150.4781,228,126,63,1
30150.7947,228,125,63,1
30150.9113,212,0,0,1
30150.9113,132,74,64,1
30151.8460,229,0,64,1
30151.8460,149,73,120,1
30152.0116,229,1,64,1
30152.0946,229,0,64,1
30152.4280,213,0,0,1
30152.4281,133,73,64,1
30153.0289,230,0,64,1
30153.0289,150,73,120,1
30153.1448,230,127,63,1
30153.5945,230,0,64,1
30153.6279,230,2,64,1
30153.6446,230,5,64,1
30153.6614,230,8,64,1
30153.6779,230,14,64,1
30153.6946,230,17,64,1
30153.7115,230,19,64,1
30153.7280,230,21,64,1
30153.7446,230,24,64,1
30153.7613,230,25,64,1
30153.7779,230,26,64,1
30153.7946,230,28,64,1
30153.8112,230,31,64,1
30153.8279,230,34,64,1
30153.8446,230,38,64,1
30153.8613,230,41,64,1
30153.8779,230,44,64,1
30153.8946,230,46,64,1
30153.9112,230,47,64,1
30153.9446,230,48,64,1
30153.9612,230,49,64,1
30153.9778,230,51,64,1
30153.9944,230,52,64,1
30154.1112,230,51,64,1
30154.1278,230,47,64,1
30154.1444,230,43,64,1
30154.1612,230,37,64,1
30154.1779,230,26,64,1
30154.1946,230,18,64,1
30154.2112,230,9,64,1
30154.2279,230,4,64,1
30154.2446,230,1,64,1
30154.2612,230,0,64,1
30154.2945,230,127,63,1
30154.3112,230,125,63,1
30154.3279,230,123,63,1
30154.3446,230,121,63,1
30154.4946,230,122,63,1
30154.5112,230,124,63,1
30154.5278,214,0,0,1
30154.5278,134,73,64,1
30220.3858,158,62,23,0
30220.4907,142,62,1,0
30220.7005,145,65,11,0
30220.8357,129,65,1,0
30221.0457,157,69,1,0
30221.1657,141,69,1,0
30221.2930,145,65,44,0
30221.3005,158,62,40,0
30221.3831,142,62,1,0
30221.3979,129,65,1,0
30221.4956,145,65,51,0
30221.5105,158,62,27,0
30221.6157,129,65,1,0
30221.6158,142,62,1,0
30221.7207,158,62,17,0
30221.8557,142,62,1,0
30222.0225,145,65,13,0
30222.0356,158,62,20,0
30222.1332,129,65,1,0
30222.1856,142,62,1,0
30222.3956,158,62,34,0
30222.6357,142,62,1,0
30222.8157,159,66,1,0
30223.0033,143,66,1,0
30223.3267,159,66,1,0
30223.4756,158,62,42,0
30223.5808,143,66,1,0
30223.7008,142,62,1,0
30223.7233,159,72,39,0
30223.8284,143,72,1,0
30224.0908,145,66,1,0
30224.2564,158,62,1,0
30224.5633,142,62,1,0
30224.5633,129,66,1,0
30224.9833,158,62,12,0
30225.1258,142,62,1,0
30225.5833,158,62,38,0
30225.7034,142,62,1,0
30225.8310,158,62,47,0
30225.9058,142,62,1,0
30226.4159,158,62,55,0
30226.5284,142,62,1,0
30226.6485,158,62,61,0
30226.7458,142,62,1,0
30227.0459,158,62,54,0
30227.1509,142,62,1,0
30227.4659,158,62,60,0
30227.7209,142,62,1,0
30228.7334,159,72,90,0
30228.7462,146,67,1,0
30228.7483,147,76,14,0
30228.8309,131,76,1,0
30228.8609,143,72,1,0
30228.8611,130,67,1,0
30229.0484,147,76,1,0
30229.1159,131,76,1,0
30229.7010,159,72,74,0
30229.7907,147,76,1,0
30229.9860,131,76,1,0
30229.9932,143,72,1,0
30230.2258,159,72,46,0
30230.3083,147,76,1,0
30230.3609,230,0,64,0
30230.3682,223,1,0,0
30230.3682,223,0,0,0
30230.4135,131,76,1,0
30230.5710,143,72,1,0
30230.5934,146,67,1,0
30230.8335,157,69,1,0
30230.8784,130,67,1,0
30231.0210,158,71,31,0
30231.0659,141,69,1,0
30231.3210,159,74,1,0
30231.3433,142,71,1,0
30231.5082,145,72,41,0
30231.5234,143,74,1,0
30231.5986,158,71,1,0
30231.6884,129,72,1,0
30231.7782,157,69,1,0
30231.8086,142,71,1,0
30232.0036,141,69,1,0
30232.4836,158,65,27,0
30232.6635,142,65,1,0
30232.8735,159,71,33,0
30232.8959,145,74,26,0
30232.9033,158,65,1,0
30233.0986,143,71,1,0
30233.1510,142,65,1,0
30233.1582,129,74,1,0
30241.1988,159,57,25,0
30241.2212,145,59,1,0
30241.3112,129,59,1,0
30241.3638,143,57,1,0
30241.6489,146,60,8,0
30241.6788,159,57,1,0
30241.8440,143,57,1,0
30241.8440,130,60,1,0
30242.1139,159,57,32,0
30242.2188,145,59,1,0
30242.3239,143,57,1,0
30242.4586,129,59,1,0
30242.5113,146,60,17,0
30242.7298,130,60,1,0
30243.0440,151,41,9,0
30243.0587,150,43,1,0
30243.0736,152,45,5,0
30243.1185,135,41,1,0
30243.2315,134,43,1,0
30243.5989,136,45,1,0
30243.8238,158,65,1,0
30243.8464,159,62,53,0
30243.9064,142,65,1,0
30244.0409,143,62,1,0
30244.2664,159,62,49,0
30244.4989,143,62,1,0
30244.6274,145,64,47,0
30244.8065,129,64,1,0
30245.0540,152,45,19,0
30245.1738,216,13,0,0
30245.1738,216,23,0,0
30245.2040,216,27,0,0
30245.2040,216,26,0,0
30245.2273,216,27,0,0
30245.2411,216,32,0,0
30245.2411,216,36,0,0
30245.2639,216,40,0,0
30245.3014,216,41,0,0
30245.3014,216,42,0,0
30245.3162,216,41,0,0
30245.3389,216,42,0,0
30245.3389,216,46,0,0
30245.3688,216,49,0,0
30245.3688,216,51,0,0
30245.4139,216,50,0,0
30245.4139,216,49,0,0
30245.4297,216,48,0,0
30245.4297,216,46,0,0
30245.4438,216,44,0,0
30245.4738,216,43,0,0
30245.4738,216,42,0,0
30245.4738,216,40,0,0
30245.4888,216,37,0,0
30245.5038,216,33,0,0
30245.5038,216,28,0,0
30245.5339,216,23,0,0
30245.5339,216,15,0,0
30245.5489,216,7,0,0
30245.5562,216,0,0,0
30245.7067,136,45,1,0
30246.1940,145,64,65,0
30246.2990,129,64,1,0
30246.5540,152,45,89,0
30246.8316,136,45,1,0
30246.9590,158,65,52,0
30247.2442,142,65,1,0
30247.3416,159,62,37,0
30248.1966,143,62,1,0
30249.5841,145,67,84,0
30249.8766,129,67,1,0
30250.0041,157,69,1,0
30250.3417,141,69,1,0
30250.6116,158,70,1,0
30250.8517,238,1,64,0
30250.8517,238,17,64,0
30250.8517,238,30,64,0
30250.8517,238,53,64,0
30251.0466,142,70,1,0
30251.1142,155,75,73,0
30251.2342,238,0,64,0
30251.2490,219,2,0,0
30251.2490,219,4,0,0
30251.2490,219,2,0,0
30251.2791,219,0,0,0
30251.3015,219,2,0,0
30251.3164,219,1,0,0
30251.3164,219,0,0,0
30251.3841,219,1,0,0
30251.3990,219,0,0,0
30251.4666,219,6,0,0
30251.4891,219,9,0,0
30251.4891,219,7,0,0
30251.4891,219,0,0,0
30251.6017,235,115,63,0
30251.6166,235,98,63,0
30251.6166,235,86,63,0
30251.6166,235,71,63,0
30251.6166,235,59,63,0
30251.6166,235,58,63,0
30251.6325,235,55,63,0
30251.6325,235,52,63,0
30251.6325,235,45,63,0
30251.6539,235,40,63,0
30251.6539,235,42,63,0
30251.6539,235,31,63,0
30251.6539,235,23,63,0
30251.6689,235,22,63,0
30251.7743,139,75,1,0
30251.9617,156,65,59,0
30252.2239,140,65,1,0
30252.7117,145,67,76,0
30252.9589,129,67,1,0
30253.0414,157,69,91,0
30253.2744,141,69,1,0
30253.7693,158,74,90,0
30253.8967,235,0,64,0
30253.9039,222,1,0,0
30253.9039,222,4,0,0
30253.9190,222,8,0,0
30253.9415,222,10,0,0
30253.9415,222,11,0,0
30253.9641,222,9,0,0
30253.9716,222,2,0,0
30253.9940,222,0,0,0
30254.0543,222,3,0,0
30254.0615,222,0,0,0
30254.3543,142,74,1,0
30255.0816,159,63,36,0
30255.3518,143,63,1,0
30255.9067,156,65,108,0
30256.1769,140,65,1,0
30256.3044,145,67,57,0
30256.4694,129,67,1,0
30256.6943,146,72,75,0
30256.8294,210,2,0,0
30256.8294,210,4,0,0
30256.8517,210,1,0,0
30256.8517,210,0,0,0
30257.3994,130,72,1,0
30257.6919,147,62,87,0
30257.9328,131,62,1,0
30258.0894,148,64,97,0
30258.3594,132,64,1,0
30258.5169,149,66,1,0
30258.7567,133,66,1,0
30258.8994,150,70,75,0
30259.0644,230,7,64,0
30259.0644,230,0,64,0
30259.4845,134,70,1,0
30260.7520,151,41,23,0
30260.8721,215,1,0,0
30260.8868,215,0,0,0
30261.0067,135,41,1,0
30261.0445,152,43,1,0
30261.3301,232,122,63,0
30261.3301,232,98,63,0
30261.3444,153,45,13,0
30261.3668,136,43,1,0
30261.5995,154,47,2,0
30261.6219,137,45,1,0
30261.7495,232,0,64,0
30261.7719,218,4,0,0
30261.7719,218,7,0,0
30261.7719,218,6,0,0
30261.7868,218,5,0,0
30261.7943,218,3,0,0
30261.7943,218,2,0,0
30261.8327,218,0,0,0
30262.3574,138,47,1,0
30262.3945,155,48,1,0
30263.5646,139,48,1,0
30263.6696,147,62,40,0
30263.8120,131,62,1,0
30264.2471,157,69,81,0
30264.6671,141,69,1,0
30264.7271,156,65,54,0
30264.8846,140,65,1,0
30265.0796,153,45,1,0
30265.1397,137,45,1,0
30265.6272,156,65,33,0
30265.6420,147,62,5,0
30265.7471,131,62,1,0
30265.7693,140,65,1,0
30266.1822,147,62,27,0
30266.3171,131,62,1,0
30266.6847,155,48,39,0
30266.6921,151,41,21,0
30266.8272,139,48,1,0
30266.8273,135,41,1,0
30267.0306,151,41,20,0
30267.0595,155,48,14,0
30267.0669,153,45,1,0
30267.1722,137,45,1,0
30267.1796,139,48,1,0
30267.2095,135,41,1,0
30267.5847,151,41,35,0
30267.5922,153,45,35,0
30267.5924,155,48,26,0
30267.7420,139,48,1,0
30267.7720,135,41,1,0
30267.7792,137,45,1,0
30268.1772,148,64,1,0
30268.2822,132,64,1,0
30268.4398,147,62,31,0
30268.6122,131,62,1,0
30268.7622,155,48,85,0
30268.9347,219,2,0,0
30268.9347,219,6,0,0
30268.9420,151,41,1,0
30268.9570,219,10,0,0
30268.9570,219,12,0,0
30268.9870,219,14,0,0
30269.0020,219,7,0,0
30269.0331,219,0,0,0
30269.0922,219,1,0,0
30269.1070,219,0,0,0
30269.2198,235,124,63,0
30269.2797,139,48,1,0
30269.4223,135,41,1,0
30269.7449,145,67,1,0
30269.8273,129,67,1,0
30270.2023,158,74,1,0
30270.3597,142,74,1,0
30270.6597,158,74,40,0
30270.8248,142,74,1,0
30271.0948,159,40,55,0
30271.1019,154,47,15,0
30271.1998,138,47,1,0
30271.2146,143,40,8,0
30271.3198,159,40,32,0
30271.3422,154,47,38,0
30271.5148,138,47,1,0
30271.5297,143,40,9,0
30271.7998,146,72,54,0
30271.8374,147,79,41,0
30271.9874,130,72,1,0
30272.2049,131,79,1,0
30272.2724,148,76,9,0
30272.3022,154,47,48,0
30272.3173,153,45,18,0
30272.4374,152,43,1,0
30272.5498,132,76,1,0
30272.6324,158,74,1,0
30272.6397,138,47,1,0
30272.6400,137,45,1,0
30272.7072,235,0,64,0
30272.7221,155,48,1,0
30272.7598,136,43,1,0
30272.8423,156,71,1,0
30272.8722,142,74,1,0
30272.9248,157,50,31,0
30272.9624,139,48,1,0
30273.0374,232,119,63,0
30273.0374,232,118,63,0
30273.0522,232,0,64,0
30273.0596,221,5,0,0
30273.0596,221,11,0,0
30273.0895,221,12,0,0
30273.0895,221,10,0,0
30273.1047,140,71,1,0
30273.1121,221,3,0,0
30273.1344,221,5,0,0
30273.1344,221,9,0,0
30273.1344,221,12,0,0
30273.1497,221,11,0,0
30273.1497,221,10,0,0
30273.1798,221,7,0,0
30273.1798,221,1,0,0
30273.1947,221,0,0,0
30273.2623,153,45,24,0
30273.2774,154,47,57,0
30273.2775,141,50,2,0
30273.5999,152,43,26,0
30273.6224,138,47,1,0
30273.6673,137,45,2,0
30273.6749,155,48,20,0
30273.8924,139,48,1,0
30273.9974,136,43,1,0
30274.0283,157,50,6,0
30274.0724,158,65,1,0
30274.2224,141,50,1,0
30274.2307,142,65,1,0
30274.5149,159,62,74,0
30274.6649,143,62,1,0
30274.9500,145,59,40,0
30275.0325,146,52,16,0
30275.0549,129,59,1,0
30275.1826,130,52,1,0
30275.3700,147,57,80,0
30275.5125,131,57,1,0
30275.6025,146,52,8,0
30275.7375,130,52,1,0
30275.8200,147,57,51,0
30276.0150,131,57,1,0
30276.1200,157,50,3,0
30276.1649,152,43,1,0
30276.2474,221,6,0,0
30276.2623,221,8,0,0
30276.2850,221,6,0,0
30276.2850,221,1,0,0
30276.2997,221,0,0,0
30276.5100,136,43,1,0
30276.5173,141,50,1,0
30276.6900,153,60,51,0
30276.8250,137,60,5,0
30276.9975,153,60,46,0
30277.0422,154,47,45,0
30277.0800,137,60,1,0
30277.2000,138,47,1,0
30277.2900,145,59,42,0
30277.4475,154,47,2,0
30277.4548,129,59,1,0
30277.4775,155,48,29,0
30277.5073,138,47,15,0
30277.6950,147,57,75,0
30277.7475,139,48,1,0
30277.8525,131,57,1,0
30277.8598,157,50,4,0
30278.1000,141,50,5,0
30278.2423,158,53,21,0
30278.4826,142,53,1,0
30278.6026,159,40,67,0
30278.9701,143,40,7,0
30279.0525,145,55,46,0
30279.0601,147,57,10,0
30279.3751,131,57,1,0
30279.3823,129,55,1,0
30279.5251,159,40,37,0
30279.5625,155,48,20,0
30279.5775,154,47,1,0
30279.6825,138,47,1,0
30279.7202,139,48,1,0
30279.7573,143,40,1,0
30280.0352,155,58,17,0
30280.2001,139,58,1,0
30280.4552,145,55,53,0
30280.4621,155,58,22,0
30280.7702,139,58,1,0
30280.7850,129,55,1,0
30280.9501,145,55,43,0
30281.0776,129,55,1,0
30281.1976,155,58,14,0
30281.2050,145,55,42,0
30281.2876,139,58,1,0
30281.3025,129,55,1,0
30281.6852,145,55,44,0
30281.6924,155,58,9,0
30281.8424,139,58,1,0
30281.8801,129,55,1,0
30282.5702,156,59,45,0
30282.6903,140,59,1,0
30283.0053,157,39,1,0
30283.0127,156,59,9,0
30283.0425,158,68,63,0
30283.0651,154,47,1,0
30283.0800,155,44,1,0
30283.2152,139,44,1,0
30283.2601,141,39,1,0
30283.2675,138,47,1,0
30283.3052,142,68,1,0
30283.3502,140,59,1,0
30283.5977,157,39,13,0
30283.6050,156,59,14,0
30283.7177,141,39,8,0
30283.7401,140,59,1,0
30283.8675,156,59,34,0
30283.8977,154,47,2,0
30283.9127,157,39,1,0
30283.9652,141,39,1,0
30283.9953,138,47,1,0
30284.0177,140,59,1,0
30284.2353,154,47,26,0
30284.2427,156,59,48,0
30284.2429,155,44,1,0
30284.2801,158,68,1,0
30284.4453,159,38,1,0
30284.5353,139,44,1,0
30284.5353,143,38,1,0
30284.5878,138,47,1,0
30284.5878,142,68,1,0
30284.5951,140,59,1,0
30285.0678,145,40,19,0
30285.0751,154,47,28,0
30285.2778,129,40,1,0
30285.2850,138,47,1,0
30285.6312,151,41,53,0
30285.6978,152,48,11,0
30285.8853,153,71,20,0
30285.8928,135,41,1,0
30285.9151,136,48,1,0
30285.9678,154,65,1,0
30286.1554,155,45,26,0
30286.1626,137,71,1,0
30286.1700,156,43,18,0
30286.2228,138,65,1,0
30286.2376,152,48,13,0
30286.4403,151,41,1,0
30286.4779,136,48,1,0
30286.4925,140,43,7,0
30286.5000,139,45,16,0
30286.5226,152,47,3,0
30286.6052,154,65,1,0
30286.7028,136,47,3,0
30286.7337,231,101,63,0
30286.7337,231,69,63,0
30286.7628,135,41,1,0
30286.7631,155,62,71,0
30286.8453,138,65,1,0
30287.0179,156,50,1,0
30287.0404,157,48,1,0
30287.1679,151,41,7,0
30287.2203,139,62,1,0
30287.2353,141,48,1,0
30287.2355,140,50,8,0
30287.2725,152,45,20,0
30287.2877,153,43,1,0
30287.3777,231,0,64,0
30287.3851,231,95,63,0
30287.3851,231,59,63,0
30287.3851,216,4,0,0
30287.4227,216,6,0,0
30287.4227,216,4,0,0
30287.4453,216,0,0,0
30287.4453,233,111,63,0
30287.4677,233,83,63,0
30287.4677,233,63,63,0
30287.5128,135,41,1,0
30287.5200,137,43,1,0
30287.7076,155,62,47,0
30287.7829,136,45,1,0
30288.0603,157,48,82,0
30288.1428,139,62,1,0
30288.1802,231,0,64,0
30288.1802,233,0,64,0
30288.1951,221,7,0,0
30288.2176,221,16,0,0
30288.2176,221,22,0,0
30288.2176,221,23,0,0
30288.2251,221,19,0,0
30288.2251,221,12,0,0
30288.2476,221,5,0,0
30288.2701,221,1,0,0
30288.2701,221,0,0,0
30288.2701,221,1,0,0
30288.2928,221,5,0,0
30288.2928,221,11,0,0
30288.3311,221,16,0,0
30288.3376,221,19,0,0
30288.3376,221,18,0,0
30288.3601,221,17,0,0
30288.4128,221,15,0,0
30288.4353,221,14,0,0
30288.4353,221,13,0,0
30288.4503,221,12,0,0
30288.4503,221,9,0,0
30288.4652,221,6,0,0
30288.4952,221,0,0,0
30288.5778,158,67,1,0
30288.6980,141,48,1,0
30288.9004,152,45,34,0
30288.9529,142,67,1,0
30289.0288,216,4,0,0
30289.0726,216,1,0,0
30289.0726,216,0,0,0
30289.2454,153,71,31,0
30289.2527,136,45,1,0
30289.3654,217,1,0,0
30289.3654,217,0,0,0
30289.4479,217,4,0,0
30289.4479,217,0,0,0
30289.4778,151,41,62,0
30289.5451,137,71,1,0
30289.6053,215,11,0,0
30289.6204,215,19,0,0
30289.6204,215,13,0,0
30289.6204,215,16,0,0
30289.6428,215,12,0,0
30289.6652,215,4,0,0
30289.6652,215,0,0,0
30289.6879,152,43,13,0
30289.8380,158,67,59,0
30289.8602,135,41,1,0
30289.8749,232,118,63,0
30289.8827,232,111,63,0
30289.8827,232,103,63,0
30289.8827,232,98,63,0
30289.8827,232,101,63,0
30289.8827,232,107,63,0
30289.8830,159,45,20,0
30289.8978,232,106,63,0
30289.8978,232,102,63,0
30289.9353,136,43,1,0
30290.0855,142,67,1,0
30290.1003,145,47,31,0
30290.1005,143,45,1,0
30290.1313,154,65,1,0
30290.3030,129,47,1,0
30290.3340,155,64,39,0
30290.3628,157,48,36,0
30290.3630,138,65,1,0
30290.4830,232,0,64,0
30290.4978,221,1,0,0
30290.4978,221,0,0,0
30290.5729,139,64,1,0
30290.6029,151,41,37,0
30290.6705,141,48,1,0
30290.7314,215,1,0,0
30290.7314,215,0,0,0
30290.8055,152,72,43,0
30290.9180,153,43,14,0
30290.9706,135,41,1,0
30291.0754,159,45,18,0
30291.0827,136,72,1,0
30291.1288,233,119,63,0
30291.1428,145,71,1,0
30291.1652,137,43,1,0
30291.2705,129,71,1,0
30291.3155,143,45,1,0
30291.3156,146,47,12,0
30291.5255,130,47,1,0
30291.5478,157,48,34,0
30291.7505,151,41,22,0
30291.8105,141,48,1,0
30291.8479,153,43,59,0
30292.0055,159,45,71,0
30292.0207,135,41,1,0
30292.0881,233,0,64,0
30292.1103,233,125,63,0
30292.1103,233,122,63,0
30292.1103,233,104,63,0
30292.1253,223,10,0,0
30292.1400,223,15,0,0
30292.1477,137,43,1,0
30292.1702,223,12,0,0
30292.1702,233,0,64,0
30292.1702,223,3,0,0
30292.1702,223,0,0,0
30292.2230,146,47,38,0
30292.2528,143,45,8,0
30292.4105,157,48,55,0
30292.4405,130,47,1,0
30292.5381,221,6,0,0
30292.5381,221,12,0,0
30292.5381,221,17,0,0
30292.5601,221,19,0,0
30292.5753,221,12,0,0
30292.5977,221,2,0,0
30292.5977,221,0,0,0
30292.6580,221,2,0,0
30292.6580,221,1,0,0
30292.6727,221,0,0,0
30292.8315,154,65,1,0
30292.8680,141,48,1,0
30292.9805,138,65,1,0
30293.1315,154,65,52,0
30293.2805,138,65,1,0
30293.7005,154,65,1,0
30293.8056,138,65,1,0
30293.9181,154,65,54,0
30294.1506,138,65,1,0
30294.2556,155,69,74,0
30294.7056,235,80,63,0
30294.7056,219,13,0,0
30294.7056,235,41,63,0
30294.7056,235,19,63,0
30294.7281,235,21,63,0
30294.7281,219,19,0,0
30294.7281,235,39,63,0
30294.7281,235,120,62,0
30294.7282,235,6,63,0
30294.7282,235,121,62,0
30294.7431,219,18,0,0
30294.7431,235,124,62,0
30294.7431,235,126,62,0
30294.7503,219,20,0,0
30294.7503,235,15,63,0
30294.7728,235,45,63,0
30294.7728,219,22,0,0
30294.7728,235,76,63,0
30294.7728,235,117,63,0
30294.7728,235,0,64,0
30294.7729,219,23,0,0
30294.7729,219,26,0,0
30294.7955,219,20,0,0
30294.8104,219,9,0,0
30294.8340,219,2,0,0
30294.8340,235,2,64,0
30294.8340,235,53,64,0
30294.8340,219,0,0,0
30294.8340,235,106,64,0
30294.8340,235,23,65,0
30294.8479,235,42,65,0
30294.9906,219,5,0,0
30294.9906,219,14,0,0
30295.0051,219,20,0,0
30295.0206,219,25,0,0
30295.0206,219,29,0,0
30295.0505,219,31,0,0
30295.0505,219,33,0,0
30295.0580,219,32,0,0
30295.0728,219,30,0,0
30295.0728,219,28,0,0
30295.1029,219,26,0,0
30295.1029,219,22,0,0
30295.1179,219,20,0,0
30295.1253,219,18,0,0
30295.1480,219,17,0,0
30295.1628,219,15,0,0
30295.1628,219,14,0,0
30295.1779,219,13,0,0
30295.2078,219,14,0,0
30295.2226,219,15,0,0
30295.2451,219,16,0,0
30295.2451,219,17,0,0
30295.2680,219,16,0,0
30295.3131,219,18,0,0
30295.3580,219,16,0,0
30295.3580,219,14,0,0
30295.3730,219,11,0,0
30295.3730,219,6,0,0
30295.3878,219,0,0,0
30295.4555,139,69,1,0
30295.8606,155,69,1,0
30295.9806,235,0,64,0
30296.0031,219,4,0,0
30296.0031,219,11,0,0
30296.0031,219,17,0,0
30296.0031,219,23,0,0
30296.0254,219,27,0,0
30296.0404,219,29,0,0
30296.0630,219,27,0,0
30296.0630,219,23,0,0
30296.0780,219,20,0,0
30296.0928,219,17,0,0
30296.1155,219,16,0,0
30296.1155,219,17,0,0
30296.1531,219,15,0,0
30296.1531,219,14,0,0
30296.2131,219,13,0,0
30296.2131,219,12,0,0
30296.2354,219,9,0,0
30296.2354,219,5,0,0
30296.2658,219,2,0,0
30296.2658,219,0,0,0
30296.2658,219,1,0,0
30296.3030,219,0,0,0
30296.3254,219,6,0,0
30296.3254,219,13,0,0
30296.3402,219,14,0,0
30296.3779,219,16,0,0
30296.3779,235,15,64,0
30296.3779,235,42,64,0
30296.3779,219,20,0,0
30296.3779,235,74,64,0
30296.3779,235,103,64,0
30296.3779,219,21,0,0
30296.3929,235,11,65,0
30296.3929,235,42,65,0
30296.3929,219,23,0,0
30296.4080,219,29,0,0
30296.4314,219,36,0,0
30296.4454,219,41,0,0
30296.4454,219,36,0,0
30296.4454,219,34,0,0
30296.4754,219,33,0,0
30296.4980,219,36,0,0
30296.4980,219,41,0,0
30296.5355,219,47,0,0
30296.5355,219,52,0,0
30296.5355,219,55,0,0
30296.5503,219,53,0,0
30296.5654,219,51,0,0
30296.5654,219,46,0,0
30296.5955,219,41,0,0
30296.5955,219,38,0,0
30296.6104,219,36,0,0
30296.6406,219,34,0,0
30296.6406,219,32,0,0
30296.6406,219,28,0,0
30296.6631,219,22,0,0
30296.6631,219,14,0,0
30296.7006,219,5,0,0
30296.7079,219,0,0,0
30296.7530,139,69,1,0
30297.1732,158,67,1,0
30297.3382,235,0,64,0
30297.3530,238,4,64,0
30297.3530,238,17,64,0
30297.3604,238,37,64,0
30297.3604,238,53,64,0
30297.3604,238,67,64,0
30297.3604,238,75,64,0
30297.3604,238,81,64,0
30297.3605,238,72,64,0
30297.3605,238,81,64,0
30297.3832,238,87,64,0
30297.3832,238,88,64,0
30297.3832,238,86,64,0
30297.3832,238,91,64,0
30297.3832,238,101,64,0
30297.3979,238,105,64,0
30297.3980,238,110,64,0
30297.3980,238,112,64,0
30297.4130,238,113,64,0
30297.4130,238,117,64,0
30297.4130,238,121,64,0
30297.4430,238,122,64,0
30297.4430,238,127,64,0
30297.4430,222,5,0,0
30297.4430,238,125,64,0
30297.4430,238,124,64,0
30297.4430,222,12,0,0
30297.4431,238,2,65,0
30297.4504,238,126,64,0
30297.4504,222,19,0,0
30297.4504,238,123,64,0
30297.4654,238,127,64,0
30297.4654,222,24,0,0
30297.4654,238,122,64,0
30297.4654,238,115,64,0
30297.4877,222,26,0,0
30297.4877,238,110,64,0
30297.4877,238,105,64,0
30297.4877,222,27,0,0
30297.4877,238,96,64,0
30297.4877,238,98,64,0
30297.5029,222,25,0,0
30297.5029,238,90,64,0
30297.5029,238,79,64,0
30297.5029,222,24,0,0
30297.5179,238,72,64,0
30297.5179,238,75,64,0
30297.5179,222,23,0,0
30297.5405,238,67,64,0
30297.5405,238,60,64,0
30297.5405,238,50,64,0
30297.5405,222,21,0,0
30297.5405,238,42,64,0
30297.5405,238,35,64,0
30297.5554,222,16,0,0
30297.5554,238,27,64,0
30297.5554,238,24,64,0
30297.5705,222,9,0,0
30297.5705,238,12,64,0
30297.5705,238,7,64,0
30297.5705,238,5,64,0
30297.5705,222,0,0,0
30297.5779,238,7,64,0
30297.5779,238,6,64,0
30297.6080,238,0,64,0
30297.7807,142,67,1,0
30298.0807,155,69,34,0
30298.2008,219,1,0,0
30298.2008,235,24,64,0
30298.2008,235,69,64,0
30298.2080,219,4,0,0
30298.2080,235,125,64,0
30298.2080,235,42,65,0
30298.2080,219,0,0,0
30298.2456,219,1,0,0
30298.2530,219,4,0,0
30298.2530,219,6,0,0
30298.2530,219,12,0,0
30298.2757,219,25,0,0
30298.2757,219,39,0,0
30298.2981,235,29,65,0
30298.2981,219,52,0,0
30298.2981,235,8,65,0
30298.2981,235,115,64,0
30298.2981,219,60,0,0
30298.2981,235,97,64,0
30298.3130,235,80,64,0
30298.3130,235,65,64,0
30298.3130,219,64,0,0
30298.3130,235,49,64,0
30298.3283,235,34,64,0
30298.3283,219,60,0,0
30298.3283,235,22,64,0
30298.3283,235,15,64,0
30298.3505,219,54,0,0
30298.3505,235,17,64,0
30298.3505,235,33,64,0
30298.3505,219,47,0,0
30298.3505,235,55,64,0
30298.3505,235,81,64,0
30298.3654,219,42,0,0
30298.3654,235,106,64,0
30298.3730,235,2,65,0
30298.3730,235,25,65,0
30298.3730,219,39,0,0
30298.3730,235,42,65,0
30298.3730,219,38,0,0
30298.4106,219,39,0,0
30298.4106,219,40,0,0
30298.4180,219,42,0,0
30298.4557,219,43,0,0
30298.4705,219,42,0,0
30298.4855,219,40,0,0
30298.5080,219,39,0,0
30298.5080,219,38,0,0
30298.5080,219,36,0,0
30298.5314,219,34,0,0
30298.5606,219,31,0,0
30298.5606,219,27,0,0
30298.5606,219,22,0,0
30298.5830,219,15,0,0
30298.5830,235,26,65,0
30298.5830,235,125,64,0
30298.5980,219,7,0,0
30298.5980,235,93,64,0
30298.5980,235,57,64,0
30298.5980,219,0,0,0
30298.6205,235,22,64,0
30298.6205,235,0,64,0
30298.6506,235,125,63,0
30298.6506,235,73,63,0
30298.6506,235,29,63,0
30298.6731,219,4,0,0
30298.6731,235,116,62,0
30298.6731,235,85,62,0
30298.6731,219,8,0,0
30298.6956,219,10,0,0
30298.7255,219,9,0,0
30298.7255,219,5,0,0
30298.7255,235,116,62,0
30298.7255,235,48,63,0
30298.7255,219,0,0,0
30298.7404,235,105,63,0
30298.7404,235,0,64,0
30298.7780,235,40,64,0
30298.7780,235,107,64,0
30298.7780,235,41,65,0
30298.7780,235,42,65,0
30298.8381,235,23,65,0
30298.8381,235,124,64,0
30298.8381,235,83,64,0
30298.8456,235,42,64,0
30298.8456,235,3,64,0
30298.8456,235,0,64,0
30298.8906,235,112,63,0
30298.8906,235,45,63,0
30298.8906,235,113,62,0
30298.8979,219,4,0,0
30298.8979,235,85,62,0
30298.9132,219,14,0,0
30298.9132,219,28,0,0
30298.9431,219,30,0,0
30298.9431,219,21,0,0
30298.9579,219,15,0,0
30298.9654,219,16,0,0
30298.9880,219,21,0,0
30298.9880,219,28,0,0
30298.9880,219,35,0,0
30299.0106,235,16,63,0
30299.0179,219,17,0,0
30299.0180,235,90,63,0
30299.0180,235,0,64,0
30299.0180,219,1,0,0
30299.0481,219,0,0,0
30299.0481,235,10,64,0
30299.0481,235,85,64,0
30299.0481,235,110,64,0
30299.0481,235,124,64,0
30299.0555,235,42,65,0
30299.1235,235,109,64,0
30299.1235,235,44,64,0
30299.1235,235,9,64,0
30299.1532,235,0,64,0
30299.1680,219,15,0,0
30299.1680,235,118,63,0
30299.1754,219,26,0,0
30299.1754,235,48,63,0
30299.1754,235,106,62,0
30299.1754,235,85,62,0
30299.1754,219,27,0,0
30299.2054,219,32,0,0
30299.2054,219,37,0,0
30299.2205,219,23,0,0
30299.2355,219,19,0,0
30299.2580,219,24,0,0
30299.2580,219,28,0,0
30299.2580,219,29,0,0
30299.2805,219,27,0,0
30299.2805,219,31,0,0
30299.3107,235,109,62,0
30299.3107,219,45,0,0
30299.3107,235,48,63,0
30299.3107,235,0,64,0
30299.3107,219,22,0,0
30299.3107,219,9,0,0
30299.3257,235,18,64,0
30299.3257,219,0,0,0
30299.3257,235,98,64,0
30299.3257,235,17,65,0
30299.3554,235,37,65,0
30299.3554,235,42,65,0
30299.3931,139,69,1,0
30299.6632,145,71,51,0
30299.7907,235,0,64,0
30299.7982,209,7,0,0
30299.7982,209,16,0,0
30299.7982,209,20,0,0
30299.8130,209,25,0,0
30299.8432,209,20,0,0
30299.8432,209,26,0,0
30299.8432,209,18,0,0
30299.8580,209,5,0,0
30299.8580,225,57,64,0
30299.8580,225,125,64,0
30299.8580,209,0,0,0
30299.8730,225,42,65,0
30299.9933,209,10,0,0
30299.9933,225,32,65,0
30299.9933,225,101,64,0
30299.9933,209,34,0,0
30299.9933,225,25,64,0
30299.9933,225,0,64,0
30300.0080,209,50,0,0
30300.0080,209,58,0,0
30300.0232,209,62,0,0
30300.0232,209,63,0,0
30300.0607,209,67,0,0
30300.0607,225,112,63,0
30300.0607,209,65,0,0
30300.0607,225,83,63,0
30300.0607,225,66,63,0
30300.0607,225,53,63,0
30300.0680,209,62,0,0
30300.0680,225,42,63,0
30300.0680,225,50,63,0
30300.0831,209,64,0,0
30300.0831,225,53,63,0
30300.0831,225,65,63,0
30300.0831,209,66,0,0
30300.1056,225,80,63,0
30300.1056,225,116,63,0
30300.1056,209,63,0,0
30300.1056,225,0,64,0
30300.1056,209,61,0,0
30300.1205,209,60,0,0
30300.1356,209,53,0,0
30300.1579,209,36,0,0
30300.1579,225,31,64,0
30300.1579,225,114,64,0
30300.1579,209,23,0,0
30300.1579,225,42,65,0
30300.1579,209,13,0,0
30300.1806,209,0,0,0
30300.2783,209,15,0,0
30300.2783,225,36,65,0
30300.2783,209,37,0,0
30300.2931,225,102,64,0
30300.3156,225,47,64,0
30300.3156,209,56,0,0
30300.3156,225,1,64,0
30300.3156,225,0,64,0
30300.3156,209,65,0,0
30300.3156,209,69,0,0
30300.3457,209,68,0,0
30300.3457,209,69,0,0
30300.3682,225,94,63,0
30300.3682,225,53,63,0
30300.3682,209,63,0,0
30300.3682,225,32,63,0
30300.3682,225,9,63,0
30300.3682,209,55,0,0
30300.3682,225,7,63,0
30300.3832,225,126,62,0
30300.3832,209,48,0,0
30300.3832,225,5,63,0
30300.3832,225,20,63,0
30300.3982,225,30,63,0
30300.3982,209,43,0,0
30300.3982,225,52,63,0
30300.3982,225,77,63,0
30300.4206,209,39,0,0
30300.4206,225,110,63,0
30300.4206,225,0,64,0
30300.4206,209,35,0,0
30300.4356,209,32,0,0
30300.4357,209,29,0,0
30300.4506,209,16,0,0
30300.4806,209,0,0,0
30300.5031,129,71,1,0
30300.7433,152,72,47,0
30300.9233,232,32,64,0
30300.9233,232,78,64,0
30300.9233,232,110,64,0
30300.9381,232,37,65,0
30300.9608,232,42,65,0
30301.0433,216,15,0,0
30301.0433,232,19,65,0
30301.0433,232,122,64,0
30301.0733,216,36,0,0
30301.0733,232,98,64,0
30301.0733,232,69,64,0
30301.0733,216,54,0,0
30301.0805,232,33,64,0
30301.0805,232,10,64,0
30301.0805,216,63,0,0
30301.0805,232,0,64,0
30301.0805,216,65,0,0
30301.1256,216,66,0,0
30301.1256,216,65,0,0
30301.1407,232,11,64,0
30301.1407,232,22,64,0
30301.1407,216,63,0,0
30301.1407,232,39,64,0
30301.1556,232,53,64,0
30301.1556,216,60,0,0
30301.1556,232,67,64,0
30301.1556,232,82,64,0
30301.1781,216,55,0,0
30301.1781,232,99,64,0
30301.1781,232,116,64,0
30301.1781,216,50,0,0
30301.1781,232,127,64,0
30301.1781,232,10,65,0
30301.1781,216,45,0,0
30301.1781,232,16,65,0
30301.1931,232,20,65,0
30301.2005,232,24,65,0
30301.2005,216,40,0,0
30301.2005,232,30,65,0
30301.2005,232,34,65,0
30301.2005,216,36,0,0
30301.2005,232,37,65,0
30301.2317,232,38,65,0
30301.2317,216,33,0,0
30301.2317,232,40,65,0
30301.2317,232,39,65,0
30301.2317,232,41,65,0
30301.2317,232,39,65,0
30301.2531,232,38,65,0
30301.2531,232,35,65,0
30301.2531,216,32,0,0
30301.2531,232,33,65,0
30301.2753,232,30,65,0
30301.2753,216,30,0,0
30301.2753,232,25,65,0
30301.2753,232,21,65,0
30301.2753,216,27,0,0
30301.2753,232,15,65,0
30301.2753,232,10,65,0
30301.2904,216,21,0,0
30301.2904,232,9,65,0
30301.2904,232,12,65,0
30301.2980,216,9,0,0
30301.2980,232,127,64,0
30301.2980,232,115,64,0
30301.2980,232,97,64,0
30301.3131,216,0,0,0
30301.3131,232,80,64,0
30301.3131,232,38,64,0
30301.3356,232,0,64,0
30301.3430,136,72,1,0
30301.5608,153,74,72,0
30301.8318,137,74,1,0
30301.9209,155,69,49,0
30302.1458,139,69,1,0
30302.3258,155,69,52,0
30302.5057,139,69,1,0
30302.6634,156,77,59,0
30302.7833,220,1,0,0
30302.8133,220,0,0,0
30303.0008,140,77,1,0
30303.0534,148,76,24,0
30303.3835,153,74,33,0
30303.3835,132,76,1,0
30303.6908,137,74,1,0
30303.7584,155,69,1,0
30303.9984,139,69,1,0
30304.1484,151,41,83,0
30304.3659,215,1,0,0
30304.4335,215,0,0,0
30304.4407,215,1,0,0
30304.4407,215,0,0,0
30304.5083,215,1,0,0
30304.5083,215,3,0,0
30304.5384,215,5,0,0
30304.5683,215,3,0,0
30304.5683,215,2,0,0
30304.5984,215,1,0,0
30304.6204,215,0,0,0
30304.9210,135,41,1,0
30305.2508,153,74,62,0
30305.2734,152,72,21,0
30305.3784,136,72,1,0
30305.4083,137,74,1,0
30305.5659,155,69,61,0
30305.5734,153,74,53,0
30305.7459,139,69,1,0
30305.8360,137,74,1,0
30305.9109,157,48,61,0
30305.9259,151,41,18,0
30305.9408,159,45,40,0
30306.0835,237,127,63,0
30306.0835,237,108,63,0
30306.0983,237,103,63,0
30306.0983,237,101,63,0
30306.1285,237,97,63,0
30306.1285,237,91,63,0
30306.1285,237,84,63,0
30306.1285,237,75,63,0
30306.1434,237,71,63,0
30306.1434,237,72,63,0
30306.1883,141,48,1,0
30306.2183,143,45,1,0
30306.3084,135,41,1,0
30306.3759,155,69,65,0
30306.3759,153,74,37,0
30306.3909,151,41,1,0
30306.5485,237,0,64,0
30306.5633,217,1,0,0
30306.5633,217,0,0,0
30306.5784,135,41,1,0
30306.6007,139,69,1,0
30306.7659,137,74,1,0
30306.8635,151,41,27,0
30306.8635,157,48,38,0
30307.0435,141,48,1,0
30307.2383,157,48,1,0
30307.2835,159,45,1,0
30307.2983,145,43,1,0
30307.3294,153,74,38,0
30307.4185,223,4,0,0
30307.4334,141,48,1,0
30307.4556,223,10,0,0
30307.4556,223,19,0,0
30307.4783,223,23,0,0
30307.4786,135,41,1,0
30307.4932,223,18,0,0
30307.5234,223,13,0,0
30307.5234,223,9,0,0
30307.5235,129,43,1,0
30307.5457,223,8,0,0
30307.5682,152,72,29,0
30307.5758,223,10,0,0
30307.5758,223,13,0,0
30307.5758,223,15,0,0
30307.6055,223,14,0,0
30307.6208,137,74,1,0
30307.6355,223,10,0,0
30307.6355,223,8,0,0
30307.6507,223,6,0,0
30307.6731,223,4,0,0
30307.6731,223,0,0,0
30307.7334,216,2,0,0
30307.7334,216,10,0,0
30307.7483,216,9,0,0
30307.7633,216,3,0,0
30307.7783,146,47,45,0
30307.8158,143,45,16,0
30307.9058,151,41,1,0
30307.9510,156,77,12,0
30308.0560,136,72,1,0
30308.0707,216,0,0,0
30308.0783,215,8,0,0
30308.1084,215,0,0,0
30308.1085,130,47,1,0
30308.1685,145,43,1,0
30308.1759,159,45,6,0
30308.1832,140,77,1,0
30308.1983,153,74,1,0
30308.3186,231,126,63,0
30308.3186,231,110,63,0
30308.3186,217,3,0,0
30308.3186,231,104,63,0
30308.3485,217,10,0,0
30308.3710,217,11,0,0
30308.3710,223,6,0,0
30308.4162,223,7,0,0
30308.4162,217,12,0,0
30308.4233,223,5,0,0
30308.4233,217,14,0,0
30308.4458,223,3,0,0
30308.4458,217,16,0,0
30308.4608,135,41,1,0
30308.4758,223,5,0,0
30308.4758,231,0,64,0
30308.4758,217,17,0,0
30308.4758,223,6,0,0
30308.4758,217,14,0,0
30308.4983,223,4,0,0
30308.4983,217,10,0,0
30308.5293,223,3,0,0
30308.5293,217,7,0,0
30308.5293,223,1,0,0
30308.5293,217,9,0,0
30308.5508,217,7,0,0
30308.5808,217,8,0,0
30308.5959,223,2,0,0
30308.5959,217,5,0,0
30308.6183,223,3,0,0
30308.6183,217,1,0,0
30308.6405,223,1,0,0
30308.6405,217,0,0,0
30308.6405,223,0,0,0
30308.6556,129,43,1,0
30308.9261,143,45,1,0
30308.9409,137,74,1,0
30310.0811,155,69,92,0
30310.1560,139,69,1,0
30310.4111,155,69,77,0
30310.5011,139,69,1,0
30310.7636,155,69,56,0
30310.9136,139,69,1,0
30311.0037,156,64,67,0
30311.1461,140,64,1,0
30311.3411,151,41,84,0
30311.6786,135,41,1,0
30311.6859,152,62,27,0
30311.9186,136,62,1,0
30312.1136,145,43,29,0
30312.2862,225,114,63,0
30312.2862,225,112,63,0
30312.2862,225,111,63,0
30312.3012,159,45,1,0
30312.3085,225,106,63,0
30312.3085,225,111,63,0
30312.3085,225,101,63,0
30312.3085,225,104,63,0
30312.3085,225,111,63,0
30312.3251,225,110,63,0
30312.3251,225,105,63,0
30312.3687,129,43,1,0
30312.4211,225,0,64,0
30312.4362,223,3,0,0
30312.4362,223,6,0,0
30312.4362,223,4,0,0
30312.4660,223,3,0,0
30312.4734,223,4,0,0
30312.4734,223,0,0,0
30312.5346,223,3,0,0
30312.5409,223,0,0,0
30312.6312,146,47,43,0
30312.6607,143,45,18,0
30312.7586,154,65,51,0
30312.8487,138,65,1,0
30312.8712,210,2,0,0
30312.8937,210,3,0,0
30312.8937,210,2,0,0
30312.9235,210,0,0,0
30312.9610,210,1,0,0
30312.9610,210,2,0,0
30312.9837,210,3,0,0
30313.0060,210,2,0,0
30313.0060,210,1,0,0
30313.0060,210,0,0,0
30313.0661,156,64,73,0
30313.1411,140,64,1,0
30313.1861,226,127,63,0
30313.1862,226,125,63,0
30313.1862,226,120,63,0
30313.2085,226,118,63,0
30313.2610,130,47,1,0
30313.4187,157,50,28,0
30313.5987,141,50,10,0
30313.6887,157,50,87,0
30313.8238,141,50,11,0
30314.0112,151,41,27,0
30314.0345,145,43,3,0
30314.0345,146,60,54,0
30314.1613,129,43,1,0
30314.1613,130,60,1,0
30314.1760,135,41,5,0
30314.3346,159,45,77,0
30314.4087,146,60,51,0
30314.5812,130,60,1,0
30314.5885,143,45,1,0
30314.7237,152,62,42,0
30314.8587,136,62,1,0
30315.2038,152,62,59,0
30315.3012,136,62,1,0
30315.5189,154,65,56,0
30315.6685,138,65,1,0
30315.7888,154,65,32,0
30315.9088,138,65,1,0
30316.0297,151,41,85,0
30316.1938,159,45,26,0
30316.2688,135,41,2,0
30316.4038,145,47,46,0
30316.4262,143,45,18,0
30316.5014,152,62,52,0
30316.6513,129,47,1,0
30316.6812,136,62,1,0
30316.7347,154,65,87,0
30316.9063,138,65,1,0
30316.9738,151,41,49,0
30317.1014,226,0,64,0
30317.1163,215,6,0,0
30317.1163,215,13,0,0
30317.1163,215,18,0,0
30317.1163,215,21,0,0
30317.1462,215,23,0,0
30317.1462,215,20,0,0
30317.1462,215,21,0,0
30317.1686,215,28,0,0
30317.1837,215,36,0,0
30317.1837,215,38,0,0
30317.2063,152,48,62,0
30317.2210,215,33,0,0
30317.2210,215,25,0,0
30317.2210,215,23,0,0
30317.2512,215,18,0,0
30317.2512,215,0,0,0
30317.3413,146,60,67,0
30317.3414,135,41,1,0
30317.4463,136,48,6,0
30317.5298,147,62,47,0
30317.5889,130,60,5,0
30317.7839,159,45,10,0
30317.7911,131,62,1,0
30317.9713,156,64,66,0
30317.9937,143,45,9,0
30318.0011,151,41,27,0
30318.2639,152,43,7,0
30318.3464,135,41,1,0
30318.3464,140,64,1,0
30318.3611,159,45,62,0
30318.4061,136,43,1,0
30318.5189,146,60,96,0
30318.8189,143,45,1,0
30318.8788,130,60,1,0
30319.0589,147,62,96,0
30319.1489,131,62,1,0
30319.3064,156,64,58,0
30319.3889,140,64,1,0
30319.4711,159,45,25,0
30319.6739,143,45,12,0
30319.7189,151,41,45,0
30319.8613,155,69,50,0
30320.2515,235,123,63,0
30320.2515,235,121,63,0
30320.2515,235,105,63,0
30320.2515,219,12,0,0
30320.2515,235,77,63,0
30320.2587,235,46,63,0
30320.2587,235,31,63,0
30320.2739,235,24,63,0
30320.2739,235,29,63,0
30320.2739,219,0,0,0
30320.2962,235,53,63,0
30320.2963,235,100,63,0
30320.2963,219,3,0,0
30320.2963,235,0,64,0
30320.3113,219,7,0,0
30320.3262,219,16,0,0
30320.3262,235,70,64,0
30320.3488,219,29,0,0
30320.3488,235,1,65,0
30320.3488,235,6,65,0
30320.3488,235,38,65,0
30320.3488,219,5,0,0
30320.3488,235,42,65,0
30320.3635,219,8,0,0
30320.3787,219,29,0,0
30320.3787,235,1,65,0
30320.4013,235,30,64,0
30320.4013,219,30,0,0
30320.4013,235,0,64,0
30320.4013,219,24,0,0
30320.4237,219,31,0,0
30320.4237,235,78,63,0
30320.4237,235,22,63,0
30320.4312,235,107,62,0
30320.4312,219,46,0,0
30320.4312,235,85,62,0
30320.4613,219,48,0,0
30320.4613,219,53,0,0
30320.4762,219,46,0,0
30320.4912,219,55,0,0
30320.4912,235,112,62,0
30320.4912,235,55,63,0
30320.5137,219,66,0,0
30320.5137,235,118,63,0
30320.5138,235,0,64,0
30320.5297,219,69,0,0
30320.5297,219,66,0,0
30320.5437,235,63,64,0
30320.5437,219,48,0,0
30320.5437,235,119,64,0
30320.5662,235,42,65,0
30320.5663,219,23,0,0
30320.5663,235,33,65,0
30320.5663,219,2,0,0
30320.5812,235,119,64,0
30320.5812,235,63,64,0
30320.5886,219,0,0,0
30320.5886,235,0,64,0
30320.6264,235,83,63,0
30320.6264,235,7,63,0
30320.6411,235,85,62,0
30320.6411,219,22,0,0
30320.6712,219,39,0,0
30320.6862,219,35,0,0
30320.7012,219,51,0,0
30320.7012,235,16,63,0
30320.7237,219,58,0,0
30320.7237,235,84,63,0
30320.7237,235,0,64,0
30320.7237,219,27,0,0
30320.7463,219,0,0,0
30320.7463,235,1,64,0
30320.7612,235,54,64,0
30320.7612,235,67,64,0
30320.7837,235,60,64,0
30320.7911,235,28,64,0
30320.7911,235,0,64,0
30320.7911,219,6,0,0
30320.8137,235,92,63,0
30320.8137,219,17,0,0
30320.8137,235,108,62,0
30320.8364,235,85,62,0
30320.8364,219,16,0,0
30320.8364,219,0,0,0
30320.9040,235,111,62,0
30320.9112,235,18,63,0
30320.9112,235,51,63,0
30320.9112,235,81,63,0
30320.9412,235,113,63,0
30320.9412,231,124,63,0
30320.9487,139,69,1,0
30321.0014,135,41,1,0
30321.2040,159,45,75,0
30321.2715,154,65,1,0
30321.3614,138,65,1,0
30321.4365,143,45,1,0
30321.5414,154,65,1,0
30321.6089,156,64,58,0
30321.6464,138,65,1,0
30321.7665,145,47,38,0
30321.8349,140,64,1,0
30321.8350,151,41,79,0
30321.9240,129,47,1,0
30322.1190,146,60,76,0
30322.1640,155,69,1,0
30322.3215,231,94,63,0
30322.3215,231,74,63,0
30322.3215,235,0,64,0
30322.3215,231,0,64,0
30322.3661,235,22,64,0
30322.3661,235,73,64,0
30322.3661,235,1,65,0
30322.3661,235,42,65,0
30322.3662,235,35,65,0
30322.3662,235,22,65,0
30322.3813,235,99,64,0
30322.3813,235,8,64,0
30322.3813,235,0,64,0
30322.4036,226,111,63,0
30322.4036,226,100,63,0
30322.4264,226,102,63,0
30322.4264,226,107,63,0
30322.4264,235,100,63,0
30322.4264,226,103,63,0
30322.4264,235,66,63,0
30322.4264,210,11,0,0
30322.4264,226,105,63,0
30322.4413,235,42,63,0
30322.4413,226,107,63,0
30322.4413,235,28,63,0
30322.4487,210,24,0,0
30322.4487,226,109,63,0
30322.4487,235,23,63,0
30322.4487,226,116,63,0
30322.4487,235,31,63,0
30322.4789,226,0,64,0
30322.4789,210,25,0,0
30322.4789,235,63,63,0
30322.4789,235,124,63,0
30322.4789,235,0,64,0
30322.4789,210,20,0,0
30322.5013,210,0,0,0
30322.5387,235,8,64,0
30322.5387,235,3,64,0
30322.5387,235,0,64,0
30322.5913,235,108,63,0
30322.5913,226,121,63,0
30322.5913,235,57,63,0
30322.5913,226,110,63,0
30322.5913,235,7,63,0
30322.5913,210,15,0,0
30322.6063,226,99,63,0
30322.6063,235,101,62,0
30322.6063,226,89,63,0
30322.6063,235,85,62,0
30322.6212,226,85,63,0
30322.6212,226,86,63,0
30322.6212,235,91,62,0
30322.6514,226,109,63,0
30322.6514,235,11,63,0
30322.6514,210,19,0,0
30322.6514,226,0,64,0
30322.6514,235,79,63,0
30322.6514,235,0,64,0
30322.6514,210,0,0,0
30322.7565,226,105,63,0
30322.7565,226,109,63,0
30322.7565,235,99,63,0
30322.7565,226,104,63,0
30322.7565,235,57,63,0
30322.7712,226,106,63,0
30322.7712,235,19,63,0
30322.7712,210,19,0,0
30322.7712,226,116,63,0
30322.7712,235,4,63,0
30322.7787,226,111,63,0
30322.7787,235,123,62,0
30322.7787,226,115,63,0
30322.7787,235,125,62,0
30322.7787,210,25,0,0
30322.8089,226,125,63,0
30322.8089,235,18,63,0
30322.8089,226,0,64,0
30322.8089,235,51,63,0
30322.8089,210,24,0,0
30322.8089,235,100,63,0
30322.8089,235,0,64,0
30322.8237,210,0,0,0
30322.9140,139,69,1,0
30322.9364,231,109,63,0
30322.9588,130,60,1,0
30322.9964,135,41,1,0
30323.2440,156,64,65,0
30323.5141,231,0,64,0
30323.5290,236,5,64,0
30323.6716,236,0,64,0
30323.7087,220,31,0,0
30323.7087,220,90,0,0
30323.7087,220,113,0,0
30323.7324,220,123,0,0
30323.7389,220,127,0,0
30323.8739,220,123,0,0
30323.8813,220,111,0,0
30323.8813,220,94,0,0
30323.8813,220,63,0,0
30323.9041,220,19,0,0
30323.9264,220,0,0,0
30323.9264,236,29,64,0
30323.9264,236,59,64,0
30323.9264,236,72,64,0
30323.9639,140,64,1,0
30324.0465,156,64,23,0
30324.1966,236,0,64,0
30324.2038,220,1,0,0
30324.2187,220,0,0,0
30324.3166,236,12,64,0
30324.3166,236,29,64,0
30324.3166,236,46,64,0
30324.4590,236,0,64,0
30324.4738,220,38,0,0
30324.4738,220,115,0,0
30324.5039,220,127,0,0
30324.6691,220,124,0,0
30324.6691,220,111,0,0
30324.6691,220,89,0,0
30324.6914,220,57,0,0
30324.6914,220,20,0,0
30324.7289,220,0,0,0
30324.7440,236,8,64,0
30324.7440,236,11,64,0
30324.8415,236,0,64,0
30324.8865,220,56,0,0
30324.8865,220,121,0,0
30324.8938,220,127,0,0
30325.1265,220,112,0,0
30325.1491,220,89,0,0
30325.1491,220,55,0,0
30325.1640,220,13,0,0
30325.1640,220,0,0,0
30325.2841,220,15,0,0
30325.3141,220,92,0,0
30325.3141,220,127,0,0
30325.5241,220,126,0,0
30325.5241,220,109,0,0
30325.5391,220,86,0,0
30325.5391,220,51,0,0
30325.5762,220,10,0,0
30325.5763,220,0,0,0
30325.6291,236,3,64,0
30325.6291,236,9,64,0
30325.6291,236,14,64,0
30325.6291,236,11,64,0
30325.6291,236,7,64,0
30325.6363,236,10,64,0
30325.6363,236,4,64,0
30325.6363,236,0,64,0
30325.6966,220,66,0,0
30325.6966,220,118,0,0
30325.7265,220,127,0,0
30325.8916,220,115,0,0
30325.8916,220,82,0,0
30325.8916,220,35,0,0
30325.9139,220,0,0,0
30325.9139,236,6,64,0
30325.9365,236,33,64,0
30325.9365,236,35,64,0
30326.0488,236,0,64,0
30326.0639,220,5,0,0
30326.0639,220,91,0,0
30326.0790,220,127,0,0
30326.2740,220,112,0,0
30326.2740,220,79,0,0
30326.2890,220,29,0,0
30326.2963,220,0,0,0
30326.2963,236,13,64,0
30326.3265,236,35,64,0
30326.3265,236,53,64,0
30326.4326,236,3,64,0
30326.4326,236,0,64,0
30326.4540,220,61,0,0
30326.4613,220,118,0,0
30326.4839,220,127,0,0
30326.6491,220,122,0,0
30326.6491,220,101,0,0
30326.6564,220,68,0,0
30326.6713,220,25,0,0
30326.6713,220,0,0,0
30326.7015,236,12,64,0
30326.7015,236,28,64,0
30326.7090,236,41,64,0
30326.8066,236,29,64,0
30326.8066,236,0,64,0
30326.8517,220,62,0,0
30326.8517,220,121,0,0
30326.8664,220,127,0,0
30327.0167,220,119,0,0
30327.0167,220,100,0,0
30327.0167,220,68,0,0
30327.0392,220,25,0,0
30327.0614,220,0,0,0
30327.0614,236,5,64,0
30327.0614,236,27,64,0
30327.0615,236,44,64,0
30327.0615,236,43,64,0
30327.1141,140,64,1,0
30327.1888,156,64,14,0
30327.4442,236,0,64,0
30327.4589,236,1,64,0
30327.4589,236,41,64,0
30327.4589,236,52,64,0
30327.4589,236,59,64,0
30327.4589,236,64,64,0
30327.6241,236,0,64,0
30327.6541,220,22,0,0
30327.6541,220,105,0,0
30327.6689,220,127,0,0
30327.7667,220,124,0,0
30327.7667,220,107,0,0
30327.7816,220,73,0,0
30327.8115,220,28,0,0
30327.8115,220,0,0,0
30327.8115,236,27,64,0
30327.8115,236,54,64,0
30327.8189,236,64,64,0
30327.8189,236,70,64,0
30327.8868,140,64,1,0
30327.9917,156,64,59,0
30328.2766,140,64,1,0
30328.6143,157,48,45,0
30328.6143,151,41,41,0
30328.6293,155,69,1,0
30328.6440,147,62,1,0
30328.7792,141,48,3,0
30328.8326,131,62,1,0
30328.8390,135,41,1,0
30328.8614,139,69,1,0
30328.9367,151,41,48,0
30328.9667,157,48,63,0
30328.9740,154,65,75,0
30328.9815,155,69,4,0
30328.9818,147,62,73,0
30329.0867,139,69,1,0
30329.1015,138,65,1,0
30329.1165,131,62,1,0
30329.1992,141,48,1,0
30329.2141,236,0,64,0
30329.2215,231,84,63,0
30329.2440,135,41,1,0
30329.2967,147,62,60,0
30329.2968,154,65,57,0
30329.3039,155,69,1,0
30329.4992,131,62,1,0
30329.5366,159,45,72,0
30329.5590,139,69,1,0
30329.6417,138,65,1,0
30329.6791,231,0,64,0
30329.6865,223,7,0,0
30329.6865,223,15,0,0
30329.6941,223,20,0,0
30329.6941,223,23,0,0
30329.6941,223,24,0,0
30329.7090,223,25,0,0
30329.7090,223,22,0,0
30329.7391,223,20,0,0
30329.7391,223,21,0,0
30329.7540,223,22,0,0
30329.7614,223,23,0,0
30329.7615,223,25,0,0
30329.7916,223,27,0,0
30329.7990,223,29,0,0
30329.7990,223,31,0,0
30329.8442,223,29,0,0
30329.8442,223,24,0,0
30329.8442,223,19,0,0
30329.8667,223,14,0,0
30329.8667,223,10,0,0
30329.8968,223,11,0,0
30329.8968,223,12,0,0
30329.9190,223,13,0,0
30329.9419,223,14,0,0
30329.9419,223,15,0,0
30329.9419,223,16,0,0
30329.9637,223,15,0,0
30329.9637,223,14,0,0
30329.9941,223,12,0,0
30329.9941,223,9,0,0
30329.9941,223,6,0,0
30330.0165,223,3,0,0
30330.0325,223,0,0,0
30330.0840,223,1,0,0
30330.1068,223,2,0,0
30330.1292,223,0,0,0
30330.4668,154,65,70,0
30330.4967,143,45,1,0
30330.6327,138,65,1,0
30330.7818,154,65,44,0
30330.9993,138,65,1,0
30331.0592,145,47,64,0
30331.1793,209,3,0,0
30331.1865,209,5,0,0
30331.1865,209,2,0,0
30331.2242,209,0,0,0
30331.2325,151,41,19,0
30331.3368,129,47,1,0
30331.3592,215,2,0,0
30331.3592,215,6,0,0
30331.3816,215,5,0,0
30331.3816,215,7,0,0
30331.4042,215,10,0,0
30331.4189,215,14,0,0
30331.4189,215,17,0,0
30331.4416,215,19,0,0
30331.4416,215,17,0,0
30331.4566,215,13,0,0
30331.4790,148,76,11,0
30331.4865,215,9,0,0
30331.4865,215,6,0,0
30331.4865,215,2,0,0
30331.5090,215,0,0,0
30331.6293,212,6,0,0
30331.6516,212,18,0,0
30331.6516,212,25,0,0
30331.6665,212,29,0,0
30331.7043,212,25,0,0
30331.7043,212,13,0,0
30331.7266,212,7,0,0
30331.7489,212,5,0,0
30331.7489,212,7,0,0
30331.7714,212,11,0,0
30331.7790,212,17,0,0
30331.8091,212,27,0,0
30331.8091,231,122,63,0
30331.8241,212,23,0,0
30331.8390,212,14,0,0
30331.8615,135,41,1,0
30331.9368,132,76,11,0
30332.1094,149,38,54,0
30332.2593,212,0,0,0
30332.2663,231,0,64,0
30332.2892,213,1,0,0
30332.2892,213,5,0,0
30332.2892,213,8,0,0
30332.2892,213,14,0,0
30332.3116,213,19,0,0
30332.3190,213,23,0,0
30332.3190,213,24,0,0
30332.3416,150,79,2,0
30332.3566,213,22,0,0
30332.3566,213,16,0,0
30332.3715,213,12,0,0
30332.3941,213,10,0,0
30332.3941,213,6,0,0
30332.4167,213,0,0,0
30332.5302,151,40,6,0
30332.5593,148,76,36,0
30332.6117,133,38,1,0
30332.6191,149,41,34,0
30332.6868,135,40,1,0
30332.6868,134,79,1,0
30332.7694,153,74,8,0
30332.7992,152,43,33,0
30332.8302,133,41,3,0
30332.8366,132,76,1,0
30332.8970,229,89,63,0
30332.8970,229,0,64,0
30332.9171,217,4,0,0
30332.9171,217,5,0,0
30332.9344,217,7,0,0
30332.9344,217,0,0,0
30333.0168,154,71,35,0
30333.0328,232,113,63,0
30333.0328,232,109,63,0
30333.0328,232,108,63,0
30333.0466,232,88,63,0
30333.0616,150,79,4,0
30333.0690,151,38,1,0
30333.0763,137,74,1,0
30333.0840,136,43,1,0
30333.1066,145,47,19,0
30333.2041,232,0,64,0
30333.2117,215,14,0,0
30333.2117,215,24,0,0
30333.2492,215,25,0,0
30333.2493,215,23,0,0
30333.2718,215,27,0,0
30333.3092,215,23,0,0
30333.3618,215,22,0,0
30333.4067,215,23,0,0
30333.4369,215,22,0,0
30333.4369,209,2,0,0
30333.4667,215,21,0,0
30333.4667,209,1,0,0
30333.4667,215,20,0,0
30333.4968,209,0,0,0
30333.5192,215,19,0,0
30333.5342,215,14,0,0
30333.5642,215,12,0,0
30333.5942,215,10,0,0
30333.6242,138,71,1,0
30333.6541,134,79,1,0
30333.7819,129,47,1,0
30333.8193,135,38,1,0
30333.8793,148,76,1,0
30333.9544,132,76,1,0
30334.0969,150,79,59,0
30334.2243,134,79,1,0
30334.3144,148,76,73,0
30334.4569,132,76,1,0
30334.5244,148,76,53,0
30334.7119,132,76,1,0
30334.8844,148,76,34,0
30334.9819,132,76,1,0
30335.2369,153,74,33,0
30335.3119,137,74,1,0
30335.4170,149,41,72,0
30335.6119,151,38,90,0
30335.6568,133,41,1,0
30335.7243,215,7,0,0
30335.7243,215,0,0,0
30335.7544,215,2,0,0
30335.7544,215,1,0,0
30335.7544,215,0,0,0
30335.7767,215,5,0,0
30335.7767,215,13,0,0
30335.8068,215,18,0,0
30335.8303,215,21,0,0
30335.8518,215,10,0,0
30335.8668,215,1,0,0
30335.8668,215,4,0,0
30335.8668,215,0,0,0
30335.9043,152,40,32,0
30335.9494,153,74,7,0
30335.9869,149,41,42,0
30335.9942,135,38,19,0
30336.0469,136,40,1,0
30336.1144,150,72,54,0
30336.1819,137,74,1,0
30336.2343,214,2,0,0
30336.2492,214,3,0,0
30336.2644,214,1,0,0
30336.2792,133,41,1,0
30336.3394,151,43,65,0
30336.5495,214,0,0,0
30336.5643,215,1,0,0
30336.5643,215,0,0,0
30336.6020,134,72,1,0
30336.6243,231,124,63,0
30336.6243,231,93,63,0
30336.6243,231,77,63,0
30336.6542,145,47,71,0
30336.6768,135,43,15,0
30336.8420,129,47,3,0
30337.2920,146,77,82,0
30337.3895,130,77,2,0
30337.4645,146,77,72,0
30337.4794,158,67,82,0
30337.5394,142,67,1,0
30337.5619,130,77,13,0
30337.6893,146,77,78,0
30337.7870,130,77,1,0
30337.8920,147,38,84,0
30337.8991,145,47,90,0
30338.0346,231,54,63,0
30338.0346,231,34,63,0
30338.0346,231,0,64,0
30338.0641,211,3,0,0
30338.0641,209,1,0,0
30338.0641,211,6,0,0
30338.0642,209,2,0,0
30338.0944,209,0,0,0
30338.0944,211,0,0,0
30338.0944,225,117,63,0
30338.1014,225,109,63,0
30338.1014,225,102,63,0
30338.1168,225,80,63,0
30338.1168,225,76,63,0
30338.1394,225,57,63,0
30338.1394,225,44,63,0
30338.1394,225,36,63,0
30338.1467,225,26,63,0
30338.2217,129,47,1,0
30338.2302,131,38,1,0
30338.7846,150,72,93,0
30338.9120,134,72,1,0
30339.1067,150,72,79,0
30339.2196,134,72,1,0
30339.4305,151,43,88,0
30339.6021,135,43,1,0
30339.7146,150,72,47,0
30340.2096,134,72,1,0
30340.2331,159,45,72,0
30340.4046,152,40,10,0
30340.6071,143,45,1,0
30340.7121,225,0,64,0
30340.7269,216,4,0,0
30340.7269,216,16,0,0
30340.7269,216,7,0,0
30340.7569,216,10,0,0
30340.7643,216,7,0,0
30340.7643,216,0,0,0
30340.8771,148,76,1,0
30340.8920,145,47,36,0
30340.9821,136,40,38,0
30341.0571,209,4,0,0
30341.0794,209,5,0,0
30341.0794,209,1,0,0
30341.1019,209,0,0,0
30341.1019,225,5,64,0
30341.1019,225,6,64,0
30341.1094,225,5,64,0
30341.1094,225,0,64,0
30341.1921,209,10,0,0
30341.1921,209,15,0,0
30341.2068,209,18,0,0
30341.2218,209,21,0,0
30341.2445,209,25,0,0
30341.2445,209,27,0,0
30341.2670,209,28,0,0
30341.2895,209,25,0,0
30341.2895,209,21,0,0
30341.3041,209,16,0,0
30341.3193,209,12,0,0
30341.3494,209,9,0,0
30341.3494,209,12,0,0
30341.3643,209,14,0,0
30341.3794,209,13,0,0
30341.4020,209,7,0,0
30341.4020,209,0,0,0
30341.4771,132,76,1,0
30341.5144,129,47,1,0
30342.1521,147,38,39,0
30342.1596,146,77,61,0
30342.1670,153,74,38,0
30342.1672,159,45,45,0
30342.2271,149,41,9,0
30342.3545,133,41,1,0
30342.3919,137,74,1,0
30342.4069,143,45,1,0
30342.4446,130,77,1,0
30342.4518,131,38,1,0
30342.6847,147,38,32,0
30342.6847,159,45,51,0
30342.6996,149,41,58,0
30342.6998,146,77,38,0
30342.7069,153,74,62,0
30342.7143,155,69,59,0
30342.8196,211,4,0,0
30342.8496,211,1,0,0
30342.8718,211,0,0,0
30342.9019,223,1,0,0
30342.9244,223,2,0,0
30342.9545,223,0,0,0
30343.2998,130,77,1,0
30343.3448,133,41,1,0
30343.3448,131,38,1,0
30343.3820,143,45,1,0
30343.4419,139,69,1,0
30343.4646,137,74,1,0
30343.6447,155,69,79,0
30343.8772,150,72,21,0
30343.8845,139,69,1,0
30344.0045,214,2,0,0
30344.0045,214,1,0,0
30344.0195,214,0,0,0
30344.0195,214,1,0,0
30344.0354,214,2,0,0
30344.0721,214,0,0,0
30344.0945,230,127,63,0
30344.1094,230,122,63,0
30344.1094,230,117,63,0
30344.1094,230,119,63,0
30344.1094,230,112,63,0
30344.1094,230,109,63,0
30344.1094,230,113,63,0
30344.1245,230,117,63,0
30344.1245,230,116,63,0
30344.1245,230,104,63,0
30344.1921,153,74,26,0
30344.1994,134,72,1,0
30344.3647,146,77,1,0
30344.4471,148,76,56,0
30344.5221,130,77,1,0
30344.5747,230,0,64,0
30344.5748,137,74,1,0
30344.5971,212,2,0,0
30344.5971,212,1,0,0
30344.5971,212,0,0,0
30344.5971,212,1,0,0
30344.6270,212,0,0,0
30344.6721,153,74,51,0
30344.6795,212,2,0,0
30344.6795,212,3,0,0
30344.7095,212,0,0,0
30344.8747,150,72,56,0
30344.8820,132,76,1,0
30344.9122,137,74,1,0
30344.9947,214,6,0,0
30345.0097,214,7,0,0
30345.0097,214,10,0,0
30345.0396,214,8,0,0
30345.0396,214,6,0,0
30345.0696,214,5,0,0
30345.0696,214,1,0,0
30345.0846,214,0,0,0
30345.1447,154,71,1,0
30345.1520,134,72,1,0
30345.7748,138,71,1,0
30345.9548,153,74,69,0
30346.3823,154,71,57,0
30346.4357,137,74,1,0
30346.9898,138,71,1,0
30347.1999,153,74,82,0
30347.3499,137,74,1,0
30347.4473,149,41,89,0
30347.6273,133,41,1,0
30347.6572,153,74,75,0
30347.8600,137,74,1,0
30347.8671,152,40,74,0
30348.0847,147,38,41,0
30348.1072,136,40,3,0
30348.1146,146,77,42,0
30348.2648,210,1,0,0
30348.2648,210,0,0,0
30348.3173,153,74,63,0
30348.3548,130,77,1,0
30348.4223,150,72,12,0
30348.4224,131,38,1,0
30348.4371,151,43,1,0
30348.4755,137,74,1,0
30348.6099,147,38,19,0
30348.6397,135,43,7,0
30348.6621,155,69,1,0
30348.6848,134,72,1,0
30348.7146,159,45,43,0
30348.7449,146,77,8,0
30348.8046,139,69,1,0
30348.8498,153,74,52,0
30348.8500,143,45,4,0
30348.8721,149,41,11,0
30348.9473,130,77,1,0
30348.9544,152,40,1,0
30349.0523,150,72,15,0
30349.0823,136,40,1,0
30349.0897,137,74,1,0
30349.1195,133,41,1,0
30349.1498,145,47,29,0
30349.2024,134,72,1,0
30349.2024,155,69,53,0
30349.2999,146,77,44,0
30349.3373,139,69,1,0
30349.3747,129,47,1,0
30349.3896,152,40,27,0
30349.5021,153,74,50,0
30349.5173,149,41,17,0
30349.5398,130,77,1,0
30349.5773,131,38,1,0
30349.6748,136,40,1,0
30349.6973,151,43,48,0
30349.7358,133,41,1,0
30349.7573,137,74,1,0
30349.7947,145,47,39,0
30349.8022,150,72,1,0
30349.8247,135,43,9,0
30349.8547,147,38,1,0
30349.9072,146,77,1,0
30349.9146,134,72,1,0
30349.9306,229,120,63,0
30349.9306,229,87,63,0
30349.9306,229,0,64,0
30349.9621,209,2,0,0
30349.9621,209,0,0,0
30349.9897,209,1,0,0
30349.9897,211,4,0,0
30350.0044,209,0,0,0
30350.0044,211,12,0,0
30350.0358,211,14,0,0
30350.0497,211,16,0,0
30350.0799,211,15,0,0
30350.0799,211,13,0,0
30350.1022,211,10,0,0
30350.1022,209,1,0,0
30350.1172,211,5,0,0
30350.1172,209,2,0,0
30350.1398,211,1,0,0
30350.1398,209,4,0,0
30350.1923,211,3,0,0
30350.1923,211,4,0,0
30350.2147,209,3,0,0
30350.2449,211,3,0,0
30350.2597,209,1,0,0
30350.2824,209,2,0,0
30350.2824,211,5,0,0
30350.3047,209,1,0,0
30350.3047,211,3,0,0
30350.3047,209,0,0,0
30350.3197,211,0,0,0
30350.4325,225,115,63,0
30350.4325,225,98,63,0
30350.4547,225,89,63,0
30350.4547,225,79,63,0
30350.4547,225,81,63,0
30350.4695,225,77,63,0
30350.4695,225,73,63,0
30350.4849,225,71,63,0
30350.5297,130,77,1,0
30350.5372,131,38,1,0
30350.5447,129,47,1,0
30351.3774,159,45,21,0
30351.3999,147,38,10,0
30351.4222,153,74,47,0
30351.4306,146,77,25,0
30351.5359,130,77,1,0
30351.5422,137,74,1,0
30351.5798,143,45,1,0
30351.5948,131,38,1,0
30351.7375,147,38,34,0
30351.7598,149,41,64,0
30351.7600,159,45,56,0
30351.7898,153,74,46,0
30351.9025,137,74,1,0
30351.9097,143,45,1,0
30351.9171,133,41,1,0
30351.9474,131,38,1,0
30352.0974,147,38,15,0
30352.1048,149,41,45,0
30352.1048,159,45,43,0
30352.1423,153,74,45,0
30352.2697,133,41,2,0
30352.2774,143,45,1,0
30352.2847,131,38,1,0
30352.2850,137,74,1,0
30352.4275,147,38,24,0
30352.4357,149,41,46,0
30352.4423,159,45,43,0
30352.4573,153,74,48,0
30352.4722,146,77,17,0
30353.0125,130,77,1,0
30353.0126,131,38,1,0
30353.0424,133,41,1,0
30353.0573,137,74,1,0
30353.0576,143,45,1,0
30353.3800,145,47,10,0
30353.4400,152,40,1,0
30353.4401,150,72,37,0
30353.4472,146,77,29,0
30353.5825,130,77,1,0
30353.5899,134,72,1,0
30353.6047,129,47,1,0
30353.6197,136,40,1,0
30353.7625,152,40,31,0
30353.7698,151,43,22,0
30353.7848,153,81,11,0
30353.7923,146,77,15,0
30353.7997,145,47,6,0
30353.9125,129,47,1,0
30353.9197,135,43,1,0
30353.9273,130,77,1,0
30353.9347,136,40,1,0
30353.9422,137,81,1,0
30354.1075,151,43,25,0
30354.1148,145,47,28,0
30354.1308,152,40,6,0
30354.1373,146,77,32,0
30354.1448,153,81,20,0
30354.2650,135,43,1,0
30354.2651,129,47,1,0
30354.2724,130,77,1,0
30354.2724,137,81,1,0
30354.2949,136,40,1,0
30354.4676,152,40,22,0
30354.4677,151,43,28,0
30354.4750,145,47,38,0
30354.4974,150,72,35,0
30354.5274,153,81,69,0
30354.5424,146,77,1,0
30354.6250,225,0,64,0
30354.6333,209,1,0,0
30354.6333,209,0,0,0
30355.0525,225,125,63,0
30355.0525,225,126,63,0
30355.0751,134,72,1,0
30355.0973,225,127,63,0
30355.0973,225,0,64,0
30355.1048,137,81,2,0
30355.1051,135,43,1,0
30355.1122,136,40,1,0
30355.1275,130,77,1,0
30355.1649,129,47,1,0
30355.3076,147,83,42,0
30355.5336,227,120,63,0
30355.5336,227,112,63,0
30355.5336,227,108,63,0
30355.5399,148,79,55,0
30355.5549,227,115,63,0
30355.5549,227,0,64,0
30355.5925,131,83,1,0
30355.5998,151,43,7,0
30355.7275,146,77,26,0
30355.7950,132,79,1,0
30355.8548,210,1,0,0
30355.8548,210,2,0,0
30355.8924,159,45,25,0
30355.9225,210,6,0,0
30355.9225,210,1,0,0
30355.9401,135,43,1,0
30355.9523,210,0,0,0
30356.0426,130,77,1,0
30356.0427,145,74,1,0
30356.0951,152,40,1,0
30356.1476,143,45,1,0
30356.1774,147,83,11,0
30356.2375,216,6,0,0
30356.2453,129,74,1,0
30356.2751,216,14,0,0
30356.2751,216,17,0,0
30356.2751,216,16,0,0
30356.2976,216,12,0,0
30356.2976,211,3,0,0
30356.3124,216,9,0,0
30356.3124,211,0,0,0
30356.3352,216,5,0,0
30356.3424,216,1,0,0
30356.3424,216,0,0,0
30356.4101,148,79,49,0
30356.4701,151,43,1,0
30356.5452,131,83,1,0
30356.6201,136,40,1,0
30356.6424,159,45,1,0
30356.6574,135,43,1,0
30356.6951,132,79,1,0
30356.7852,145,74,10,0
30356.8225,146,47,18,0
30356.8308,143,45,1,0
30356.9200,209,1,0,0
30356.9575,210,5,0,0
30356.9576,210,12,0,0
30356.9576,209,0,0,0
30356.9800,210,14,0,0
30356.9874,210,8,0,0
30357.0173,210,0,0,0
30357.0334,147,83,18,0
30357.0337,152,40,5,0
30357.1376,129,74,1,0
30357.1599,153,81,4,0
30357.1821,130,47,1,0
30357.2351,149,41,1,0
30357.2651,148,79,18,0
30357.3401,151,43,1,0
30357.4453,131,83,1,0
30357.4599,137,81,1,0
30357.4900,133,41,1,0
30357.4974,159,45,7,0
30357.5126,136,40,1,0
30357.5274,135,43,1,0
30357.5349,145,77,1,0
30357.5873,132,79,1,0
30357.7002,146,47,30,0
30357.7075,147,74,23,0
30357.7376,143,45,1,0
30357.8126,129,77,1,0
30357.8352,210,12,0,0
30357.8352,210,20,0,0
30357.8497,210,21,0,0
30357.8724,210,17,0,0
30357.8875,210,9,0,0
30357.8875,210,0,0,0
30357.9551,152,40,13,0
30357.9551,153,83,2,0
30358.0601,130,47,1,0
30358.0674,131,74,1,0
30358.0900,154,81,1,0
30358.1198,151,43,9,0
30358.1275,148,79,53,0
30358.1424,149,41,1,0
30358.1876,137,83,1,0
30358.3077,138,81,1,0
30358.3077,133,41,1,0
30358.3527,159,45,22,0
30358.3977,135,43,6,0
30358.4200,145,77,16,0
30358.4726,132,79,1,0
30358.5100,223,7,0,0
30358.5100,223,12,0,0
30358.5100,223,9,0,0
30358.5336,223,0,0,0
30358.5475,153,83,1,0
30358.6003,146,47,71,0
30358.6150,143,45,1,0
30358.6752,147,74,34,0
30358.6900,129,77,1,0
30358.7276,210,7,0,0
30358.7500,210,9,0,0
30358.7801,210,3,0,0
30358.7951,210,0,0,0
30358.8550,137,83,1,0
30359.0727,131,74,1,0
30359.0799,136,40,1,0
30359.1177,130,47,1,0
30359.2752,151,43,85,0
30359.2824,148,79,54,0
30359.3726,152,40,47,0
30359.4025,215,4,0,0
30359.4025,212,7,0,0
30359.4251,215,0,0,0
30359.4326,212,10,0,0
30359.4326,212,14,0,0
30359.4700,212,12,0,0
30359.4700,231,120,63,0
30359.4700,231,119,63,0
30359.4700,212,0,0,0
30359.4700,231,124,63,0
30359.4850,231,0,64,0
30359.5375,135,43,1,0
30359.5977,136,40,2,0
30359.6052,132,79,1,0
30359.7477,153,83,24,0
30359.7701,152,40,48,0
30359.7702,146,47,57,0
30359.7775,147,74,42,0
30359.8001,148,79,50,0
30359.8602,151,43,1,0
30359.8826,217,1,0,0
30359.9051,216,16,0,0
30359.9051,217,0,0,0
30359.9051,210,7,0,0
30359.9276,216,18,0,0
30359.9276,210,6,0,0
30359.9577,210,3,0,0
30359.9802,216,17,0,0
30359.9802,210,0,0,0
30360.0102,216,13,0,0
30360.0627,216,12,0,0
30360.0852,216,0,0,0
30360.1227,216,1,0,0
30360.1227,210,2,0,0
30360.1374,216,0,0,0
30360.1374,210,0,0,0
30360.3178,135,43,1,0
30360.3702,131,74,1,0
30360.3702,130,47,1,0
30360.3851,136,40,1,0
30360.3853,137,83,1,0
30360.4001,132,79,5,0
30361.0003,159,45,56,0
30361.0003,145,50,40,0
30361.0078,146,52,48,0
30361.0312,157,48,9,0
30361.1127,141,48,1,0
30361.1276,150,72,69,0
30361.1502,129,50,1,0
30361.1652,130,52,1,0
30361.1726,156,64,21,0
30361.1877,143,45,1,0
30361.2852,140,64,1,0
30361.3153,134,72,1,0
30361.3678,159,45,6,0
30361.3752,146,52,1,0
30361.4577,156,64,50,0
30361.4651,130,52,1,0
30361.4726,157,65,35,0
30361.4729,143,45,1,0
30361.6153,141,65,1,0
30361.6154,159,45,7,0
30361.6228,140,64,1,0
30361.6301,146,52,26,0
30361.7953,130,52,1,0
30361.8253,147,71,49,0
30361.8335,143,45,1,0
30361.9454,159,45,16,0
30361.9677,131,71,1,0
30361.9751,146,52,16,0
30362.1103,130,52,1,0
30362.1176,147,71,47,0
30362.1179,143,45,1,0
30362.1337,156,64,39,0
30362.2379,146,52,21,0
30362.2380,159,45,8,0
30362.2385,140,64,1,0
30362.2677,131,71,1,0
30362.3953,130,52,1,0
30362.4024,143,45,1,0
30362.4176,156,64,22,0
30362.4778,146,52,26,0
30362.4851,159,45,8,0
30362.5312,140,64,1,0
30362.6202,130,52,1,0
30362.6353,143,45,1,0
30362.7553,145,50,34,0
30362.7626,159,45,1,0
30362.8376,143,45,1,0
30362.8902,209,12,0,0
30362.8976,209,25,0,0
30362.9353,209,23,0,0
30362.9353,209,11,0,0
30362.9353,209,0,0,0
30363.0928,129,50,1,0
30363.5654,145,63,1,0
30363.7527,129,63,1,0
30363.9854,146,70,1,0
30364.2404,147,61,32,0
30364.3829,130,70,1,0
30364.4426,148,42,52,0
30364.5253,131,61,1,0
30364.6004,228,19,64,0
30364.6004,228,40,64,0
30364.6004,228,59,64,0
30364.6154,228,74,64,0
30364.6154,228,77,64,0
30364.6154,228,72,64,0
30364.6155,149,49,27,0
30364.6455,228,60,64,0
30364.6455,228,47,64,0
30364.6455,228,30,64,0
30364.6455,228,14,64,0
30364.6526,228,5,64,0
30364.6526,228,3,64,0
30364.6678,228,0,64,0
30364.8028,146,70,72,0
30364.8102,132,42,1,0
30364.8628,147,46,19,0
30364.8779,133,49,1,0
30364.9528,148,44,1,0
30365.0804,132,44,1,0
30365.1254,131,46,56,0
30365.1629,149,49,1,0
30365.1629,150,61,15,0
30365.1701,151,42,1,0
30365.2376,130,70,1,0
30365.2679,133,49,8,0
30365.4404,146,70,36,0
30365.5079,134,61,2,0
30365.6504,130,70,1,0
30365.6954,135,42,1,0
30365.7179,148,44,1,0
30365.8229,132,44,7,0
30365.8230,150,61,38,0
30366.1456,151,37,50,0
30366.1753,147,46,26,0
30366.2954,215,3,0,0
30366.2954,215,26,0,0
30366.3254,215,42,0,0
30366.3337,134,61,1,0
30366.3554,215,53,0,0
30366.3554,215,61,0,0
30366.3700,215,75,0,0
30366.3853,215,92,0,0
30366.3853,215,102,0,0
30366.4079,215,106,0,0
30366.4228,215,109,0,0
30366.4528,215,110,0,0
30366.4528,215,108,0,0
30366.4678,215,107,0,0
30366.4678,227,126,63,0
30366.4678,227,120,63,0
30366.4828,215,101,0,0
30366.4828,227,118,63,0
30366.4828,227,113,63,0
30366.5053,215,95,0,0
30366.5053,227,115,63,0
30366.5198,227,116,63,0
30366.5198,227,121,63,0
30366.5198,215,93,0,0
30366.5198,227,123,63,0
30366.5198,215,94,0,0
30366.5198,227,0,64,0
30366.5654,215,92,0,0
30366.5654,227,125,63,0
30366.5654,215,89,0,0
30366.5654,227,123,63,0
30366.5654,227,124,63,0
30366.5804,215,87,0,0
30366.5804,227,121,63,0
30366.5804,227,116,63,0
30366.5879,227,110,63,0
30366.5879,215,86,0,0
30366.5879,227,111,63,0
30366.6104,227,118,63,0
30366.6104,215,82,0,0
30366.6104,227,121,63,0
30366.6104,215,77,0,0
30366.6104,227,122,63,0
30366.6253,227,123,63,0
30366.6404,227,122,63,0
30366.6404,215,73,0,0
30366.6404,227,124,63,0
30366.6404,227,125,63,0
30366.6404,215,70,0,0
30366.6705,227,123,63,0
30366.6705,215,69,0,0
30366.6705,227,120,63,0
30366.6705,227,118,63,0
30366.6705,227,106,63,0
30366.6705,215,67,0,0
30366.6778,227,93,63,0
30366.6778,227,82,63,0
30366.6778,215,61,0,0
30366.6929,227,71,63,0
30366.6929,227,65,63,0
30366.7154,215,50,0,0
30366.7154,227,71,63,0
30366.7154,227,74,63,0
30366.7154,227,75,63,0
30366.7154,215,27,0,0
30366.7154,227,82,63,0
30366.7313,227,105,63,0
30366.7313,215,0,0,0
30366.7313,227,115,63,0
30366.7313,231,125,63,0
30366.7378,227,0,64,0
30366.7378,231,99,63,0
30366.7378,231,70,63,0
30366.7679,231,39,63,0
30366.7754,131,46,22,0
30366.7827,135,37,10,0
30366.9929,147,46,59,0
30367.0080,151,37,63,0
30367.1129,135,37,3,0
30367.1356,131,46,25,0
30367.2339,147,46,74,0
30367.2629,151,37,1,0
30367.3079,135,37,1,0
30367.3755,131,46,19,0
30367.5630,151,37,27,0
30367.5929,147,46,1,0
30367.7203,231,5,63,0
30367.7203,231,120,62,0
30367.7203,231,112,62,0
30367.7203,231,0,64,0
30367.7371,231,115,63,0
30367.7428,135,37,1,0
30367.7502,131,46,1,0
30367.9605,151,37,19,0
30367.9678,147,46,22,0
30367.9904,146,70,61,0
30368.0955,150,61,1,0
30368.1026,231,0,64,0
30368.1103,215,5,0,0
30368.1103,215,10,0,0
30368.1254,215,11,0,0
30368.1554,215,12,0,0
30368.1554,215,9,0,0
30368.1853,215,8,0,0
30368.2305,215,7,0,0
30368.2604,215,5,0,0
30368.2604,215,4,0,0
30368.2905,215,0,0,0
30368.4340,231,120,63,0
30368.4403,130,70,1,0
30368.4477,131,46,1,0
30368.4702,135,37,1,0
30368.4778,134,61,1,0
30368.6655,151,37,30,0
30368.7704,231,0,64,0
30368.7930,215,4,0,0
30368.7930,215,3,0,0
30368.7930,215,0,0,0
30368.8755,135,37,1,0
30368.9204,151,37,1,0
30368.9430,150,61,64,0
30368.9655,147,46,36,0
30369.1529,134,61,1,0
30369.1679,131,46,1,0
30369.2280,231,120,63,0
30369.2280,231,103,63,0
30369.2280,231,100,63,0
30369.2428,231,112,63,0
30369.2429,231,0,64,0
30369.2503,148,42,74,0
30369.2805,231,122,63,0
30369.2805,231,116,63,0
30369.2805,231,0,64,0
30369.2955,231,114,63,0
30369.2955,231,103,63,0
30369.3255,231,97,63,0
30369.3255,231,95,63,0
30369.3255,231,94,63,0
30369.3255,231,102,63,0
30369.3338,231,109,63,0
30369.3338,231,107,63,0
30369.3480,231,118,63,0
30369.3480,231,123,63,0
30369.3553,231,124,63,0
30369.3553,231,127,63,0
30369.3854,231,0,64,0
30369.4605,215,4,0,0
30369.4830,146,70,1,0
30369.4979,215,5,0,0
30369.4979,215,2,0,0
30369.4979,215,0,0,0
30369.5281,132,42,1,0
30369.5353,145,63,65,0
30369.6180,130,70,1,0
30369.6555,231,122,63,0
30369.6555,231,113,63,0
30369.6555,231,106,63,0
30369.6702,231,103,63,0
30369.6702,231,97,63,0
30369.6702,231,106,63,0
30369.6852,231,118,63,0
30369.6852,209,3,0,0
30369.6852,231,121,63,0
30369.6852,231,0,64,0
30369.7079,209,5,0,0
30369.7079,209,8,0,0
30369.7314,209,9,0,0
30369.7314,225,124,63,0
30369.7314,225,119,63,0
30369.7605,225,121,63,0
30369.7605,225,123,63,0
30369.7605,209,8,0,0
30369.7605,225,0,64,0
30369.7904,209,5,0,0
30369.8129,209,2,0,0
30369.8129,209,0,0,0
30369.8880,231,120,63,0
30369.8880,231,111,63,0
30369.9104,231,112,63,0
30369.9104,231,104,63,0
30369.9104,231,109,63,0
30369.9104,231,105,63,0
30369.9254,147,46,85,0
30369.9257,231,0,64,0
30369.9257,231,127,63,0
30369.9257,231,115,63,0
30369.9404,231,124,63,0
30369.9404,231,0,64,0
30370.0905,231,115,63,0
30370.0905,231,106,63,0
30370.1054,231,99,63,0
30370.1054,231,112,63,0
30370.1280,211,10,0,0
30370.1280,231,110,63,0
30370.1281,231,120,63,0
30370.1281,231,0,64,0
30370.1281,211,4,0,0
30370.1505,211,0,0,0
30370.1655,129,63,1,0
30370.2405,227,123,63,0
30370.2478,227,122,63,0
30370.2478,227,106,63,0
30370.2478,227,105,63,0
30370.2479,227,116,63,0
30370.2630,227,0,64,0
30370.3380,131,46,49,0
30370.3755,135,37,47,0
