t,src,status,d1,d2
1788429383.150360,iOS Bluetooth,176,101,0
1788429383.150360,iOS Bluetooth,176,100,6
1788429383.150360,iOS Bluetooth,176,6,15
1788429383.150360,iOS Bluetooth,176,101,127
1788429383.150360,iOS Bluetooth,176,100,127
1788429383.150360,iOS Bluetooth,177,101,0
1788429383.150360,iOS Bluetooth,177,100,0
1788429383.150360,iOS Bluetooth,177,6,48
1788429383.150360,iOS Bluetooth,177,101,127
1788429383.150360,iOS Bluetooth,177,100,127
1788429383.150360,iOS Bluetooth,178,101,0
1788429383.150360,iOS Bluetooth,178,100,0
1788429383.150360,iOS Bluetooth,178,6,48
1788429383.150360,iOS Bluetooth,178,101,127
1788429383.150360,iOS Bluetooth,178,100,127
1788429383.150360,iOS Bluetooth,179,101,0
1788429383.150360,iOS Bluetooth,179,100,0
1788429383.150360,iOS Bluetooth,179,6,48
1788429383.150360,iOS Bluetooth,179,101,127
1788429383.150360,iOS Bluetooth,179,100,127
1788429383.150360,iOS Bluetooth,180,101,0
1788429383.150360,iOS Bluetooth,180,100,0
1788429383.150360,iOS Bluetooth,180,6,48
1788429383.150360,iOS Bluetooth,180,101,127
1788429383.150360,iOS Bluetooth,180,100,127
1788429383.150360,iOS Bluetooth,181,101,0
1788429383.150360,iOS Bluetooth,181,100,0
1788429383.150360,iOS Bluetooth,181,6,48
1788429383.150360,iOS Bluetooth,181,101,127
1788429383.150360,iOS Bluetooth,181,100,127
1788429383.150360,iOS Bluetooth,182,101,0
1788429383.150360,iOS Bluetooth,182,100,0
1788429383.150360,iOS Bluetooth,182,6,48
1788429383.150360,iOS Bluetooth,182,101,127
1788429383.150360,iOS Bluetooth,182,100,127
1788429383.150360,iOS Bluetooth,183,101,0
1788429383.150360,iOS Bluetooth,183,100,0
1788429383.150360,iOS Bluetooth,183,6,48
1788429383.150360,iOS Bluetooth,183,101,127
1788429383.150360,iOS Bluetooth,183,100,127
1788429383.150360,iOS Bluetooth,184,101,0
1788429383.150360,iOS Bluetooth,184,100,0
1788429383.150360,iOS Bluetooth,184,6,48
1788429383.150360,iOS Bluetooth,184,101,127
1788429383.150360,iOS Bluetooth,184,100,127
1788429383.150360,iOS Bluetooth,185,101,0
1788429383.150360,iOS Bluetooth,185,100,0
1788429383.150360,iOS Bluetooth,185,6,48
1788429383.150360,iOS Bluetooth,185,101,127
1788429383.150360,iOS Bluetooth,185,100,127
1788429383.150360,iOS Bluetooth,186,101,0
1788429383.150360,iOS Bluetooth,186,100,0
1788429383.150360,iOS Bluetooth,186,6,48
1788429383.150360,iOS Bluetooth,186,101,127
1788429383.150360,iOS Bluetooth,186,100,127
1788429383.151399,iOS Bluetooth,187,101,0
1788429383.151399,iOS Bluetooth,187,100,0
1788429383.151399,iOS Bluetooth,187,6,48
1788429383.151399,iOS Bluetooth,187,101,127
1788429383.151399,iOS Bluetooth,187,100,127
1788429383.151399,iOS Bluetooth,188,101,0
1788429383.151399,iOS Bluetooth,188,100,0
1788429383.151399,iOS Bluetooth,188,6,48
1788429383.151399,iOS Bluetooth,188,101,127
1788429383.151399,iOS Bluetooth,188,100,127
1788429383.151399,iOS Bluetooth,189,101,0
1788429383.151399,iOS Bluetooth,189,100,0
1788429383.151399,iOS Bluetooth,189,6,48
1788429383.151399,iOS Bluetooth,189,101,127
1788429383.151399,iOS Bluetooth,189,100,127
1788429383.151399,iOS Bluetooth,190,101,0
1788429383.151399,iOS Bluetooth,190,100,0
1788429383.151399,iOS Bluetooth,190,6,48
1788429383.151399,iOS Bluetooth,190,101,127
1788429383.151399,iOS Bluetooth,190,100,127
1788429383.151399,iOS Bluetooth,191,101,0
1788429383.151399,iOS Bluetooth,191,100,0
1788429383.151399,iOS Bluetooth,191,6,48
1788429383.151399,iOS Bluetooth,191,101,127
1788429383.151399,iOS Bluetooth,191,100,127
1788429386.540528,iOS Bluetooth,225,0,64
1788429386.540528,iOS Bluetooth,145,84,120
1788429386.682450,iOS Bluetooth,225,4,64
1788429386.705251,iOS Bluetooth,225,64,64
1788429386.720308,iOS Bluetooth,225,124,64
1788429386.735299,iOS Bluetooth,225,68,65
1788429386.750442,iOS Bluetooth,225,2,66
1788429386.764092,iOS Bluetooth,225,79,66
1788429386.789202,iOS Bluetooth,225,21,67
1788429386.803533,iOS Bluetooth,225,91,67
1788429386.817343,iOS Bluetooth,225,61,68
1788429386.833761,iOS Bluetooth,225,31,69
1788429386.855648,iOS Bluetooth,225,14,70
1788429386.870374,iOS Bluetooth,225,19,71
1788429386.885491,iOS Bluetooth,225,10,72
1788429386.900266,iOS Bluetooth,225,122,72
1788429386.915510,iOS Bluetooth,225,84,73
1788429386.937306,iOS Bluetooth,225,26,74
1788429386.952364,iOS Bluetooth,225,68,74
1788429386.967174,iOS Bluetooth,225,103,74
1788429386.982326,iOS Bluetooth,225,110,74
1788429387.005346,iOS Bluetooth,225,117,74
1788429387.048360,iOS Bluetooth,225,110,74
1788429387.064735,iOS Bluetooth,225,75,74
1788429387.087695,iOS Bluetooth,225,40,74
1788429387.102529,iOS Bluetooth,225,105,73
1788429387.117684,iOS Bluetooth,225,21,73
1788429387.131692,iOS Bluetooth,225,17,72
1788429387.154655,iOS Bluetooth,209,0,0
1788429387.154655,iOS Bluetooth,209,0,0
1788429387.154655,iOS Bluetooth,129,84,64
1788429387.349191,iOS Bluetooth,226,0,64
1788429387.349191,iOS Bluetooth,146,66,120
1788429387.387560,iOS Bluetooth,226,98,62
1788429387.387560,iOS Bluetooth,210,31,0
1788429387.387560,iOS Bluetooth,210,0,0
1788429387.401624,iOS Bluetooth,226,81,62
1788429387.401624,iOS Bluetooth,210,30,0
1788429387.401624,iOS Bluetooth,210,0,0
1788429387.469922,iOS Bluetooth,226,88,62
1788429387.469922,iOS Bluetooth,210,31,0
1788429387.469922,iOS Bluetooth,210,0,0
1788429387.484711,iOS Bluetooth,226,98,62
1788429387.499637,iOS Bluetooth,226,121,62
1788429387.499637,iOS Bluetooth,210,29,0
1788429387.499637,iOS Bluetooth,210,0,0
1788429387.514865,iOS Bluetooth,226,16,63
1788429387.514865,iOS Bluetooth,210,26,0
1788429387.514865,iOS Bluetooth,210,0,0
1788429387.537665,iOS Bluetooth,226,27,63
1788429387.537665,iOS Bluetooth,210,25,0
1788429387.537665,iOS Bluetooth,210,0,0
1788429387.566015,iOS Bluetooth,226,32,63
1788429387.566015,iOS Bluetooth,210,8,0
1788429387.566015,iOS Bluetooth,210,0,0
1788429387.582440,iOS Bluetooth,226,17,63
1788429387.582440,iOS Bluetooth,210,0,0
1788429387.582440,iOS Bluetooth,210,0,0
1788429387.604609,iOS Bluetooth,226,81,62
1788429387.604609,iOS Bluetooth,210,0,0
1788429387.604609,iOS Bluetooth,210,0,0
1788429387.604609,iOS Bluetooth,130,66,64
1788429387.888227,iOS Bluetooth,227,0,64
1788429387.888227,iOS Bluetooth,147,54,120
1788429388.000785,iOS Bluetooth,227,72,64
1788429388.017485,iOS Bluetooth,227,89,65
1788429388.032515,iOS Bluetooth,227,93,66
1788429388.055541,iOS Bluetooth,227,105,67
1788429388.070437,iOS Bluetooth,227,117,68
1788429388.083543,iOS Bluetooth,227,107,69
1788429388.100405,iOS Bluetooth,227,63,70
1788429388.115531,iOS Bluetooth,227,19,71
1788429388.137284,iOS Bluetooth,227,96,71
1788429388.152261,iOS Bluetooth,227,17,72
1788429388.152261,iOS Bluetooth,211,0,0
1788429388.152261,iOS Bluetooth,211,0,0
1788429388.152261,iOS Bluetooth,131,54,64
1788429388.385699,iOS Bluetooth,228,0,64
1788429388.385699,iOS Bluetooth,148,47,120
1788429388.503451,iOS Bluetooth,228,100,64
1788429388.503451,iOS Bluetooth,212,21,0
1788429388.503451,iOS Bluetooth,212,0,0
1788429388.519762,iOS Bluetooth,228,75,65
1788429388.519762,iOS Bluetooth,212,13,0
1788429388.519762,iOS Bluetooth,212,0,0
1788429388.535008,iOS Bluetooth,228,37,66
1788429388.535008,iOS Bluetooth,212,0,0
1788429388.535008,iOS Bluetooth,212,0,0
1788429388.549695,iOS Bluetooth,228,114,66
1788429388.564955,iOS Bluetooth,228,63,67
1788429388.587874,iOS Bluetooth,228,19,68
1788429388.602746,iOS Bluetooth,228,75,68
1788429388.602746,iOS Bluetooth,212,0,0
1788429388.602746,iOS Bluetooth,212,0,0
1788429388.602746,iOS Bluetooth,132,47,64
1788429388.917382,iOS Bluetooth,229,0,64
1788429388.917382,iOS Bluetooth,149,50,120
1788429388.998533,iOS Bluetooth,229,14,64
1788429388.998533,iOS Bluetooth,213,8,0
1788429388.998533,iOS Bluetooth,213,0,0
1788429389.015483,iOS Bluetooth,229,103,64
1788429389.015483,iOS Bluetooth,213,30,0
1788429389.015483,iOS Bluetooth,213,0,0
1788429389.037523,iOS Bluetooth,229,75,65
1788429389.037523,iOS Bluetooth,213,13,0
1788429389.037523,iOS Bluetooth,213,0,0
1788429389.052250,iOS Bluetooth,229,37,66
1788429389.052250,iOS Bluetooth,213,0,0
1788429389.052250,iOS Bluetooth,213,0,0
1788429389.067365,iOS Bluetooth,229,7,67
1788429389.082317,iOS Bluetooth,229,119,67
1788429389.105295,iOS Bluetooth,229,110,68
1788429389.120481,iOS Bluetooth,229,114,69
1788429389.135405,iOS Bluetooth,229,56,70
1788429389.135405,iOS Bluetooth,213,0,0
1788429389.135405,iOS Bluetooth,213,0,0
1788429389.135405,iOS Bluetooth,133,50,64
1788429389.531216,iOS Bluetooth,230,0,64
1788429389.531216,iOS Bluetooth,150,91,120
1788429389.600737,iOS Bluetooth,230,15,64
1788429389.600737,iOS Bluetooth,214,2,0
1788429389.600737,iOS Bluetooth,214,0,0
1788429389.615633,iOS Bluetooth,230,119,64
1788429389.615633,iOS Bluetooth,214,0,0
1788429389.615633,iOS Bluetooth,214,0,0
1788429389.637492,iOS Bluetooth,230,82,65
1788429389.652239,iOS Bluetooth,230,16,66
1788429389.667299,iOS Bluetooth,230,86,66
1788429389.682300,iOS Bluetooth,230,21,67
1788429389.705785,iOS Bluetooth,230,84,67
1788429389.720513,iOS Bluetooth,230,12,68
1788429389.735544,iOS Bluetooth,214,0,0
1788429389.735544,iOS Bluetooth,214,0,0
1788429389.735544,iOS Bluetooth,134,91,64
1788429399.618793,iOS Bluetooth,231,0,64
1788429399.618793,iOS Bluetooth,151,91,120
1788429399.718075,iOS Bluetooth,231,31,64
1788429399.718075,iOS Bluetooth,215,8,0
1788429399.718075,iOS Bluetooth,215,0,0
1788429399.733119,iOS Bluetooth,231,97,64
1788429399.733119,iOS Bluetooth,215,12,0
1788429399.733119,iOS Bluetooth,215,0,0
1788429399.747938,iOS Bluetooth,231,61,65
1788429399.747938,iOS Bluetooth,215,9,0
1788429399.747938,iOS Bluetooth,215,0,0
1788429399.771855,iOS Bluetooth,231,123,65
1788429399.771855,iOS Bluetooth,215,7,0
1788429399.771855,iOS Bluetooth,215,0,0
1788429399.787010,iOS Bluetooth,231,79,66
1788429399.787010,iOS Bluetooth,215,5,0
1788429399.787010,iOS Bluetooth,215,0,0
1788429399.801178,iOS Bluetooth,231,42,67
1788429399.801178,iOS Bluetooth,215,8,0
1788429399.801178,iOS Bluetooth,215,0,0
1788429399.815944,iOS Bluetooth,231,119,67
1788429399.815944,iOS Bluetooth,215,14,0
1788429399.815944,iOS Bluetooth,215,0,0
1788429399.845228,iOS Bluetooth,231,68,68
1788429399.845228,iOS Bluetooth,215,15,0
1788429399.845228,iOS Bluetooth,215,0,0
1788429399.853089,iOS Bluetooth,231,124,68
1788429399.853089,iOS Bluetooth,215,17,0
1788429399.853089,iOS Bluetooth,215,0,0
1788429399.868195,iOS Bluetooth,231,59,69
1788429399.868195,iOS Bluetooth,215,16,0
1788429399.868195,iOS Bluetooth,215,0,0
1788429399.883140,iOS Bluetooth,231,121,69
1788429399.898923,iOS Bluetooth,231,63,70
1788429399.920310,iOS Bluetooth,231,5,71
1788429399.920310,iOS Bluetooth,215,17,0
1788429399.920310,iOS Bluetooth,215,0,0
1788429399.935237,iOS Bluetooth,231,82,71
1788429399.935237,iOS Bluetooth,215,16,0
1788429399.935237,iOS Bluetooth,215,0,0
1788429399.950285,iOS Bluetooth,231,24,72
1788429399.950285,iOS Bluetooth,215,15,0
1788429399.950285,iOS Bluetooth,215,0,0
1788429399.964994,iOS Bluetooth,231,87,72
1788429399.964994,iOS Bluetooth,215,14,0
1788429399.964994,iOS Bluetooth,215,0,0
1788429399.980160,iOS Bluetooth,231,115,72
1788429399.980160,iOS Bluetooth,215,15,0
1788429399.980160,iOS Bluetooth,215,0,0
1788429399.980160,iOS Bluetooth,215,0,0
1788429399.980160,iOS Bluetooth,215,0,0
1788429399.980160,iOS Bluetooth,135,91,64
1788429400.181531,iOS Bluetooth,232,0,64
1788429400.181531,iOS Bluetooth,152,77,120
1788429400.249641,iOS Bluetooth,232,109,63
1788429400.249641,iOS Bluetooth,216,28,0
1788429400.249641,iOS Bluetooth,216,0,0
1788429400.266859,iOS Bluetooth,232,10,64
1788429400.266859,iOS Bluetooth,216,23,0
1788429400.266859,iOS Bluetooth,216,0,0
1788429400.281695,iOS Bluetooth,232,7,65
1788429400.281695,iOS Bluetooth,216,60,0
1788429400.281695,iOS Bluetooth,216,0,0
1788429400.304740,iOS Bluetooth,232,23,66
1788429400.304740,iOS Bluetooth,216,36,0
1788429400.304740,iOS Bluetooth,216,0,0
1788429400.319565,iOS Bluetooth,232,35,67
1788429400.319565,iOS Bluetooth,216,25,0
1788429400.319565,iOS Bluetooth,216,0,0
1788429400.334661,iOS Bluetooth,232,26,68
1788429400.334661,iOS Bluetooth,216,20,0
1788429400.334661,iOS Bluetooth,216,0,0
1788429400.349493,iOS Bluetooth,232,10,69
1788429400.349493,iOS Bluetooth,216,15,0
1788429400.349493,iOS Bluetooth,216,0,0
1788429400.370157,iOS Bluetooth,232,107,69
1788429400.370157,iOS Bluetooth,216,13,0
1788429400.370157,iOS Bluetooth,216,0,0
1788429400.386001,iOS Bluetooth,232,49,70
1788429400.386001,iOS Bluetooth,216,12,0
1788429400.386001,iOS Bluetooth,216,0,0
1788429400.400681,iOS Bluetooth,232,105,70
1788429400.400681,iOS Bluetooth,216,9,0
1788429400.400681,iOS Bluetooth,216,0,0
1788429400.415908,iOS Bluetooth,232,12,71
1788429400.430677,iOS Bluetooth,232,19,71
1788429400.430677,iOS Bluetooth,216,8,0
1788429400.430677,iOS Bluetooth,216,0,0
1788429400.452939,iOS Bluetooth,232,112,70
1788429400.452939,iOS Bluetooth,216,7,0
1788429400.452939,iOS Bluetooth,216,0,0
1788429400.467921,iOS Bluetooth,216,0,0
1788429400.467921,iOS Bluetooth,216,0,0
1788429400.467921,iOS Bluetooth,136,77,64
1788429400.716456,iOS Bluetooth,233,0,64
1788429400.716456,iOS Bluetooth,153,63,120
1788429400.769788,iOS Bluetooth,233,38,65
1788429400.769788,iOS Bluetooth,217,10,0
1788429400.769788,iOS Bluetooth,217,0,0
1788429400.784998,iOS Bluetooth,233,121,66
1788429400.784998,iOS Bluetooth,217,2,0
1788429400.784998,iOS Bluetooth,217,0,0
1788429400.799772,iOS Bluetooth,233,110,68
1788429400.799772,iOS Bluetooth,217,0,0
1788429400.799772,iOS Bluetooth,217,0,0
1788429400.820861,iOS Bluetooth,233,119,70
1788429400.835714,iOS Bluetooth,233,101,72
1788429400.851060,iOS Bluetooth,233,61,74
1788429400.865766,iOS Bluetooth,233,122,75
1788429400.893987,iOS Bluetooth,233,33,77
1788429400.902742,iOS Bluetooth,233,10,78
1788429400.918119,iOS Bluetooth,233,101,78
1788429400.932906,iOS Bluetooth,233,1,79
1788429400.932906,iOS Bluetooth,217,0,0
1788429400.932906,iOS Bluetooth,217,0,0
1788429400.932906,iOS Bluetooth,137,63,64
1788429401.133912,iOS Bluetooth,234,0,64
1788429401.133912,iOS Bluetooth,154,69,120
1788429401.201616,iOS Bluetooth,234,4,65
1788429401.201616,iOS Bluetooth,218,14,0
1788429401.201616,iOS Bluetooth,218,0,0
1788429401.217738,iOS Bluetooth,234,58,66
1788429401.217738,iOS Bluetooth,218,3,0
1788429401.217738,iOS Bluetooth,218,0,0
1788429401.231920,iOS Bluetooth,234,12,68
1788429401.231920,iOS Bluetooth,218,0,0
1788429401.231920,iOS Bluetooth,218,0,0
1788429401.247928,iOS Bluetooth,234,100,69
1788429401.271282,iOS Bluetooth,234,75,71
1788429401.284610,iOS Bluetooth,234,21,73
1788429401.302740,iOS Bluetooth,234,75,74
1788429401.316003,iOS Bluetooth,234,115,75
1788429401.332758,iOS Bluetooth,234,26,77
1788429401.354732,iOS Bluetooth,234,31,78
1788429401.369728,iOS Bluetooth,218,0,0
1788429401.369728,iOS Bluetooth,218,0,0
1788429401.369728,iOS Bluetooth,138,69,64
1788429401.613998,iOS Bluetooth,235,0,64
1788429401.613998,iOS Bluetooth,155,60,120
1788429401.666337,iOS Bluetooth,235,27,64
1788429401.666337,iOS Bluetooth,219,3,0
1788429401.666337,iOS Bluetooth,219,0,0
1788429401.683427,iOS Bluetooth,235,9,66
1788429401.697758,iOS Bluetooth,235,26,68
1788429401.697758,iOS Bluetooth,219,0,0
1788429401.697758,iOS Bluetooth,219,0,0
1788429401.721050,iOS Bluetooth,235,98,70
1788429401.735979,iOS Bluetooth,235,21,73
1788429401.751700,iOS Bluetooth,235,96,74
1788429401.766703,iOS Bluetooth,235,108,75
1788429401.781732,iOS Bluetooth,235,78,76
1788429401.804606,iOS Bluetooth,235,112,76
1788429401.804606,iOS Bluetooth,219,0,0
1788429401.804606,iOS Bluetooth,219,0,0
1788429401.804606,iOS Bluetooth,139,60,64
1788429402.086111,iOS Bluetooth,236,0,64
1788429402.086111,iOS Bluetooth,156,45,120
1788429402.146719,iOS Bluetooth,236,42,64
1788429402.146719,iOS Bluetooth,220,10,0
1788429402.146719,iOS Bluetooth,220,0,0
1788429402.171119,iOS Bluetooth,236,123,65
1788429402.171119,iOS Bluetooth,220,11,0
1788429402.171119,iOS Bluetooth,220,0,0
1788429402.185939,iOS Bluetooth,236,91,67
1788429402.185939,iOS Bluetooth,220,0,0
1788429402.185939,iOS Bluetooth,220,0,0
1788429402.201429,iOS Bluetooth,236,79,69
1788429402.216128,iOS Bluetooth,236,47,71
1788429402.230956,iOS Bluetooth,236,122,72
1788429402.253070,iOS Bluetooth,236,40,74
1788429402.268181,iOS Bluetooth,236,66,75
1788429402.284740,iOS Bluetooth,236,64,76
1788429402.299718,iOS Bluetooth,236,54,77
1788429402.321730,iOS Bluetooth,236,59,78
1788429402.336876,iOS Bluetooth,236,64,79
1788429402.351580,iOS Bluetooth,236,89,80
1788429402.366769,iOS Bluetooth,236,22,82
1788429402.381671,iOS Bluetooth,220,0,0
1788429402.381671,iOS Bluetooth,220,0,0
1788429402.381671,iOS Bluetooth,140,45,64
1788429402.568101,iOS Bluetooth,237,0,64
1788429402.568101,iOS Bluetooth,157,74,120
1788429402.596152,iOS Bluetooth,237,122,64
1788429402.620998,iOS Bluetooth,237,116,65
1788429402.635901,iOS Bluetooth,237,7,67
1788429402.650780,iOS Bluetooth,237,33,68
1788429402.665933,iOS Bluetooth,237,52,69
1788429402.680729,iOS Bluetooth,237,56,70
1788429402.702766,iOS Bluetooth,237,40,71
1788429402.718151,iOS Bluetooth,237,24,72
1788429402.732806,iOS Bluetooth,221,0,0
1788429402.732806,iOS Bluetooth,221,0,0
1788429402.732806,iOS Bluetooth,141,74,64
1788429403.669128,iOS Bluetooth,238,0,64
1788429403.669128,iOS Bluetooth,158,94,120
1788429403.796789,iOS Bluetooth,238,85,64
1788429403.820842,iOS Bluetooth,238,82,65
1788429403.835704,iOS Bluetooth,238,44,66
1788429403.850810,iOS Bluetooth,238,114,66
1788429403.865824,iOS Bluetooth,238,42,67
1788429403.880779,iOS Bluetooth,238,77,67
1788429403.902837,iOS Bluetooth,238,119,67
1788429403.916876,iOS Bluetooth,222,0,0
1788429403.916876,iOS Bluetooth,222,0,0
1788429403.916876,iOS Bluetooth,142,94,64
1788429404.232568,iOS Bluetooth,239,0,64
1788429404.232568,iOS Bluetooth,159,85,120
1788429404.381517,iOS Bluetooth,239,125,63
1788429404.398216,iOS Bluetooth,239,123,63
1788429404.420985,iOS Bluetooth,239,122,63
1788429404.435722,iOS Bluetooth,239,121,63
1788429404.480480,iOS Bluetooth,239,114,63
1788429404.480480,iOS Bluetooth,223,0,0
1788429404.480480,iOS Bluetooth,223,0,0
1788429404.480480,iOS Bluetooth,143,85,64
1788429404.733900,iOS Bluetooth,225,0,64
1788429404.733900,iOS Bluetooth,145,74,120
1788429405.116405,iOS Bluetooth,225,126,63
1788429405.132728,iOS Bluetooth,209,0,0
1788429405.132728,iOS Bluetooth,209,0,0
1788429405.132728,iOS Bluetooth,129,74,64
1788429405.619087,iOS Bluetooth,226,0,64
1788429405.619087,iOS Bluetooth,146,80,120
1788429405.746548,iOS Bluetooth,210,0,0
1788429405.746548,iOS Bluetooth,210,0,0
1788429405.746548,iOS Bluetooth,130,80,64
1788429405.934202,iOS Bluetooth,227,0,64
1788429405.934202,iOS Bluetooth,147,67,120
1788429406.083769,iOS Bluetooth,211,0,0
1788429406.083769,iOS Bluetooth,211,0,0
1788429406.083769,iOS Bluetooth,131,67,64
1788429406.384279,iOS Bluetooth,228,0,64
1788429406.384279,iOS Bluetooth,148,70,120
1788429406.879087,iOS Bluetooth,212,0,0
1788429406.879087,iOS Bluetooth,212,0,0
1788429406.879087,iOS Bluetooth,132,70,64
1788429419.608547,iOS Bluetooth,229,0,64
1788429419.608547,iOS Bluetooth,149,48,96
1788429419.608547,iOS Bluetooth,213,47,0
1788429419.608547,iOS Bluetooth,213,0,0
1788429419.608547,iOS Bluetooth,230,0,64
1788429419.608547,iOS Bluetooth,150,51,96
1788429419.608547,iOS Bluetooth,230,29,65
1788429419.608547,iOS Bluetooth,214,49,0
1788429419.608547,iOS Bluetooth,214,0,0
1788429419.608547,iOS Bluetooth,231,0,64
1788429419.608547,iOS Bluetooth,151,54,96
1788429419.608547,iOS Bluetooth,231,96,64
1788429419.608547,iOS Bluetooth,215,12,0
1788429419.608547,iOS Bluetooth,215,0,0
1788429419.608547,iOS Bluetooth,232,0,64
1788429419.608547,iOS Bluetooth,152,57,96
1788429419.608547,iOS Bluetooth,232,30,63
1788429419.608547,iOS Bluetooth,216,29,0
1788429419.608547,iOS Bluetooth,216,0,0
1788429419.608547,iOS Bluetooth,233,0,64
1788429419.608547,iOS Bluetooth,153,60,96
1788429419.608547,iOS Bluetooth,233,100,62
1788429419.608547,iOS Bluetooth,217,51,0
1788429419.608547,iOS Bluetooth,217,0,0
1788429419.608547,iOS Bluetooth,234,0,64
1788429419.608547,iOS Bluetooth,154,63,96
1788429419.608547,iOS Bluetooth,234,2,64
1788429419.608547,iOS Bluetooth,218,19,0
1788429419.608547,iOS Bluetooth,218,0,0
1788429419.608547,iOS Bluetooth,235,0,64
1788429419.608547,iOS Bluetooth,155,66,96
1788429419.608547,iOS Bluetooth,235,30,65
1788429419.608547,iOS Bluetooth,219,10,0
1788429419.608547,iOS Bluetooth,219,0,0
1788429419.608547,iOS Bluetooth,236,0,64
1788429419.608547,iOS Bluetooth,156,69,96
1788429419.608547,iOS Bluetooth,236,94,64
1788429419.608547,iOS Bluetooth,220,74,0
1788429419.608547,iOS Bluetooth,220,0,0
1788429419.608547,iOS Bluetooth,237,0,64
1788429419.608547,iOS Bluetooth,157,72,96
1788429419.608547,iOS Bluetooth,237,28,63
1788429419.608547,iOS Bluetooth,221,36,0
1788429419.608547,iOS Bluetooth,221,0,0
1788429419.608547,iOS Bluetooth,238,0,64
1788429419.608547,iOS Bluetooth,158,75,96
1788429419.608547,iOS Bluetooth,238,101,62
1788429419.608547,iOS Bluetooth,222,4,0
1788429419.608547,iOS Bluetooth,222,0,0
1788429419.608996,iOS Bluetooth,176,118,0
1788429419.608996,iOS Bluetooth,229,3,64
1788429419.608996,iOS Bluetooth,213,49,0
1788429419.608996,iOS Bluetooth,213,0,0
1788429419.608996,iOS Bluetooth,230,30,65
1788429419.608996,iOS Bluetooth,231,93,64
1788429419.608996,iOS Bluetooth,232,28,63
1788429419.608996,iOS Bluetooth,233,101,62
1788429419.608996,iOS Bluetooth,234,4,64
1788429419.608996,iOS Bluetooth,218,18,0
1788429419.608996,iOS Bluetooth,218,0,0
1788429419.608996,iOS Bluetooth,219,11,0
1788429419.608996,iOS Bluetooth,219,0,0
1788429419.608996,iOS Bluetooth,236,91,64
1788429419.608996,iOS Bluetooth,220,76,0
1788429419.608996,iOS Bluetooth,220,0,0
1788429419.608996,iOS Bluetooth,237,25,63
1788429419.608996,iOS Bluetooth,221,34,0
1788429419.608996,iOS Bluetooth,221,0,0
1788429419.614712,iOS Bluetooth,229,5,64
1788429419.614712,iOS Bluetooth,213,51,0
1788429419.614712,iOS Bluetooth,213,0,0
1788429419.614712,iOS Bluetooth,214,48,0
1788429419.614712,iOS Bluetooth,214,0,0
1788429419.614712,iOS Bluetooth,231,91,64
1788429419.631947,iOS Bluetooth,216,30,0
1788429419.631947,iOS Bluetooth,216,0,0
1788429419.631947,iOS Bluetooth,233,104,62
1788429419.631947,iOS Bluetooth,217,52,0
1788429419.631947,iOS Bluetooth,217,0,0
1788429419.646981,iOS Bluetooth,218,17,0
1788429419.646981,iOS Bluetooth,218,0,0
1788429419.646981,iOS Bluetooth,235,34,65
1788429419.646981,iOS Bluetooth,219,13,0
1788429419.646981,iOS Bluetooth,219,0,0
1788429419.646981,iOS Bluetooth,236,79,64
1788429419.668556,iOS Bluetooth,237,13,63
1788429419.668556,iOS Bluetooth,221,24,0
1788429419.668556,iOS Bluetooth,221,0,0
1788429419.668556,iOS Bluetooth,238,110,62
1788429419.683652,iOS Bluetooth,213,64,0
1788429419.683652,iOS Bluetooth,213,0,0
1788429419.683652,iOS Bluetooth,230,35,65
1788429419.683652,iOS Bluetooth,214,45,0
1788429419.683652,iOS Bluetooth,214,0,0
1788429419.698800,iOS Bluetooth,232,7,63
1788429419.698800,iOS Bluetooth,216,33,0
1788429419.698800,iOS Bluetooth,216,0,0
1788429419.698800,iOS Bluetooth,233,114,62
1788429419.714526,iOS Bluetooth,217,54,0
1788429419.714526,iOS Bluetooth,217,0,0
1788429419.714526,iOS Bluetooth,234,34,64
1788429419.714526,iOS Bluetooth,218,13,0
1788429419.714526,iOS Bluetooth,218,0,0
1788429419.714526,iOS Bluetooth,235,36,65
1788429419.714526,iOS Bluetooth,219,18,0
1788429419.714526,iOS Bluetooth,219,0,0
1788429419.729348,iOS Bluetooth,236,57,64
1788429419.729348,iOS Bluetooth,220,98,0
1788429419.729348,iOS Bluetooth,220,0,0
1788429419.729348,iOS Bluetooth,237,124,62
1788429419.729348,iOS Bluetooth,221,15,0
1788429419.729348,iOS Bluetooth,221,0,0
1788429419.729348,iOS Bluetooth,238,122,62
1788429419.772110,iOS Bluetooth,222,15,0
1788429419.772110,iOS Bluetooth,222,0,0
1788429419.772110,iOS Bluetooth,229,49,64
1788429419.772110,iOS Bluetooth,213,80,0
1788429419.772110,iOS Bluetooth,213,0,0
1788429419.772110,iOS Bluetooth,230,37,65
1788429419.773403,iOS Bluetooth,214,40,0
1788429419.773403,iOS Bluetooth,214,0,0
1788429419.773403,iOS Bluetooth,231,45,64
1788429419.773403,iOS Bluetooth,215,2,0
1788429419.773403,iOS Bluetooth,215,0,0
1788429419.773403,iOS Bluetooth,232,120,62
1788429419.773403,iOS Bluetooth,216,36,0
1788429419.773403,iOS Bluetooth,216,0,0
1788429419.781336,iOS Bluetooth,233,0,63
1788429419.781336,iOS Bluetooth,217,56,0
1788429419.781336,iOS Bluetooth,217,0,0
1788429419.781336,iOS Bluetooth,234,58,64
1788429419.781336,iOS Bluetooth,234,0,0
1788429419.781336,iOS Bluetooth,234,0,2
1788429419.781336,iOS Bluetooth,234,23,0
1788429419.796504,iOS Bluetooth,236,35,64
1788429419.796504,iOS Bluetooth,220,108,0
1788429419.796504,iOS Bluetooth,220,0,0
1788429419.796504,iOS Bluetooth,220,0,0
1788429419.796504,iOS Bluetooth,220,0,0
1788429419.796504,iOS Bluetooth,220,0,0
1788429419.796504,iOS Bluetooth,221,9,0
1788429419.796504,iOS Bluetooth,221,0,0
1788429419.796504,iOS Bluetooth,238,8,63
1788429419.814023,iOS Bluetooth,222,23,0
1788429419.814023,iOS Bluetooth,222,0,0
1788429419.814023,iOS Bluetooth,229,70,64
1788429419.814023,iOS Bluetooth,229,0,0
1788429419.814023,iOS Bluetooth,229,0,34
1788429419.814023,iOS Bluetooth,229,37,0
1788429419.814023,iOS Bluetooth,231,24,64
1788429419.828107,iOS Bluetooth,215,0,0
1788429419.828107,iOS Bluetooth,215,0,0
1788429419.828107,iOS Bluetooth,232,110,62
1788429419.828107,iOS Bluetooth,232,0,0
1788429419.828107,iOS Bluetooth,232,0,50
1788429419.828107,iOS Bluetooth,232,13,63
1788429419.841013,iOS Bluetooth,217,58,0
1788429419.841013,iOS Bluetooth,217,0,0
1788429419.841013,iOS Bluetooth,234,80,64
1788429419.841013,iOS Bluetooth,218,3,0
1788429419.841013,iOS Bluetooth,218,0,0
1788429419.841013,iOS Bluetooth,218,0,0
1788429419.841013,iOS Bluetooth,218,0,0
1788429419.841013,iOS Bluetooth,218,0,0
1788429419.841013,iOS Bluetooth,219,29,0
1788429419.841013,iOS Bluetooth,219,0,0
1788429419.864240,iOS Bluetooth,236,13,64
1788429419.864240,iOS Bluetooth,220,101,0
1788429419.864240,iOS Bluetooth,220,0,0
1788429419.864240,iOS Bluetooth,237,104,62
1788429419.864240,iOS Bluetooth,237,0,0
1788429419.864240,iOS Bluetooth,237,0,82
1788429419.864240,iOS Bluetooth,237,24,63
1788429419.878665,iOS Bluetooth,222,35,0
1788429419.878665,iOS Bluetooth,222,0,0
1788429419.878665,iOS Bluetooth,229,89,64
1788429419.878665,iOS Bluetooth,229,0,0
1788429419.878665,iOS Bluetooth,229,0,0
1788429419.878665,iOS Bluetooth,229,0,0
1788429419.878665,iOS Bluetooth,214,33,0
1788429419.878665,iOS Bluetooth,214,0,0
1788429419.893352,iOS Bluetooth,231,0,64
1788429419.893352,iOS Bluetooth,232,101,62
1788429419.893352,iOS Bluetooth,232,0,0
1788429419.893352,iOS Bluetooth,232,0,0
1788429419.893352,iOS Bluetooth,232,0,0
1788429419.893352,iOS Bluetooth,217,60,0
1788429419.893352,iOS Bluetooth,217,0,0
1788429419.908137,iOS Bluetooth,234,98,64
1788429419.908137,iOS Bluetooth,218,0,0
1788429419.908137,iOS Bluetooth,218,0,0
1788429419.908137,iOS Bluetooth,235,27,65
1788429419.908137,iOS Bluetooth,219,36,0
1788429419.908137,iOS Bluetooth,219,0,0
1788429419.923316,iOS Bluetooth,236,120,63
1788429419.923316,iOS Bluetooth,220,93,0
1788429419.923316,iOS Bluetooth,220,0,0
1788429419.923316,iOS Bluetooth,237,97,62
1788429419.923316,iOS Bluetooth,221,2,0
1788429419.923316,iOS Bluetooth,221,0,0
1788429419.923316,iOS Bluetooth,238,41,63
1788429419.938456,iOS Bluetooth,222,50,0
1788429419.938456,iOS Bluetooth,222,0,0
1788429419.938456,iOS Bluetooth,229,107,64
1788429419.938456,iOS Bluetooth,213,67,0
1788429419.938456,iOS Bluetooth,213,0,0
1788429419.938456,iOS Bluetooth,230,24,65
1788429419.938456,iOS Bluetooth,214,29,0
1788429419.938456,iOS Bluetooth,214,0,0
1788429419.953489,iOS Bluetooth,231,118,63
1788429419.953489,iOS Bluetooth,215,2,0
1788429419.953489,iOS Bluetooth,215,0,0
1788429419.953489,iOS Bluetooth,232,94,62
1788429419.953489,iOS Bluetooth,216,44,0
1788429419.953489,iOS Bluetooth,216,0,0
1788429419.953489,iOS Bluetooth,233,49,63
1788429419.977394,iOS Bluetooth,217,64,0
1788429419.977394,iOS Bluetooth,217,0,0
1788429419.977394,iOS Bluetooth,234,115,64
1788429419.977394,iOS Bluetooth,235,18,65
1788429419.977394,iOS Bluetooth,219,42,0
1788429419.977394,iOS Bluetooth,219,0,0
1788429419.977394,iOS Bluetooth,236,101,63
1788429419.992332,iOS Bluetooth,220,84,0
1788429419.992332,iOS Bluetooth,220,0,0
1788429419.992332,iOS Bluetooth,237,93,62
1788429419.992332,iOS Bluetooth,221,0,0
1788429419.992332,iOS Bluetooth,221,0,0
1788429419.992332,iOS Bluetooth,238,61,63
1788429420.000367,iOS Bluetooth,229,123,64
1788429420.000367,iOS Bluetooth,213,62,0
1788429420.000367,iOS Bluetooth,213,0,0
1788429420.014152,iOS Bluetooth,230,14,65
1788429420.014152,iOS Bluetooth,214,25,0
1788429420.014152,iOS Bluetooth,214,0,0
1788429420.014152,iOS Bluetooth,214,0,0
1788429420.014152,iOS Bluetooth,214,0,0
1788429420.014152,iOS Bluetooth,214,0,0
1788429420.014152,iOS Bluetooth,215,9,0
1788429420.014152,iOS Bluetooth,215,0,0
1788429420.014152,iOS Bluetooth,232,92,62
1788429420.030733,iOS Bluetooth,216,46,0
1788429420.030733,iOS Bluetooth,216,0,0
1788429420.030733,iOS Bluetooth,233,70,63
1788429420.030733,iOS Bluetooth,233,0,0
1788429420.030733,iOS Bluetooth,233,0,122
1788429420.030733,iOS Bluetooth,233,2,65
1788429420.045268,iOS Bluetooth,218,2,0
1788429420.045268,iOS Bluetooth,218,0,0
1788429420.045268,iOS Bluetooth,235,6,65
1788429420.045268,iOS Bluetooth,219,50,0
1788429420.045268,iOS Bluetooth,219,0,0
1788429420.045268,iOS Bluetooth,219,0,0
1788429420.045268,iOS Bluetooth,219,0,0
1788429420.045268,iOS Bluetooth,219,0,0
1788429420.045268,iOS Bluetooth,220,76,0
1788429420.045268,iOS Bluetooth,220,0,0
1788429420.059087,iOS Bluetooth,237,91,62
1788429420.059087,iOS Bluetooth,238,83,63
1788429420.059087,iOS Bluetooth,222,78,0
1788429420.059087,iOS Bluetooth,222,0,0
1788429420.059087,iOS Bluetooth,222,0,0
1788429420.059087,iOS Bluetooth,222,0,0
1788429420.059087,iOS Bluetooth,222,0,0
1788429420.059087,iOS Bluetooth,213,58,0
1788429420.059087,iOS Bluetooth,213,0,0
1788429420.075726,iOS Bluetooth,230,2,65
1788429420.075726,iOS Bluetooth,214,21,0
1788429420.075726,iOS Bluetooth,214,0,0
1788429420.075726,iOS Bluetooth,214,0,0
1788429420.075726,iOS Bluetooth,214,0,0
1788429420.075726,iOS Bluetooth,214,0,0
1788429420.075726,iOS Bluetooth,214,0,0
1788429420.075726,iOS Bluetooth,214,0,0
1788429420.075726,iOS Bluetooth,214,0,0
1788429420.075726,iOS Bluetooth,216,48,0
1788429420.075726,iOS Bluetooth,216,0,0
1788429420.090676,iOS Bluetooth,233,93,63
1788429420.090676,iOS Bluetooth,217,48,0
1788429420.090676,iOS Bluetooth,217,0,0
1788429420.090676,iOS Bluetooth,217,0,0
1788429420.090676,iOS Bluetooth,217,0,0
1788429420.090676,iOS Bluetooth,217,0,0
1788429420.090676,iOS Bluetooth,217,0,0
1788429420.090676,iOS Bluetooth,217,0,0
1788429420.090676,iOS Bluetooth,217,0,0
1788429420.090676,iOS Bluetooth,235,122,64
1788429420.114023,iOS Bluetooth,219,58,0
1788429420.114023,iOS Bluetooth,219,0,0
1788429420.114023,iOS Bluetooth,236,58,63
1788429420.114023,iOS Bluetooth,220,62,0
1788429420.114023,iOS Bluetooth,220,0,0
1788429420.114023,iOS Bluetooth,237,93,62
1788429420.126676,iOS Bluetooth,221,1,0
1788429420.126676,iOS Bluetooth,221,0,0
1788429420.126676,iOS Bluetooth,238,104,63
1788429420.126676,iOS Bluetooth,222,87,0
1788429420.126676,iOS Bluetooth,222,0,0
1788429420.126676,iOS Bluetooth,229,19,65
1788429420.126676,iOS Bluetooth,213,54,0
1788429420.126676,iOS Bluetooth,213,0,0
1788429420.143166,iOS Bluetooth,230,115,64
1788429420.143166,iOS Bluetooth,214,17,0
1788429420.143166,iOS Bluetooth,214,0,0
1788429420.143166,iOS Bluetooth,231,51,63
1788429420.143166,iOS Bluetooth,215,25,0
1788429420.143166,iOS Bluetooth,215,0,0
1788429420.143166,iOS Bluetooth,232,94,62
1788429420.157239,iOS Bluetooth,216,50,0
1788429420.157239,iOS Bluetooth,216,0,0
1788429420.157239,iOS Bluetooth,233,115,63
1788429420.157239,iOS Bluetooth,217,30,0
1788429420.157239,iOS Bluetooth,217,0,0
1788429420.157239,iOS Bluetooth,234,24,65
1788429420.157239,iOS Bluetooth,218,7,0
1788429420.157239,iOS Bluetooth,218,0,0
1788429420.173051,iOS Bluetooth,235,104,64
1788429420.173051,iOS Bluetooth,219,68,0
1788429420.173051,iOS Bluetooth,219,0,0
1788429420.173051,iOS Bluetooth,236,36,63
1788429420.173051,iOS Bluetooth,220,43,0
1788429420.173051,iOS Bluetooth,220,0,0
1788429420.173051,iOS Bluetooth,237,98,62
1788429420.187352,iOS Bluetooth,221,3,0
1788429420.187352,iOS Bluetooth,221,0,0
1788429420.187352,iOS Bluetooth,238,126,63
1788429420.187352,iOS Bluetooth,222,96,0
1788429420.187352,iOS Bluetooth,222,0,0
1788429420.187352,iOS Bluetooth,229,28,65
1788429420.187352,iOS Bluetooth,229,0,0
1788429420.203214,iOS Bluetooth,230,98,64
1788429420.203214,iOS Bluetooth,214,13,0
1788429420.203214,iOS Bluetooth,214,0,0
1788429420.203214,iOS Bluetooth,214,0,0
1788429420.203214,iOS Bluetooth,214,0,0
1788429420.203214,iOS Bluetooth,134,51,64
1788429420.203214,iOS Bluetooth,239,0,64
1788429420.203214,iOS Bluetooth,159,51,96
1788429420.203214,iOS Bluetooth,231,30,63
1788429420.203214,iOS Bluetooth,215,29,0
1788429420.203214,iOS Bluetooth,215,0,0
1788429420.217341,iOS Bluetooth,216,51,0
1788429420.217341,iOS Bluetooth,216,0,0
1788429420.217341,iOS Bluetooth,233,4,64
1788429420.231706,iOS Bluetooth,217,17,0
1788429420.231706,iOS Bluetooth,217,0,0
1788429420.231706,iOS Bluetooth,234,31,65
1788429420.231706,iOS Bluetooth,234,0,0
1788429420.231706,iOS Bluetooth,234,0,66
1788429420.231706,iOS Bluetooth,234,86,64
1788429420.248214,iOS Bluetooth,219,80,0
1788429420.248214,iOS Bluetooth,219,0,0
1788429420.248214,iOS Bluetooth,236,19,63
1788429420.248214,iOS Bluetooth,220,30,0
1788429420.248214,iOS Bluetooth,220,0,0
1788429420.248214,iOS Bluetooth,220,0,0
1788429420.248214,iOS Bluetooth,220,0,0
1788429420.248214,iOS Bluetooth,220,0,0
1788429420.248214,iOS Bluetooth,221,6,0
1788429420.248214,iOS Bluetooth,221,0,0
1788429420.261469,iOS Bluetooth,238,22,64
1788429420.261469,iOS Bluetooth,222,104,0
1788429420.261469,iOS Bluetooth,222,0,0
1788429420.261469,iOS Bluetooth,239,82,64
1788429420.261469,iOS Bluetooth,239,0,0
1788429420.261469,iOS Bluetooth,239,0,98
1788429420.261469,iOS Bluetooth,239,34,65
1788429420.276467,iOS Bluetooth,213,45,0
1788429420.276467,iOS Bluetooth,213,0,0
1788429420.276467,iOS Bluetooth,231,13,63
1788429420.276467,iOS Bluetooth,231,0,0
1788429420.276467,iOS Bluetooth,231,0,0
1788429420.276467,iOS Bluetooth,231,0,0
1788429420.276467,iOS Bluetooth,216,53,0
1788429420.276467,iOS Bluetooth,216,0,0
1788429420.291800,iOS Bluetooth,233,26,64
1788429420.291800,iOS Bluetooth,217,15,0
1788429420.291800,iOS Bluetooth,217,0,0
1788429420.291800,iOS Bluetooth,217,0,0
1788429420.291800,iOS Bluetooth,217,0,0
1788429420.291800,iOS Bluetooth,217,0,0
1788429420.291800,iOS Bluetooth,217,0,0
1788429420.291800,iOS Bluetooth,217,0,0
1788429420.291800,iOS Bluetooth,217,0,0
1788429420.291800,iOS Bluetooth,235,67,64
1788429420.306637,iOS Bluetooth,219,93,0
1788429420.306637,iOS Bluetooth,219,0,0
1788429420.306637,iOS Bluetooth,236,3,63
1788429420.306637,iOS Bluetooth,220,18,0
1788429420.306637,iOS Bluetooth,220,0,0
1788429420.306637,iOS Bluetooth,237,117,62
1788429420.321589,iOS Bluetooth,221,12,0
1788429420.321589,iOS Bluetooth,221,0,0
1788429420.321589,iOS Bluetooth,238,44,64
1788429420.321589,iOS Bluetooth,222,106,0
1788429420.321589,iOS Bluetooth,222,0,0
1788429420.321589,iOS Bluetooth,239,54,64
1788429420.321589,iOS Bluetooth,223,3,0
1788429420.321589,iOS Bluetooth,223,0,0
1788429420.345306,iOS Bluetooth,229,37,65
1788429420.345306,iOS Bluetooth,213,42,0
1788429420.345306,iOS Bluetooth,213,0,0
1788429420.345306,iOS Bluetooth,231,126,62
1788429420.345306,iOS Bluetooth,215,35,0
1788429420.345306,iOS Bluetooth,215,0,0
1788429420.345306,iOS Bluetooth,232,122,62
1788429420.359581,iOS Bluetooth,216,55,0
1788429420.359581,iOS Bluetooth,216,0,0
1788429420.359581,iOS Bluetooth,233,49,64
1788429420.359581,iOS Bluetooth,217,9,0
1788429420.359581,iOS Bluetooth,217,0,0
1788429420.359581,iOS Bluetooth,234,37,65
1788429420.359581,iOS Bluetooth,218,21,0
1788429420.359581,iOS Bluetooth,218,0,0
1788429420.375527,iOS Bluetooth,235,43,64
1788429420.375527,iOS Bluetooth,219,107,0
1788429420.375527,iOS Bluetooth,219,0,0
1788429420.375527,iOS Bluetooth,236,117,62
1788429420.375527,iOS Bluetooth,220,11,0
1788429420.375527,iOS Bluetooth,220,0,0
1788429420.375527,iOS Bluetooth,237,2,63
1788429420.388528,iOS Bluetooth,221,20,0
1788429420.388528,iOS Bluetooth,221,0,0
1788429420.388528,iOS Bluetooth,238,65,64
1788429420.388528,iOS Bluetooth,222,91,0
1788429420.388528,iOS Bluetooth,222,0,0
1788429420.388528,iOS Bluetooth,239,33,64
1788429420.403270,iOS Bluetooth,229,36,65
1788429420.403270,iOS Bluetooth,213,38,0
1788429420.403270,iOS Bluetooth,213,0,0
1788429420.411558,iOS Bluetooth,231,112,62
1788429420.411558,iOS Bluetooth,215,38,0
1788429420.411558,iOS Bluetooth,215,0,0
1788429420.411558,iOS Bluetooth,215,0,0
1788429420.411558,iOS Bluetooth,215,0,0
1788429420.411558,iOS Bluetooth,215,0,0
1788429420.411558,iOS Bluetooth,216,57,0
1788429420.411558,iOS Bluetooth,216,0,0
1788429420.411558,iOS Bluetooth,233,72,64
1788429420.426594,iOS Bluetooth,217,4,0
1788429420.426594,iOS Bluetooth,217,0,0
1788429420.426594,iOS Bluetooth,234,34,65
1788429420.426594,iOS Bluetooth,234,0,0
1788429420.426594,iOS Bluetooth,234,0,10
1788429420.426594,iOS Bluetooth,234,21,64
1788429420.441632,iOS Bluetooth,219,103,0
1788429420.441632,iOS Bluetooth,219,0,0
1788429420.441632,iOS Bluetooth,236,106,62
1788429420.441632,iOS Bluetooth,220,6,0
1788429420.441632,iOS Bluetooth,220,0,0
1788429420.441632,iOS Bluetooth,220,0,0
1788429420.441632,iOS Bluetooth,220,0,0
1788429420.441632,iOS Bluetooth,220,0,0
1788429420.441632,iOS Bluetooth,221,30,0
1788429420.441632,iOS Bluetooth,221,0,0
1788429420.463538,iOS Bluetooth,238,87,64
1788429420.463538,iOS Bluetooth,222,78,0
1788429420.463538,iOS Bluetooth,222,0,0
1788429420.463538,iOS Bluetooth,239,9,64
1788429420.463538,iOS Bluetooth,239,0,0
1788429420.463538,iOS Bluetooth,239,0,42
1788429420.463538,iOS Bluetooth,239,34,0
1788429420.478622,iOS Bluetooth,231,103,62
1788429420.478622,iOS Bluetooth,215,41,0
1788429420.478622,iOS Bluetooth,215,0,0
1788429420.478622,iOS Bluetooth,215,0,0
1788429420.478622,iOS Bluetooth,215,0,0
1788429420.478622,iOS Bluetooth,215,0,0
1788429420.478622,iOS Bluetooth,215,0,0
1788429420.478622,iOS Bluetooth,215,0,0
1788429420.478622,iOS Bluetooth,215,0,0
1788429420.478622,iOS Bluetooth,233,92,64
1788429420.493508,iOS Bluetooth,217,1,0
1788429420.493508,iOS Bluetooth,217,0,0
1788429420.493508,iOS Bluetooth,234,29,65
1788429420.493508,iOS Bluetooth,234,0,0
1788429420.493508,iOS Bluetooth,234,0,0
1788429420.493508,iOS Bluetooth,234,0,0
1788429420.493508,iOS Bluetooth,219,96,0
1788429420.493508,iOS Bluetooth,219,0,0
1788429420.508366,iOS Bluetooth,236,98,62
1788429420.508366,iOS Bluetooth,220,3,0
1788429420.508366,iOS Bluetooth,220,0,0
1788429420.508366,iOS Bluetooth,237,37,63
1788429420.508366,iOS Bluetooth,221,44,0
1788429420.508366,iOS Bluetooth,221,0,0
1788429420.523552,iOS Bluetooth,238,105,64
1788429420.523552,iOS Bluetooth,222,67,0
1788429420.523552,iOS Bluetooth,222,0,0
1788429420.523552,iOS Bluetooth,239,0,64
1788429420.523552,iOS Bluetooth,229,25,65
1788429420.523552,iOS Bluetooth,213,30,0
1788429420.523552,iOS Bluetooth,213,0,0
1788429420.538460,iOS Bluetooth,231,96,62
1788429420.538460,iOS Bluetooth,215,43,0
1788429420.538460,iOS Bluetooth,215,0,0
1788429420.538460,iOS Bluetooth,232,41,63
1788429420.538460,iOS Bluetooth,216,62,0
1788429420.538460,iOS Bluetooth,216,0,0
1788429420.538460,iOS Bluetooth,233,109,64
1788429420.553704,iOS Bluetooth,217,0,0
1788429420.553704,iOS Bluetooth,217,0,0
1788429420.553704,iOS Bluetooth,234,22,65
1788429420.553704,iOS Bluetooth,218,41,0
1788429420.553704,iOS Bluetooth,218,0,0
1788429420.553704,iOS Bluetooth,235,106,63
1788429420.553704,iOS Bluetooth,219,88,0
1788429420.553704,iOS Bluetooth,219,0,0
1788429420.568724,iOS Bluetooth,236,93,62
1788429420.568724,iOS Bluetooth,220,1,0
1788429420.568724,iOS Bluetooth,220,0,0
1788429420.568724,iOS Bluetooth,237,56,63
1788429420.568724,iOS Bluetooth,221,62,0
1788429420.568724,iOS Bluetooth,221,0,0
1788429420.568724,iOS Bluetooth,238,119,64
1788429420.591527,iOS Bluetooth,222,58,0
1788429420.591527,iOS Bluetooth,222,0,0
1788429420.591527,iOS Bluetooth,239,106,63
1788429420.591527,iOS Bluetooth,223,6,0
1788429420.591527,iOS Bluetooth,223,0,0
1788429420.591527,iOS Bluetooth,229,15,65
1788429420.598386,iOS Bluetooth,231,92,62
1788429420.598386,iOS Bluetooth,215,45,0
1788429420.598386,iOS Bluetooth,215,0,0
1788429420.598386,iOS Bluetooth,176,118,1
1788429420.615324,iOS Bluetooth,232,64,63
1788429420.615324,iOS Bluetooth,216,65,0
1788429420.615324,iOS Bluetooth,216,0,0
1788429420.615324,iOS Bluetooth,216,0,0
1788429420.615324,iOS Bluetooth,216,0,0
1788429420.615324,iOS Bluetooth,216,0,0
1788429420.615324,iOS Bluetooth,217,1,0
1788429420.615324,iOS Bluetooth,217,0,0
1788429420.615324,iOS Bluetooth,234,11,65
1788429420.630457,iOS Bluetooth,218,48,0
1788429420.630457,iOS Bluetooth,218,0,0
1788429420.630457,iOS Bluetooth,235,85,63
1788429420.630457,iOS Bluetooth,235,0,0
1788429420.630457,iOS Bluetooth,235,0,82
1788429420.630457,iOS Bluetooth,235,91,62
1788429420.645274,iOS Bluetooth,220,0,0
1788429420.645274,iOS Bluetooth,220,0,0
1788429420.645274,iOS Bluetooth,237,77,63
1788429420.645274,iOS Bluetooth,221,76,0
1788429420.645274,iOS Bluetooth,221,0,0
1788429420.645274,iOS Bluetooth,221,0,0
1788429420.645274,iOS Bluetooth,221,0,0
1788429420.645274,iOS Bluetooth,221,0,0
1788429420.645274,iOS Bluetooth,222,50,0
1788429420.645274,iOS Bluetooth,222,0,0
1788429420.660351,iOS Bluetooth,239,79,63
1788429420.660351,iOS Bluetooth,223,13,0
1788429420.660351,iOS Bluetooth,223,0,0
1788429420.660351,iOS Bluetooth,229,3,65
1788429420.660351,iOS Bluetooth,229,0,0
1788429420.660351,iOS Bluetooth,229,0,114
1788429420.660351,iOS Bluetooth,229,91,62
1788429420.674497,iOS Bluetooth,215,47,0
1788429420.674497,iOS Bluetooth,215,0,0
1788429420.674497,iOS Bluetooth,232,87,63
1788429420.674497,iOS Bluetooth,232,0,0
1788429420.674497,iOS Bluetooth,232,0,0
1788429420.674497,iOS Bluetooth,232,0,0
1788429420.674497,iOS Bluetooth,217,3,0
1788429420.674497,iOS Bluetooth,217,0,0
1788429420.690576,iOS Bluetooth,234,124,64
1788429420.690576,iOS Bluetooth,218,56,0
1788429420.690576,iOS Bluetooth,218,0,0
1788429420.690576,iOS Bluetooth,218,0,0
1788429420.690576,iOS Bluetooth,218,0,0
1788429420.690576,iOS Bluetooth,218,0,0
1788429420.690576,iOS Bluetooth,218,0,0
1788429420.690576,iOS Bluetooth,218,0,0
1788429420.690576,iOS Bluetooth,218,0,0
1788429420.690576,iOS Bluetooth,236,92,62
1788429420.713590,iOS Bluetooth,220,1,0
1788429420.713590,iOS Bluetooth,220,0,0
1788429420.713590,iOS Bluetooth,237,99,63
1788429420.713590,iOS Bluetooth,221,86,0
1788429420.713590,iOS Bluetooth,221,0,0
1788429420.713590,iOS Bluetooth,238,18,65
1788429420.728168,iOS Bluetooth,222,41,0
1788429420.728168,iOS Bluetooth,222,0,0
1788429420.728168,iOS Bluetooth,239,56,63
1788429420.728168,iOS Bluetooth,223,23,0
1788429420.728168,iOS Bluetooth,223,0,0
1788429420.728168,iOS Bluetooth,229,115,64
1788429420.728168,iOS Bluetooth,213,17,0
1788429420.728168,iOS Bluetooth,213,0,0
1788429420.741562,iOS Bluetooth,231,94,62
1788429420.741562,iOS Bluetooth,215,49,0
1788429420.741562,iOS Bluetooth,215,0,0
1788429420.741562,iOS Bluetooth,232,110,63
1788429420.741562,iOS Bluetooth,216,34,0
1788429420.741562,iOS Bluetooth,216,0,0
1788429420.741562,iOS Bluetooth,233,22,65
1788429420.756756,iOS Bluetooth,217,7,0
1788429420.756756,iOS Bluetooth,217,0,0
1788429420.756756,iOS Bluetooth,234,109,64
1788429420.756756,iOS Bluetooth,218,66,0
1788429420.756756,iOS Bluetooth,218,0,0
1788429420.756756,iOS Bluetooth,235,41,63
1788429420.756756,iOS Bluetooth,219,48,0
1788429420.756756,iOS Bluetooth,219,0,0
1788429420.771666,iOS Bluetooth,236,97,62
1788429420.771666,iOS Bluetooth,220,2,0
1788429420.771666,iOS Bluetooth,220,0,0
1788429420.771666,iOS Bluetooth,237,123,63
1788429420.771666,iOS Bluetooth,221,94,0
1788429420.771666,iOS Bluetooth,221,0,0
1788429420.771666,iOS Bluetooth,238,27,65
1788429420.786467,iOS Bluetooth,223,28,0
1788429420.786467,iOS Bluetooth,223,0,0
1788429420.786467,iOS Bluetooth,229,98,64
1788429420.814591,iOS Bluetooth,231,99,62
1788429420.814591,iOS Bluetooth,215,51,0
1788429420.814591,iOS Bluetooth,215,0,0
1788429420.814591,iOS Bluetooth,215,0,0
1788429420.814591,iOS Bluetooth,215,0,0
1788429420.814591,iOS Bluetooth,135,54,64
1788429420.814591,iOS Bluetooth,225,0,64
1788429420.814591,iOS Bluetooth,145,54,96
1788429420.816516,iOS Bluetooth,232,2,64
1788429420.816516,iOS Bluetooth,216,19,0
1788429420.816516,iOS Bluetooth,216,0,0
1788429420.816516,iOS Bluetooth,216,0,0
1788429420.816516,iOS Bluetooth,216,0,0
1788429420.816516,iOS Bluetooth,216,0,0
1788429420.816516,iOS Bluetooth,217,11,0
1788429420.816516,iOS Bluetooth,217,0,0
1788429420.816516,iOS Bluetooth,234,91,64
1788429420.831569,iOS Bluetooth,218,77,0
1788429420.831569,iOS Bluetooth,218,0,0
1788429420.831569,iOS Bluetooth,235,23,63
1788429420.831569,iOS Bluetooth,235,0,0
1788429420.831569,iOS Bluetooth,235,0,26
1788429420.831569,iOS Bluetooth,235,104,62
1788429420.846675,iOS Bluetooth,220,6,0
1788429420.846675,iOS Bluetooth,220,0,0
1788429420.846675,iOS Bluetooth,237,17,64
1788429420.846675,iOS Bluetooth,221,102,0
1788429420.846675,iOS Bluetooth,221,0,0
1788429420.846675,iOS Bluetooth,221,0,0
1788429420.846675,iOS Bluetooth,221,0,0
1788429420.846675,iOS Bluetooth,221,0,0
1788429420.846675,iOS Bluetooth,222,28,0
1788429420.846675,iOS Bluetooth,222,0,0
1788429420.861744,iOS Bluetooth,239,17,63
1788429420.861744,iOS Bluetooth,223,31,0
1788429420.861744,iOS Bluetooth,223,0,0
1788429420.861744,iOS Bluetooth,225,106,62
1788429420.861744,iOS Bluetooth,225,0,0
1788429420.861744,iOS Bluetooth,225,0,58
1788429420.861744,iOS Bluetooth,225,77,64
1788429420.876656,iOS Bluetooth,213,8,0
1788429420.876656,iOS Bluetooth,213,0,0
1788429420.876656,iOS Bluetooth,232,20,64
1788429420.876656,iOS Bluetooth,232,0,0
1788429420.876656,iOS Bluetooth,232,0,0
1788429420.876656,iOS Bluetooth,232,0,0
1788429420.876656,iOS Bluetooth,217,15,0
1788429420.876656,iOS Bluetooth,217,0,0
1788429420.891805,iOS Bluetooth,234,69,64
1788429420.891805,iOS Bluetooth,218,89,0
1788429420.891805,iOS Bluetooth,218,0,0
1788429420.891805,iOS Bluetooth,218,0,0
1788429420.891805,iOS Bluetooth,218,0,0
1788429420.891805,iOS Bluetooth,218,0,0
1788429420.891805,iOS Bluetooth,218,0,0
1788429420.891805,iOS Bluetooth,218,0,0
1788429420.891805,iOS Bluetooth,218,0,0
1788429420.891805,iOS Bluetooth,236,114,62
1788429420.906483,iOS Bluetooth,220,11,0
1788429420.906483,iOS Bluetooth,220,0,0
1788429420.906483,iOS Bluetooth,237,39,64
1788429420.906483,iOS Bluetooth,221,108,0
1788429420.906483,iOS Bluetooth,221,0,0
1788429420.906483,iOS Bluetooth,238,36,65
1788429420.921545,iOS Bluetooth,222,22,0
1788429420.921545,iOS Bluetooth,222,0,0
1788429420.921545,iOS Bluetooth,239,2,63
1788429420.921545,iOS Bluetooth,223,34,0
1788429420.921545,iOS Bluetooth,223,0,0
1788429420.921545,iOS Bluetooth,225,118,62
1788429420.921545,iOS Bluetooth,209,54,0
1788429420.921545,iOS Bluetooth,209,0,0
1788429420.943744,iOS Bluetooth,229,51,64
1788429420.943744,iOS Bluetooth,213,3,0
1788429420.943744,iOS Bluetooth,213,0,0
1788429420.943744,iOS Bluetooth,232,43,64
1788429420.943744,iOS Bluetooth,216,10,0
1788429420.943744,iOS Bluetooth,216,0,0
1788429420.943744,iOS Bluetooth,233,37,65
1788429420.958796,iOS Bluetooth,217,21,0
1788429420.958796,iOS Bluetooth,217,0,0
1788429420.958796,iOS Bluetooth,234,49,64
1788429420.958796,iOS Bluetooth,218,105,0
1788429420.958796,iOS Bluetooth,218,0,0
1788429420.958796,iOS Bluetooth,235,120,62
1788429420.958796,iOS Bluetooth,219,13,0
1788429420.958796,iOS Bluetooth,219,0,0
1788429420.973486,iOS Bluetooth,236,0,63
1788429420.973486,iOS Bluetooth,220,18,0
1788429420.973486,iOS Bluetooth,220,0,0
1788429420.973486,iOS Bluetooth,237,62,64
1788429420.973486,iOS Bluetooth,221,94,0
1788429420.973486,iOS Bluetooth,221,0,0
1788429420.973486,iOS Bluetooth,222,17,0
1788429420.973486,iOS Bluetooth,222,0,0
1788429420.988464,iOS Bluetooth,239,117,62
1788429420.988464,iOS Bluetooth,223,37,0
1788429420.988464,iOS Bluetooth,223,0,0
1788429420.988464,iOS Bluetooth,225,4,63
1788429420.988464,iOS Bluetooth,209,56,0
1788429420.988464,iOS Bluetooth,209,0,0
1788429420.996715,iOS Bluetooth,213,0,0
1788429420.996715,iOS Bluetooth,213,0,0
1788429420.996715,iOS Bluetooth,232,66,64
1788429421.011791,iOS Bluetooth,216,5,0
1788429421.011791,iOS Bluetooth,216,0,0
1788429421.011791,iOS Bluetooth,233,35,65
1788429421.011791,iOS Bluetooth,233,0,0
1788429421.011791,iOS Bluetooth,233,0,82
1788429421.011791,iOS Bluetooth,233,27,64
1788429421.011791,iOS Bluetooth,235,110,62
1788429421.026699,iOS Bluetooth,219,7,0
1788429421.026699,iOS Bluetooth,219,0,0
1788429421.026699,iOS Bluetooth,236,13,63
1788429421.026699,iOS Bluetooth,236,0,0
1788429421.026699,iOS Bluetooth,236,0,98
1788429421.026699,iOS Bluetooth,236,80,64
1788429421.041691,iOS Bluetooth,221,81,0
1788429421.041691,iOS Bluetooth,221,0,0
1788429421.041691,iOS Bluetooth,238,33,65
1788429421.041691,iOS Bluetooth,222,13,0
1788429421.041691,iOS Bluetooth,222,0,0
1788429421.041691,iOS Bluetooth,222,0,0
1788429421.041691,iOS Bluetooth,222,0,0
1788429421.041691,iOS Bluetooth,222,0,0
1788429421.041691,iOS Bluetooth,223,40,0
1788429421.041691,iOS Bluetooth,223,0,0
1788429421.063471,iOS Bluetooth,225,19,63
1788429421.063471,iOS Bluetooth,209,58,0
1788429421.063471,iOS Bluetooth,209,0,0
1788429421.063471,iOS Bluetooth,229,6,64
1788429421.063471,iOS Bluetooth,229,0,0
1788429421.063471,iOS Bluetooth,229,0,2
1788429421.063471,iOS Bluetooth,229,2,0
1788429421.078500,iOS Bluetooth,233,31,65
1788429421.078500,iOS Bluetooth,217,31,0
1788429421.078500,iOS Bluetooth,217,0,0
1788429421.078500,iOS Bluetooth,217,0,0
1788429421.078500,iOS Bluetooth,217,0,0
1788429421.078500,iOS Bluetooth,217,0,0
1788429421.078500,iOS Bluetooth,217,0,0
1788429421.078500,iOS Bluetooth,217,0,0
1788429421.078500,iOS Bluetooth,217,0,0
1788429421.078500,iOS Bluetooth,235,101,62
1788429421.093444,iOS Bluetooth,219,4,0
1788429421.093444,iOS Bluetooth,219,0,0
1788429421.093444,iOS Bluetooth,236,30,63
1788429421.093444,iOS Bluetooth,236,0,0
1788429421.093444,iOS Bluetooth,236,0,0
1788429421.093444,iOS Bluetooth,236,0,0
1788429421.093444,iOS Bluetooth,221,71,0
1788429421.093444,iOS Bluetooth,221,0,0
1788429421.108245,iOS Bluetooth,238,27,65
1788429421.108245,iOS Bluetooth,222,9,0
1788429421.108245,iOS Bluetooth,222,0,0
1788429421.108245,iOS Bluetooth,239,98,62
1788429421.108245,iOS Bluetooth,223,42,0
1788429421.108245,iOS Bluetooth,223,0,0
1788429421.123442,iOS Bluetooth,225,37,63
1788429421.123442,iOS Bluetooth,209,61,0
1788429421.123442,iOS Bluetooth,209,0,0
1788429421.123442,iOS Bluetooth,229,0,64
1788429421.123442,iOS Bluetooth,232,105,64
1788429421.123442,iOS Bluetooth,216,0,0
1788429421.123442,iOS Bluetooth,216,0,0
1788429421.138385,iOS Bluetooth,233,24,65
1788429421.138385,iOS Bluetooth,217,38,0
1788429421.138385,iOS Bluetooth,217,0,0
1788429421.138385,iOS Bluetooth,234,114,63
1788429421.138385,iOS Bluetooth,218,90,0
1788429421.138385,iOS Bluetooth,218,0,0
1788429421.138385,iOS Bluetooth,235,95,62
1788429421.153807,iOS Bluetooth,219,1,0
1788429421.153807,iOS Bluetooth,219,0,0
1788429421.153807,iOS Bluetooth,236,49,63
1788429421.153807,iOS Bluetooth,220,57,0
1788429421.153807,iOS Bluetooth,220,0,0
1788429421.153807,iOS Bluetooth,237,115,64
1788429421.153807,iOS Bluetooth,221,61,0
1788429421.153807,iOS Bluetooth,221,0,0
1788429421.176621,iOS Bluetooth,238,18,65
1788429421.176621,iOS Bluetooth,222,5,0
1788429421.176621,iOS Bluetooth,222,0,0
1788429421.176621,iOS Bluetooth,239,93,62
1788429421.176621,iOS Bluetooth,223,44,0
1788429421.176621,iOS Bluetooth,223,0,0
1788429421.176621,iOS Bluetooth,225,54,63
1788429421.191541,iOS Bluetooth,209,65,0
1788429421.191541,iOS Bluetooth,209,0,0
1788429421.191541,iOS Bluetooth,229,103,63
1788429421.191541,iOS Bluetooth,213,6,0
1788429421.191541,iOS Bluetooth,213,0,0
1788429421.191541,iOS Bluetooth,232,121,64
1788429421.198390,iOS Bluetooth,233,14,65
1788429421.198390,iOS Bluetooth,217,45,0
1788429421.198390,iOS Bluetooth,217,0,0
1788429421.213565,iOS Bluetooth,234,90,63
1788429421.213565,iOS Bluetooth,218,81,0
1788429421.213565,iOS Bluetooth,218,0,0
1788429421.213565,iOS Bluetooth,218,0,0
1788429421.213565,iOS Bluetooth,218,0,0
1788429421.213565,iOS Bluetooth,218,0,0
1788429421.213565,iOS Bluetooth,219,0,0
1788429421.213565,iOS Bluetooth,219,0,0
1788429421.213565,iOS Bluetooth,236,69,63
1788429421.228474,iOS Bluetooth,220,74,0
1788429421.228474,iOS Bluetooth,220,0,0
1788429421.228474,iOS Bluetooth,237,2,65
1788429421.228474,iOS Bluetooth,237,0,0
1788429421.228474,iOS Bluetooth,237,0,42
1788429421.228474,iOS Bluetooth,237,6,65
1788429421.243270,iOS Bluetooth,222,2,0
1788429421.243270,iOS Bluetooth,222,0,0
1788429421.243270,iOS Bluetooth,239,91,62
1788429421.243270,iOS Bluetooth,223,46,0
1788429421.243270,iOS Bluetooth,223,0,0
1788429421.243270,iOS Bluetooth,223,0,0
1788429421.243270,iOS Bluetooth,223,0,0
1788429421.243270,iOS Bluetooth,223,0,0
1788429421.243270,iOS Bluetooth,209,57,0
1788429421.243270,iOS Bluetooth,209,0,0
1788429421.258502,iOS Bluetooth,229,76,63
1788429421.258502,iOS Bluetooth,213,13,0
1788429421.258502,iOS Bluetooth,213,0,0
1788429421.258502,iOS Bluetooth,232,7,65
1788429421.258502,iOS Bluetooth,232,0,0
1788429421.258502,iOS Bluetooth,232,0,74
1788429421.258502,iOS Bluetooth,232,1,65
1788429421.273359,iOS Bluetooth,217,54,0
1788429421.273359,iOS Bluetooth,217,0,0
1788429421.273359,iOS Bluetooth,234,69,63
1788429421.273359,iOS Bluetooth,234,0,0
1788429421.273359,iOS Bluetooth,234,0,0
1788429421.273359,iOS Bluetooth,234,0,0
1788429421.273359,iOS Bluetooth,220,82,0
1788429421.273359,iOS Bluetooth,220,0,0
1788429421.298421,iOS Bluetooth,237,14,65
1788429421.298421,iOS Bluetooth,221,45,0
1788429421.298421,iOS Bluetooth,221,0,0
1788429421.298421,iOS Bluetooth,221,0,0
1788429421.298421,iOS Bluetooth,221,0,0
1788429421.298421,iOS Bluetooth,221,0,0
1788429421.298421,iOS Bluetooth,221,0,0
1788429421.298421,iOS Bluetooth,221,0,0
1788429421.298421,iOS Bluetooth,221,0,0
1788429421.298421,iOS Bluetooth,239,92,62
1788429421.311617,iOS Bluetooth,223,48,0
1788429421.311617,iOS Bluetooth,223,0,0
1788429421.311617,iOS Bluetooth,225,98,63
1788429421.311617,iOS Bluetooth,209,42,0
1788429421.311617,iOS Bluetooth,209,0,0
1788429421.311617,iOS Bluetooth,229,56,63
1788429421.326655,iOS Bluetooth,213,23,0
1788429421.326655,iOS Bluetooth,213,0,0
1788429421.326655,iOS Bluetooth,232,18,65
1788429421.326655,iOS Bluetooth,216,5,0
1788429421.326655,iOS Bluetooth,216,0,0
1788429421.326655,iOS Bluetooth,233,115,64
1788429421.326655,iOS Bluetooth,217,62,0
1788429421.326655,iOS Bluetooth,217,0,0
1788429421.341587,iOS Bluetooth,234,48,63
1788429421.341587,iOS Bluetooth,218,54,0
1788429421.341587,iOS Bluetooth,218,0,0
1788429421.341587,iOS Bluetooth,235,94,62
1788429421.341587,iOS Bluetooth,219,1,0
1788429421.341587,iOS Bluetooth,219,0,0
1788429421.341587,iOS Bluetooth,236,112,63
1788429421.356809,iOS Bluetooth,220,91,0
1788429421.356809,iOS Bluetooth,220,0,0
1788429421.356809,iOS Bluetooth,237,24,65
1788429421.356809,iOS Bluetooth,221,37,0
1788429421.356809,iOS Bluetooth,221,0,0
1788429421.356809,iOS Bluetooth,238,104,64
1788429421.356809,iOS Bluetooth,222,0,0
1788429421.356809,iOS Bluetooth,222,0,0
1788429421.371893,iOS Bluetooth,239,96,62
1788429421.371893,iOS Bluetooth,223,50,0
1788429421.371893,iOS Bluetooth,223,0,0
1788429421.371893,iOS Bluetooth,225,122,63
1788429421.371893,iOS Bluetooth,209,26,0
1788429421.371893,iOS Bluetooth,209,0,0
1788429421.371893,iOS Bluetooth,229,36,63
1788429421.386688,iOS Bluetooth,213,28,0
1788429421.386688,iOS Bluetooth,213,0,0
1788429421.386688,iOS Bluetooth,232,27,65
1788429421.386688,iOS Bluetooth,216,9,0
1788429421.386688,iOS Bluetooth,216,0,0
1788429421.386688,iOS Bluetooth,233,98,64
1788429421.386688,iOS Bluetooth,233,0,0
1788429421.400271,iOS Bluetooth,234,30,63
1788429421.400271,iOS Bluetooth,218,38,0
1788429421.400271,iOS Bluetooth,218,0,0
1788429421.400271,iOS Bluetooth,216,0,0
1788429421.400271,iOS Bluetooth,216,0,0
1788429421.400271,iOS Bluetooth,136,57,64
1788429421.400271,iOS Bluetooth,226,0,64
1788429421.400271,iOS Bluetooth,146,57,96
1788429421.400271,iOS Bluetooth,235,101,62
1788429421.400271,iOS Bluetooth,219,4,0
1788429421.400271,iOS Bluetooth,219,0,0
1788429421.415477,iOS Bluetooth,220,99,0
1788429421.415477,iOS Bluetooth,220,0,0
1788429421.415477,iOS Bluetooth,237,31,65
1788429421.433182,iOS Bluetooth,221,31,0
1788429421.433182,iOS Bluetooth,221,0,0
1788429421.433182,iOS Bluetooth,238,86,64
1788429421.433182,iOS Bluetooth,238,0,0
1788429421.433182,iOS Bluetooth,238,0,114
1788429421.433182,iOS Bluetooth,238,103,62
1788429421.447340,iOS Bluetooth,223,52,0
1788429421.447340,iOS Bluetooth,223,0,0
1788429421.447340,iOS Bluetooth,225,10,64
1788429421.447340,iOS Bluetooth,209,17,0
1788429421.447340,iOS Bluetooth,209,0,0
1788429421.447340,iOS Bluetooth,209,0,0
1788429421.447340,iOS Bluetooth,209,0,0
1788429421.447340,iOS Bluetooth,209,0,0
1788429421.447340,iOS Bluetooth,210,13,0
1788429421.447340,iOS Bluetooth,210,0,0
1788429421.461537,iOS Bluetooth,229,15,63
1788429421.461537,iOS Bluetooth,213,31,0
1788429421.461537,iOS Bluetooth,213,0,0
1788429421.461537,iOS Bluetooth,232,29,65
1788429421.461537,iOS Bluetooth,232,0,0
1788429421.461537,iOS Bluetooth,232,0,18
1788429421.461537,iOS Bluetooth,232,85,0
1788429421.476749,iOS Bluetooth,234,11,63
1788429421.476749,iOS Bluetooth,218,24,0
1788429421.476749,iOS Bluetooth,218,0,0
1788429421.476749,iOS Bluetooth,218,0,0
1788429421.476749,iOS Bluetooth,218,0,0
1788429421.476749,iOS Bluetooth,218,0,0
1788429421.476749,iOS Bluetooth,218,0,0
1788429421.476749,iOS Bluetooth,218,0,0
1788429421.476749,iOS Bluetooth,218,0,0
1788429421.476749,iOS Bluetooth,236,30,64
1788429421.491914,iOS Bluetooth,220,107,0
1788429421.491914,iOS Bluetooth,220,0,0
1788429421.491914,iOS Bluetooth,237,36,65
1788429421.491914,iOS Bluetooth,237,0,0
1788429421.491914,iOS Bluetooth,237,0,0
1788429421.491914,iOS Bluetooth,237,0,0
1788429421.491914,iOS Bluetooth,222,6,0
1788429421.491914,iOS Bluetooth,222,0,0
1788429421.506474,iOS Bluetooth,239,114,62
1788429421.506474,iOS Bluetooth,223,54,0
1788429421.506474,iOS Bluetooth,223,0,0
1788429421.506474,iOS Bluetooth,225,34,64
1788429421.506474,iOS Bluetooth,209,13,0
1788429421.506474,iOS Bluetooth,209,0,0
1788429421.521412,iOS Bluetooth,226,36,65
1788429421.521412,iOS Bluetooth,210,18,0
1788429421.521412,iOS Bluetooth,210,0,0
1788429421.521412,iOS Bluetooth,229,0,63
1788429421.521412,iOS Bluetooth,213,35,0
1788429421.521412,iOS Bluetooth,213,0,0
1788429421.521412,iOS Bluetooth,233,57,64
1788429421.536596,iOS Bluetooth,217,99,0
1788429421.536596,iOS Bluetooth,217,0,0
1788429421.536596,iOS Bluetooth,234,125,62
1788429421.536596,iOS Bluetooth,218,15,0
1788429421.536596,iOS Bluetooth,218,0,0
1788429421.536596,iOS Bluetooth,235,123,62
1788429421.536596,iOS Bluetooth,219,15,0
1788429421.536596,iOS Bluetooth,219,0,0
1788429421.558532,iOS Bluetooth,236,54,64
1788429421.558532,iOS Bluetooth,220,99,0
1788429421.558532,iOS Bluetooth,220,0,0
1788429421.558532,iOS Bluetooth,221,19,0
1788429421.558532,iOS Bluetooth,221,0,0
1788429421.558532,iOS Bluetooth,238,39,64
1788429421.558532,iOS Bluetooth,222,12,0
1788429421.558532,iOS Bluetooth,222,0,0
1788429421.573524,iOS Bluetooth,239,127,62
1788429421.573524,iOS Bluetooth,223,55,0
1788429421.573524,iOS Bluetooth,223,0,0
1788429421.573524,iOS Bluetooth,225,58,64
1788429421.573524,iOS Bluetooth,209,8,0
1788429421.573524,iOS Bluetooth,209,0,0
1788429421.573524,iOS Bluetooth,210,23,0
1788429421.573524,iOS Bluetooth,210,0,0
1788429421.588396,iOS Bluetooth,229,115,62
1788429421.588396,iOS Bluetooth,213,37,0
1788429421.588396,iOS Bluetooth,213,0,0
1788429421.588396,iOS Bluetooth,233,35,64
1788429421.588396,iOS Bluetooth,217,108,0
1788429421.588396,iOS Bluetooth,217,0,0
1788429421.596469,iOS Bluetooth,218,9,0
1788429421.596469,iOS Bluetooth,218,0,0
1788429421.596469,iOS Bluetooth,235,7,63
1788429421.596469,iOS Bluetooth,176,118,2
1788429421.611679,iOS Bluetooth,219,23,0
1788429421.611679,iOS Bluetooth,219,0,0
1788429421.611679,iOS Bluetooth,236,72,64
1788429421.611679,iOS Bluetooth,236,0,0
1788429421.611679,iOS Bluetooth,236,0,42
1788429421.611679,iOS Bluetooth,236,34,65
1788429421.611679,iOS Bluetooth,221,14,0
1788429421.611679,iOS Bluetooth,221,0,0
1788429421.626885,iOS Bluetooth,238,16,64
1788429421.626885,iOS Bluetooth,222,16,0
1788429421.626885,iOS Bluetooth,222,0,0
1788429421.626885,iOS Bluetooth,222,0,0
1788429421.626885,iOS Bluetooth,222,0,0
1788429421.626885,iOS Bluetooth,222,0,0
1788429421.626885,iOS Bluetooth,223,57,0
1788429421.626885,iOS Bluetooth,223,0,0
1788429421.641741,iOS Bluetooth,225,80,64
1788429421.641741,iOS Bluetooth,209,3,0
1788429421.641741,iOS Bluetooth,209,0,0
1788429421.641741,iOS Bluetooth,226,34,65
1788429421.641741,iOS Bluetooth,226,0,0
1788429421.641741,iOS Bluetooth,226,0,74
1788429421.641741,iOS Bluetooth,226,105,62
1788429421.663337,iOS Bluetooth,213,40,0
1788429421.663337,iOS Bluetooth,213,0,0
1788429421.663337,iOS Bluetooth,233,13,64
1788429421.663337,iOS Bluetooth,217,101,0
1788429421.663337,iOS Bluetooth,217,0,0
1788429421.663337,iOS Bluetooth,217,0,0
1788429421.663337,iOS Bluetooth,217,0,0
1788429421.663337,iOS Bluetooth,217,0,0
1788429421.663337,iOS Bluetooth,218,5,0
1788429421.663337,iOS Bluetooth,218,0,0
1788429421.678391,iOS Bluetooth,235,26,63
1788429421.678391,iOS Bluetooth,219,35,0
1788429421.678391,iOS Bluetooth,219,0,0
1788429421.678391,iOS Bluetooth,219,0,0
1788429421.678391,iOS Bluetooth,219,0,0
1788429421.678391,iOS Bluetooth,219,0,0
1788429421.678391,iOS Bluetooth,219,0,0
1788429421.678391,iOS Bluetooth,219,0,0
1788429421.678391,iOS Bluetooth,219,0,0
1788429421.678391,iOS Bluetooth,237,29,65
1788429421.693605,iOS Bluetooth,221,10,0
1788429421.693605,iOS Bluetooth,221,0,0
1788429421.693605,iOS Bluetooth,238,0,64
1788429421.693605,iOS Bluetooth,238,0,0
1788429421.693605,iOS Bluetooth,238,0,0
1788429421.693605,iOS Bluetooth,238,0,0
1788429421.708547,iOS Bluetooth,223,60,0
1788429421.708547,iOS Bluetooth,223,0,0
1788429421.708547,iOS Bluetooth,225,98,64
1788429421.708547,iOS Bluetooth,209,0,0
1788429421.708547,iOS Bluetooth,209,0,0
1788429421.708547,iOS Bluetooth,226,27,65
1788429421.708547,iOS Bluetooth,210,36,0
1788429421.708547,iOS Bluetooth,210,0,0
1788429421.723598,iOS Bluetooth,229,97,62
1788429421.723598,iOS Bluetooth,213,42,0
1788429421.723598,iOS Bluetooth,213,0,0
1788429421.723598,iOS Bluetooth,233,120,63
1788429421.723598,iOS Bluetooth,217,92,0
1788429421.723598,iOS Bluetooth,217,0,0
1788429421.723598,iOS Bluetooth,234,96,62
1788429421.738226,iOS Bluetooth,218,2,0
1788429421.738226,iOS Bluetooth,218,0,0
1788429421.738226,iOS Bluetooth,235,44,63
1788429421.738226,iOS Bluetooth,219,50,0
1788429421.738226,iOS Bluetooth,219,0,0
1788429421.738226,iOS Bluetooth,236,111,64
1788429421.738226,iOS Bluetooth,220,64,0
1788429421.738226,iOS Bluetooth,220,0,0
1788429421.753651,iOS Bluetooth,237,20,65
1788429421.753651,iOS Bluetooth,221,6,0
1788429421.753651,iOS Bluetooth,221,0,0
1788429421.753651,iOS Bluetooth,238,106,63
1788429421.753651,iOS Bluetooth,222,38,0
1788429421.753651,iOS Bluetooth,222,0,0
1788429421.753651,iOS Bluetooth,239,51,63
1788429421.768544,iOS Bluetooth,223,64,0
1788429421.768544,iOS Bluetooth,223,0,0
1788429421.768544,iOS Bluetooth,225,115,64
1788429421.768544,iOS Bluetooth,226,18,65
1788429421.768544,iOS Bluetooth,210,42,0
1788429421.768544,iOS Bluetooth,210,0,0
1788429421.768544,iOS Bluetooth,229,93,62
1788429421.783356,iOS Bluetooth,217,83,0
1788429421.783356,iOS Bluetooth,217,0,0
1788429421.783356,iOS Bluetooth,234,92,62
1788429421.798517,iOS Bluetooth,235,64,63
1788429421.798517,iOS Bluetooth,219,70,0
1788429421.798517,iOS Bluetooth,219,0,0
1788429421.813481,iOS Bluetooth,236,126,64
1788429421.813481,iOS Bluetooth,220,55,0
1788429421.813481,iOS Bluetooth,220,0,0
1788429421.813481,iOS Bluetooth,220,0,0
1788429421.813481,iOS Bluetooth,220,0,0
1788429421.813481,iOS Bluetooth,220,0,0
1788429421.813481,iOS Bluetooth,221,3,0
1788429421.813481,iOS Bluetooth,221,0,0
1788429421.813481,iOS Bluetooth,238,86,63
1788429421.828753,iOS Bluetooth,222,53,0
1788429421.828753,iOS Bluetooth,222,0,0
1788429421.828753,iOS Bluetooth,239,72,63
1788429421.828753,iOS Bluetooth,239,0,0
1788429421.828753,iOS Bluetooth,239,0,2
1788429421.828753,iOS Bluetooth,239,2,65
1788429421.843446,iOS Bluetooth,209,2,0
1788429421.843446,iOS Bluetooth,209,0,0
1788429421.843446,iOS Bluetooth,226,6,65
1788429421.843446,iOS Bluetooth,210,50,0
1788429421.843446,iOS Bluetooth,210,0,0
1788429421.843446,iOS Bluetooth,210,0,0
1788429421.843446,iOS Bluetooth,210,0,0
1788429421.843446,iOS Bluetooth,210,0,0
1788429421.843446,iOS Bluetooth,213,47,0
1788429421.843446,iOS Bluetooth,213,0,0
1788429421.866665,iOS Bluetooth,233,74,63
1788429421.866665,iOS Bluetooth,217,75,0
1788429421.866665,iOS Bluetooth,217,0,0
1788429421.866665,iOS Bluetooth,234,91,62
1788429421.866665,iOS Bluetooth,234,0,0
1788429421.866665,iOS Bluetooth,234,0,34
1788429421.866665,iOS Bluetooth,234,79,0
1788429421.873459,iOS Bluetooth,236,11,65
1788429421.873459,iOS Bluetooth,220,47,0
1788429421.873459,iOS Bluetooth,220,0,0
1788429421.873459,iOS Bluetooth,220,0,0
1788429421.873459,iOS Bluetooth,220,0,0
1788429421.873459,iOS Bluetooth,220,0,0
1788429421.873459,iOS Bluetooth,220,0,0
1788429421.873459,iOS Bluetooth,220,0,0
1788429421.873459,iOS Bluetooth,220,0,0
1788429421.873459,iOS Bluetooth,238,63,63
1788429421.888705,iOS Bluetooth,222,67,0
1788429421.888705,iOS Bluetooth,222,0,0
1788429421.888705,iOS Bluetooth,239,95,63
1788429421.888705,iOS Bluetooth,239,0,0
1788429421.888705,iOS Bluetooth,239,0,0
1788429421.888705,iOS Bluetooth,239,0,0
1788429421.912073,iOS Bluetooth,209,4,0
1788429421.912073,iOS Bluetooth,209,0,0
1788429421.912073,iOS Bluetooth,226,121,64
1788429421.912073,iOS Bluetooth,210,58,0
1788429421.912073,iOS Bluetooth,210,0,0
1788429421.912073,iOS Bluetooth,229,93,62
1788429421.912073,iOS Bluetooth,213,49,0
1788429421.912073,iOS Bluetooth,213,0,0
1788429421.926598,iOS Bluetooth,233,53,63
1788429421.926598,iOS Bluetooth,217,60,0
1788429421.926598,iOS Bluetooth,217,0,0
1788429421.926598,iOS Bluetooth,234,93,62
1788429421.926598,iOS Bluetooth,218,1,0
1788429421.926598,iOS Bluetooth,218,0,0
1788429421.926598,iOS Bluetooth,235,107,63
1788429421.941569,iOS Bluetooth,219,89,0
1788429421.941569,iOS Bluetooth,219,0,0
1788429421.941569,iOS Bluetooth,236,22,65
1788429421.941569,iOS Bluetooth,220,40,0
1788429421.941569,iOS Bluetooth,220,0,0
1788429421.941569,iOS Bluetooth,237,109,64
1788429421.941569,iOS Bluetooth,221,0,0
1788429421.941569,iOS Bluetooth,221,0,0
1788429421.956968,iOS Bluetooth,238,41,63
1788429421.956968,iOS Bluetooth,222,62,0
1788429421.956968,iOS Bluetooth,222,0,0
1788429421.956968,iOS Bluetooth,239,120,63
1788429421.956968,iOS Bluetooth,223,30,0
1788429421.956968,iOS Bluetooth,223,0,0
1788429421.956968,iOS Bluetooth,225,24,65
1788429421.971717,iOS Bluetooth,209,8,0
1788429421.971717,iOS Bluetooth,209,0,0
1788429421.971717,iOS Bluetooth,226,104,64
1788429421.971717,iOS Bluetooth,210,69,0
1788429421.971717,iOS Bluetooth,210,0,0
1788429421.971717,iOS Bluetooth,229,98,62
1788429421.971717,iOS Bluetooth,213,50,0
1788429421.971717,iOS Bluetooth,213,0,0
1788429421.986490,iOS Bluetooth,233,34,63
1788429421.986490,iOS Bluetooth,217,41,0
1788429421.986490,iOS Bluetooth,217,0,0
1788429421.986490,iOS Bluetooth,234,99,62
1788429421.986490,iOS Bluetooth,218,3,0
1788429421.986490,iOS Bluetooth,218,0,0
1788429421.986490,iOS Bluetooth,218,0,0
1788429421.986490,iOS Bluetooth,218,0,0
1788429421.986490,iOS Bluetooth,218,0,0
1788429422.001742,iOS Bluetooth,219,97,0
1788429422.001742,iOS Bluetooth,219,0,0
1788429422.001742,iOS Bluetooth,236,30,65
1788429422.001742,iOS Bluetooth,217,0,0
1788429422.001742,iOS Bluetooth,217,0,0
1788429422.001742,iOS Bluetooth,137,60,64
1788429422.001742,iOS Bluetooth,227,0,64
1788429422.001742,iOS Bluetooth,147,60,96
1788429422.001742,iOS Bluetooth,220,32,0
1788429422.001742,iOS Bluetooth,220,0,0
1788429422.001742,iOS Bluetooth,237,91,64
1788429422.016665,iOS Bluetooth,238,23,63
1788429422.016665,iOS Bluetooth,222,59,0
1788429422.016665,iOS Bluetooth,222,0,0
1788429422.031571,iOS Bluetooth,239,5,64
1788429422.031571,iOS Bluetooth,223,17,0
1788429422.031571,iOS Bluetooth,223,0,0
1788429422.031571,iOS Bluetooth,223,0,0
1788429422.031571,iOS Bluetooth,223,0,0
1788429422.031571,iOS Bluetooth,223,0,0
1788429422.031571,iOS Bluetooth,209,12,0
1788429422.031571,iOS Bluetooth,209,0,0
1788429422.046502,iOS Bluetooth,226,84,64
1788429422.046502,iOS Bluetooth,210,80,0
1788429422.046502,iOS Bluetooth,210,0,0
1788429422.046502,iOS Bluetooth,227,19,63
1788429422.046502,iOS Bluetooth,227,0,0
1788429422.046502,iOS Bluetooth,227,0,90
1788429422.046502,iOS Bluetooth,227,106,62
1788429422.061490,iOS Bluetooth,213,52,0
1788429422.061490,iOS Bluetooth,213,0,0
1788429422.061490,iOS Bluetooth,233,30,63
1788429422.061490,iOS Bluetooth,234,108,62
1788429422.061490,iOS Bluetooth,234,0,0
1788429422.061490,iOS Bluetooth,234,0,106
1788429422.061490,iOS Bluetooth,234,25,64
1788429422.076495,iOS Bluetooth,219,105,0
1788429422.076495,iOS Bluetooth,219,0,0
1788429422.076495,iOS Bluetooth,236,35,65
1788429422.076495,iOS Bluetooth,236,0,0
1788429422.076495,iOS Bluetooth,236,0,0
1788429422.076495,iOS Bluetooth,236,0,0
1788429422.076495,iOS Bluetooth,221,5,0
1788429422.076495,iOS Bluetooth,221,0,0
1788429422.091673,iOS Bluetooth,238,5,63
1788429422.091673,iOS Bluetooth,222,56,0
1788429422.091673,iOS Bluetooth,222,0,0
1788429422.091673,iOS Bluetooth,222,0,0
1788429422.091673,iOS Bluetooth,222,0,0
1788429422.091673,iOS Bluetooth,222,0,0
1788429422.091673,iOS Bluetooth,222,0,0
1788429422.091673,iOS Bluetooth,222,0,0
1788429422.091673,iOS Bluetooth,222,0,0
1788429422.091673,iOS Bluetooth,225,36,65
1788429422.106493,iOS Bluetooth,209,17,0
1788429422.106493,iOS Bluetooth,209,0,0
1788429422.106493,iOS Bluetooth,226,64,64
1788429422.106493,iOS Bluetooth,210,94,0
1788429422.106493,iOS Bluetooth,210,0,0
1788429422.106493,iOS Bluetooth,227,2,63
1788429422.121488,iOS Bluetooth,211,17,0
1788429422.121488,iOS Bluetooth,211,0,0
1788429422.121488,iOS Bluetooth,229,118,62
1788429422.121488,iOS Bluetooth,213,54,0
1788429422.121488,iOS Bluetooth,213,0,0
1788429422.121488,iOS Bluetooth,234,120,62
1788429422.121488,iOS Bluetooth,218,13,0
1788429422.121488,iOS Bluetooth,218,0,0
1788429422.143335,iOS Bluetooth,235,49,64
1788429422.143335,iOS Bluetooth,219,103,0
1788429422.143335,iOS Bluetooth,219,0,0
1788429422.143335,iOS Bluetooth,236,37,65
1788429422.143335,iOS Bluetooth,220,20,0
1788429422.143335,iOS Bluetooth,220,0,0
1788429422.143335,iOS Bluetooth,237,45,64
1788429422.158726,iOS Bluetooth,221,11,0
1788429422.158726,iOS Bluetooth,221,0,0
1788429422.158726,iOS Bluetooth,238,120,62
1788429422.158726,iOS Bluetooth,222,54,0
1788429422.158726,iOS Bluetooth,222,0,0
1788429422.158726,iOS Bluetooth,239,52,64
1788429422.158726,iOS Bluetooth,223,9,0
1788429422.158726,iOS Bluetooth,223,0,0
1788429422.173443,iOS Bluetooth,209,22,0
1788429422.173443,iOS Bluetooth,209,0,0
1788429422.173443,iOS Bluetooth,226,44,64
1788429422.173443,iOS Bluetooth,210,109,0
1788429422.173443,iOS Bluetooth,210,0,0
1788429422.173443,iOS Bluetooth,227,117,62
1788429422.173443,iOS Bluetooth,211,11,0
1788429422.173443,iOS Bluetooth,211,0,0
1788429422.190407,iOS Bluetooth,229,4,63
1788429422.190407,iOS Bluetooth,213,56,0
1788429422.190407,iOS Bluetooth,213,0,0
1788429422.190407,iOS Bluetooth,234,6,63
1788429422.190407,iOS Bluetooth,218,21,0
1788429422.190407,iOS Bluetooth,218,0,0
1788429422.190407,iOS Bluetooth,218,0,0
1788429422.190407,iOS Bluetooth,218,0,0
1788429422.190407,iOS Bluetooth,218,0,0
1788429422.204735,iOS Bluetooth,219,89,0
1788429422.204735,iOS Bluetooth,219,0,0
1788429422.204735,iOS Bluetooth,236,35,65
1788429422.204735,iOS Bluetooth,220,15,0
1788429422.204735,iOS Bluetooth,220,0,0
1788429422.204735,iOS Bluetooth,237,22,64
1788429422.220245,iOS Bluetooth,238,109,62
1788429422.220245,iOS Bluetooth,222,53,0
1788429422.220245,iOS Bluetooth,222,0,0
1788429422.227882,iOS Bluetooth,239,75,64
1788429422.227882,iOS Bluetooth,223,4,0
1788429422.227882,iOS Bluetooth,223,0,0
1788429422.227882,iOS Bluetooth,223,0,0
1788429422.227882,iOS Bluetooth,223,0,0
1788429422.227882,iOS Bluetooth,223,0,0
1788429422.227882,iOS Bluetooth,209,28,0
1788429422.227882,iOS Bluetooth,209,0,0
1788429422.242981,iOS Bluetooth,226,19,64
1788429422.242981,iOS Bluetooth,210,103,0
1788429422.242981,iOS Bluetooth,210,0,0
1788429422.242981,iOS Bluetooth,227,106,62
1788429422.242981,iOS Bluetooth,227,0,0
1788429422.242981,iOS Bluetooth,227,0,34
1788429422.242981,iOS Bluetooth,227,19,63
1788429422.265429,iOS Bluetooth,213,58,0
1788429422.265429,iOS Bluetooth,213,0,0
1788429422.265429,iOS Bluetooth,234,21,63
1788429422.265429,iOS Bluetooth,218,31,0
1788429422.265429,iOS Bluetooth,218,0,0
1788429422.265429,iOS Bluetooth,218,0,0
1788429422.265429,iOS Bluetooth,218,0,0
1788429422.265429,iOS Bluetooth,218,0,0
1788429422.265429,iOS Bluetooth,219,77,0
1788429422.265429,iOS Bluetooth,219,0,0
1788429422.278310,iOS Bluetooth,236,30,65
1788429422.278310,iOS Bluetooth,220,11,0
1788429422.278310,iOS Bluetooth,220,0,0
1788429422.278310,iOS Bluetooth,220,0,0
1788429422.278310,iOS Bluetooth,220,0,0
1788429422.278310,iOS Bluetooth,220,0,0
1788429422.278310,iOS Bluetooth,220,0,0
1788429422.278310,iOS Bluetooth,220,0,0
1788429422.278310,iOS Bluetooth,220,0,0
1788429422.278310,iOS Bluetooth,238,100,62
1788429422.293553,iOS Bluetooth,222,51,0
1788429422.293553,iOS Bluetooth,222,0,0
1788429422.293553,iOS Bluetooth,239,94,64
1788429422.293553,iOS Bluetooth,239,0,0
1788429422.293553,iOS Bluetooth,239,0,0
1788429422.293553,iOS Bluetooth,239,0,0
1788429422.293553,iOS Bluetooth,209,34,0
1788429422.293553,iOS Bluetooth,209,0,0
1788429422.308602,iOS Bluetooth,226,125,63
1788429422.308602,iOS Bluetooth,210,95,0
1788429422.308602,iOS Bluetooth,210,0,0
1788429422.308602,iOS Bluetooth,227,98,62
1788429422.308602,iOS Bluetooth,211,3,0
1788429422.308602,iOS Bluetooth,211,0,0
1788429422.323524,iOS Bluetooth,229,39,63
1788429422.323524,iOS Bluetooth,213,61,0
1788429422.323524,iOS Bluetooth,213,0,0
1788429422.323524,iOS Bluetooth,234,39,63
1788429422.323524,iOS Bluetooth,218,48,0
1788429422.323524,iOS Bluetooth,218,0,0
1788429422.323524,iOS Bluetooth,235,107,64
1788429422.338324,iOS Bluetooth,219,65,0
1788429422.338324,iOS Bluetooth,219,0,0
1788429422.338324,iOS Bluetooth,236,23,65
1788429422.338324,iOS Bluetooth,220,7,0
1788429422.338324,iOS Bluetooth,220,0,0
1788429422.338324,iOS Bluetooth,237,112,63
1788429422.338324,iOS Bluetooth,221,34,0
1788429422.338324,iOS Bluetooth,221,0,0
1788429422.353166,iOS Bluetooth,238,94,62
1788429422.353166,iOS Bluetooth,222,49,0
1788429422.353166,iOS Bluetooth,222,0,0
1788429422.353166,iOS Bluetooth,239,113,64
1788429422.353166,iOS Bluetooth,225,20,65
1788429422.353166,iOS Bluetooth,209,41,0
1788429422.353166,iOS Bluetooth,209,0,0
1788429422.368248,iOS Bluetooth,226,104,63
1788429422.368248,iOS Bluetooth,210,87,0
1788429422.368248,iOS Bluetooth,210,0,0
1788429422.368248,iOS Bluetooth,227,93,62
1788429422.368248,iOS Bluetooth,211,1,0
1788429422.368248,iOS Bluetooth,211,0,0
1788429422.368248,iOS Bluetooth,229,56,63
1788429422.391618,iOS Bluetooth,213,65,0
1788429422.391618,iOS Bluetooth,213,0,0
1788429422.391618,iOS Bluetooth,234,59,63
1788429422.391618,iOS Bluetooth,218,68,0
1788429422.391618,iOS Bluetooth,218,0,0
1788429422.391618,iOS Bluetooth,235,123,64
1788429422.398493,iOS Bluetooth,236,13,65
1788429422.398493,iOS Bluetooth,220,4,0
1788429422.398493,iOS Bluetooth,220,0,0
1788429422.413517,iOS Bluetooth,237,89,63
1788429422.413517,iOS Bluetooth,221,50,0
1788429422.413517,iOS Bluetooth,221,0,0
1788429422.413517,iOS Bluetooth,221,0,0
1788429422.413517,iOS Bluetooth,221,0,0
1788429422.413517,iOS Bluetooth,221,0,0
1788429422.413517,iOS Bluetooth,222,47,0
1788429422.413517,iOS Bluetooth,222,0,0
1788429422.413517,iOS Bluetooth,239,126,64
1788429422.428593,iOS Bluetooth,223,1,0
1788429422.428593,iOS Bluetooth,223,0,0
1788429422.428593,iOS Bluetooth,225,10,65
1788429422.428593,iOS Bluetooth,225,0,0
1788429422.428593,iOS Bluetooth,225,0,90
1788429422.428593,iOS Bluetooth,225,82,63
1788429422.443478,iOS Bluetooth,210,77,0
1788429422.443478,iOS Bluetooth,210,0,0
1788429422.443478,iOS Bluetooth,227,91,62
1788429422.443478,iOS Bluetooth,211,0,0
1788429422.443478,iOS Bluetooth,211,0,0
1788429422.443478,iOS Bluetooth,211,0,0
1788429422.443478,iOS Bluetooth,211,0,0
1788429422.443478,iOS Bluetooth,211,0,0
1788429422.443478,iOS Bluetooth,213,57,0
1788429422.443478,iOS Bluetooth,213,0,0
1788429422.458498,iOS Bluetooth,234,83,63
1788429422.458498,iOS Bluetooth,218,78,0
1788429422.458498,iOS Bluetooth,218,0,0
1788429422.458498,iOS Bluetooth,235,8,65
1788429422.458498,iOS Bluetooth,235,0,0
1788429422.458498,iOS Bluetooth,235,0,122
1788429422.458498,iOS Bluetooth,235,0,65
1788429422.473447,iOS Bluetooth,220,1,0
1788429422.473447,iOS Bluetooth,220,0,0
1788429422.473447,iOS Bluetooth,237,66,63
1788429422.473447,iOS Bluetooth,237,0,0
1788429422.473447,iOS Bluetooth,237,0,0
1788429422.473447,iOS Bluetooth,237,0,0
1788429422.473447,iOS Bluetooth,222,45,0
1788429422.473447,iOS Bluetooth,222,0,0
1788429422.488661,iOS Bluetooth,239,13,65
1788429422.488661,iOS Bluetooth,223,4,0
1788429422.488661,iOS Bluetooth,223,0,0
1788429422.488661,iOS Bluetooth,223,0,0
1788429422.488661,iOS Bluetooth,223,0,0
1788429422.488661,iOS Bluetooth,223,0,0
1788429422.488661,iOS Bluetooth,223,0,0
1788429422.488661,iOS Bluetooth,223,0,0
1788429422.488661,iOS Bluetooth,223,0,0
1788429422.488661,iOS Bluetooth,226,61,63
1788429422.511722,iOS Bluetooth,210,65,0
1788429422.511722,iOS Bluetooth,210,0,0
1788429422.511722,iOS Bluetooth,227,93,62
1788429422.511722,iOS Bluetooth,211,1,0
1788429422.511722,iOS Bluetooth,211,0,0
1788429422.511722,iOS Bluetooth,229,104,63
1788429422.526687,iOS Bluetooth,213,40,0
1788429422.526687,iOS Bluetooth,213,0,0
1788429422.526687,iOS Bluetooth,234,104,63
1788429422.526687,iOS Bluetooth,218,87,0
1788429422.526687,iOS Bluetooth,218,0,0
1788429422.526687,iOS Bluetooth,235,21,65
1788429422.526687,iOS Bluetooth,219,40,0
1788429422.526687,iOS Bluetooth,219,0,0
1788429422.541653,iOS Bluetooth,236,111,64
1788429422.541653,iOS Bluetooth,220,0,0
1788429422.541653,iOS Bluetooth,220,0,0
1788429422.541653,iOS Bluetooth,237,46,63
1788429422.541653,iOS Bluetooth,221,62,0
1788429422.541653,iOS Bluetooth,221,0,0
1788429422.541653,iOS Bluetooth,238,96,62
1788429422.556983,iOS Bluetooth,222,43,0
1788429422.556983,iOS Bluetooth,222,0,0
1788429422.556983,iOS Bluetooth,239,23,65
1788429422.556983,iOS Bluetooth,223,7,0
1788429422.556983,iOS Bluetooth,223,0,0
1788429422.556983,iOS Bluetooth,225,107,64
1788429422.556983,iOS Bluetooth,209,66,0
1788429422.556983,iOS Bluetooth,209,0,0
1788429422.571633,iOS Bluetooth,226,39,63
1788429422.571633,iOS Bluetooth,210,45,0
1788429422.571633,iOS Bluetooth,210,0,0
1788429422.571633,iOS Bluetooth,227,98,62
1788429422.571633,iOS Bluetooth,211,3,0
1788429422.571633,iOS Bluetooth,211,0,0
1788429422.571633,iOS Bluetooth,229,124,63
1788429422.586755,iOS Bluetooth,213,24,0
1788429422.586755,iOS Bluetooth,213,0,0
1788429422.586755,iOS Bluetooth,234,126,63
1788429422.586755,iOS Bluetooth,218,96,0
1788429422.586755,iOS Bluetooth,218,0,0
1788429422.586755,iOS Bluetooth,235,29,65
1788429422.601824,iOS Bluetooth,236,93,64
1788429422.601824,iOS Bluetooth,220,1,0
1788429422.601824,iOS Bluetooth,220,0,0
1788429422.601824,iOS Bluetooth,218,0,0
1788429422.601824,iOS Bluetooth,218,0,0
1788429422.601824,iOS Bluetooth,138,63,64
1788429422.601824,iOS Bluetooth,228,0,64
1788429422.601824,iOS Bluetooth,148,63,96
1788429422.601824,iOS Bluetooth,176,118,3
1788429422.614642,iOS Bluetooth,237,25,63
1788429422.614642,iOS Bluetooth,221,59,0
1788429422.614642,iOS Bluetooth,221,0,0
1788429422.614642,iOS Bluetooth,221,0,0
1788429422.614642,iOS Bluetooth,221,0,0
1788429422.614642,iOS Bluetooth,221,0,0
1788429422.614642,iOS Bluetooth,222,41,0
1788429422.614642,iOS Bluetooth,222,0,0
1788429422.614642,iOS Bluetooth,239,30,65
1788429422.632007,iOS Bluetooth,223,11,0
1788429422.632007,iOS Bluetooth,223,0,0
1788429422.632007,iOS Bluetooth,225,89,64
1788429422.632007,iOS Bluetooth,225,0,0
1788429422.632007,iOS Bluetooth,225,0,34
1788429422.632007,iOS Bluetooth,225,21,63
1788429422.646781,iOS Bluetooth,210,30,0
1788429422.646781,iOS Bluetooth,210,0,0
1788429422.646781,iOS Bluetooth,227,105,62
1788429422.646781,iOS Bluetooth,211,6,0
1788429422.646781,iOS Bluetooth,211,0,0
1788429422.646781,iOS Bluetooth,211,0,0
1788429422.646781,iOS Bluetooth,211,0,0
1788429422.646781,iOS Bluetooth,211,0,0
1788429422.646781,iOS Bluetooth,212,103,0
1788429422.646781,iOS Bluetooth,212,0,0
1788429422.659726,iOS Bluetooth,229,17,64
1788429422.659726,iOS Bluetooth,213,17,0
1788429422.659726,iOS Bluetooth,213,0,0
1788429422.659726,iOS Bluetooth,234,3,64
1788429422.659726,iOS Bluetooth,234,0,0
1788429422.659726,iOS Bluetooth,234,0,66
1788429422.659726,iOS Bluetooth,234,27,0
1788429422.676650,iOS Bluetooth,236,71,64
1788429422.676650,iOS Bluetooth,220,5,0
1788429422.676650,iOS Bluetooth,220,0,0
1788429422.676650,iOS Bluetooth,220,0,0
1788429422.676650,iOS Bluetooth,220,0,0
1788429422.676650,iOS Bluetooth,220,0,0
1788429422.676650,iOS Bluetooth,220,0,0
1788429422.676650,iOS Bluetooth,220,0,0
1788429422.676650,iOS Bluetooth,220,0,0
1788429422.676650,iOS Bluetooth,238,113,62
1788429422.691600,iOS Bluetooth,222,38,0
1788429422.691600,iOS Bluetooth,222,0,0
1788429422.691600,iOS Bluetooth,239,35,65
1788429422.691600,iOS Bluetooth,239,0,0
1788429422.691600,iOS Bluetooth,239,0,0
1788429422.691600,iOS Bluetooth,239,0,0
1788429422.691600,iOS Bluetooth,209,91,0
1788429422.691600,iOS Bluetooth,209,0,0
1788429422.707379,iOS Bluetooth,226,3,63
1788429422.707379,iOS Bluetooth,210,19,0
1788429422.707379,iOS Bluetooth,210,0,0
1788429422.707379,iOS Bluetooth,227,117,62
1788429422.707379,iOS Bluetooth,211,12,0
1788429422.707379,iOS Bluetooth,211,0,0
1788429422.722466,iOS Bluetooth,228,44,64
1788429422.722466,iOS Bluetooth,212,107,0
1788429422.722466,iOS Bluetooth,212,0,0
1788429422.722466,iOS Bluetooth,229,40,64
1788429422.722466,iOS Bluetooth,213,12,0
1788429422.722466,iOS Bluetooth,213,0,0
1788429422.722466,iOS Bluetooth,235,37,65
1788429422.745697,iOS Bluetooth,219,21,0
1788429422.745697,iOS Bluetooth,219,0,0
1788429422.745697,iOS Bluetooth,236,48,64
1788429422.745697,iOS Bluetooth,220,11,0
1788429422.745697,iOS Bluetooth,220,0,0
1788429422.745697,iOS Bluetooth,237,121,62
1788429422.745697,iOS Bluetooth,221,55,0
1788429422.745697,iOS Bluetooth,221,0,0
1788429422.760670,iOS Bluetooth,238,126,62
1788429422.760670,iOS Bluetooth,222,35,0
1788429422.760670,iOS Bluetooth,222,0,0
1788429422.760670,iOS Bluetooth,239,37,65
1788429422.760670,iOS Bluetooth,223,21,0
1788429422.760670,iOS Bluetooth,223,0,0
1788429422.760670,iOS Bluetooth,225,46,64
1788429422.775427,iOS Bluetooth,209,107,0
1788429422.775427,iOS Bluetooth,209,0,0
1788429422.775427,iOS Bluetooth,226,118,62
1788429422.775427,iOS Bluetooth,210,11,0
1788429422.775427,iOS Bluetooth,210,0,0
1788429422.775427,iOS Bluetooth,227,2,63
1788429422.775427,iOS Bluetooth,211,19,0
1788429422.775427,iOS Bluetooth,211,0,0
1788429422.788587,iOS Bluetooth,212,92,0
1788429422.788587,iOS Bluetooth,212,0,0
1788429422.788587,iOS Bluetooth,229,66,64
1788429422.788587,iOS Bluetooth,213,6,0
1788429422.788587,iOS Bluetooth,213,0,0
1788429422.798027,iOS Bluetooth,219,16,0
1788429422.798027,iOS Bluetooth,219,0,0
1788429422.798027,iOS Bluetooth,236,25,64
1788429422.813158,iOS Bluetooth,220,16,0
1788429422.813158,iOS Bluetooth,220,0,0
1788429422.813158,iOS Bluetooth,237,110,62
1788429422.813158,iOS Bluetooth,237,0,0
1788429422.813158,iOS Bluetooth,237,0,90
1788429422.813158,iOS Bluetooth,237,13,63
1788429422.813158,iOS Bluetooth,222,32,0
1788429422.813158,iOS Bluetooth,222,0,0
1788429422.824943,iOS Bluetooth,239,34,65
1788429422.824943,iOS Bluetooth,223,27,0
1788429422.824943,iOS Bluetooth,223,0,0
1788429422.824943,iOS Bluetooth,223,0,0
1788429422.824943,iOS Bluetooth,223,0,0
1788429422.824943,iOS Bluetooth,223,0,0
1788429422.824943,iOS Bluetooth,209,104,0
1788429422.824943,iOS Bluetooth,209,0,0
1788429422.839617,iOS Bluetooth,226,106,62
1788429422.839617,iOS Bluetooth,210,6,0
1788429422.839617,iOS Bluetooth,210,0,0
1788429422.839617,iOS Bluetooth,227,17,63
1788429422.839617,iOS Bluetooth,227,0,0
1788429422.839617,iOS Bluetooth,227,0,122
1788429422.839617,iOS Bluetooth,227,85,64
1788429422.864245,iOS Bluetooth,212,78,0
1788429422.864245,iOS Bluetooth,212,0,0
1788429422.864245,iOS Bluetooth,229,87,64
1788429422.864245,iOS Bluetooth,213,2,0
1788429422.864245,iOS Bluetooth,213,0,0
1788429422.864245,iOS Bluetooth,213,0,0
1788429422.864245,iOS Bluetooth,213,0,0
1788429422.864245,iOS Bluetooth,213,0,0
1788429422.864245,iOS Bluetooth,219,11,0
1788429422.864245,iOS Bluetooth,219,0,0
1788429422.880295,iOS Bluetooth,236,3,64
1788429422.880295,iOS Bluetooth,220,18,0
1788429422.880295,iOS Bluetooth,220,0,0
1788429422.880295,iOS Bluetooth,220,0,0
1788429422.880295,iOS Bluetooth,220,0,0
1788429422.880295,iOS Bluetooth,220,0,0
1788429422.880295,iOS Bluetooth,220,0,0
1788429422.880295,iOS Bluetooth,220,0,0
1788429422.880295,iOS Bluetooth,220,0,0
1788429422.880295,iOS Bluetooth,238,30,63
1788429422.893546,iOS Bluetooth,222,28,0
1788429422.893546,iOS Bluetooth,222,0,0
1788429422.893546,iOS Bluetooth,239,29,65
1788429422.893546,iOS Bluetooth,239,0,0
1788429422.893546,iOS Bluetooth,239,0,0
1788429422.893546,iOS Bluetooth,239,0,0
1788429422.893546,iOS Bluetooth,209,96,0
1788429422.893546,iOS Bluetooth,209,0,0
1788429422.916693,iOS Bluetooth,226,98,62
1788429422.916693,iOS Bluetooth,210,3,0
1788429422.916693,iOS Bluetooth,210,0,0
1788429422.916693,iOS Bluetooth,227,37,63
1788429422.916693,iOS Bluetooth,211,44,0
1788429422.916693,iOS Bluetooth,211,0,0
1788429422.923471,iOS Bluetooth,228,105,64
1788429422.923471,iOS Bluetooth,212,68,0
1788429422.923471,iOS Bluetooth,212,0,0
1788429422.923471,iOS Bluetooth,229,105,64
1788429422.923471,iOS Bluetooth,213,0,0
1788429422.923471,iOS Bluetooth,213,0,0
1788429422.923471,iOS Bluetooth,235,24,65
1788429422.938555,iOS Bluetooth,219,7,0
1788429422.938555,iOS Bluetooth,219,0,0
1788429422.938555,iOS Bluetooth,236,114,63
1788429422.938555,iOS Bluetooth,220,32,0
1788429422.938555,iOS Bluetooth,220,0,0
1788429422.938555,iOS Bluetooth,237,94,62
1788429422.938555,iOS Bluetooth,221,49,0
1788429422.938555,iOS Bluetooth,221,0,0
1788429422.953579,iOS Bluetooth,238,51,63
1788429422.953579,iOS Bluetooth,222,25,0
1788429422.953579,iOS Bluetooth,222,0,0
1788429422.953579,iOS Bluetooth,239,20,65
1788429422.953579,iOS Bluetooth,223,41,0
1788429422.953579,iOS Bluetooth,223,0,0
1788429422.953579,iOS Bluetooth,225,106,63
1788429422.968500,iOS Bluetooth,209,86,0
1788429422.968500,iOS Bluetooth,209,0,0
1788429422.968500,iOS Bluetooth,226,93,62
1788429422.968500,iOS Bluetooth,210,1,0
1788429422.968500,iOS Bluetooth,210,0,0
1788429422.968500,iOS Bluetooth,227,56,63
1788429422.968500,iOS Bluetooth,211,63,0
1788429422.968500,iOS Bluetooth,211,0,0
1788429422.991611,iOS Bluetooth,228,121,64
1788429422.991611,iOS Bluetooth,212,58,0
1788429422.991611,iOS Bluetooth,212,0,0
1788429422.991611,iOS Bluetooth,229,123,64
1788429422.991611,iOS Bluetooth,213,1,0
1788429422.991611,iOS Bluetooth,213,0,0
1788429422.998393,iOS Bluetooth,219,4,0
1788429422.998393,iOS Bluetooth,219,0,0
1788429422.998393,iOS Bluetooth,236,92,63
1788429423.013537,iOS Bluetooth,220,50,0
1788429423.013537,iOS Bluetooth,220,0,0
1788429423.013537,iOS Bluetooth,237,92,62
1788429423.013537,iOS Bluetooth,237,0,0
1788429423.013537,iOS Bluetooth,237,0,34
1788429423.013537,iOS Bluetooth,237,74,63
1788429423.013537,iOS Bluetooth,222,15,0
1788429423.013537,iOS Bluetooth,222,0,0
1788429423.028616,iOS Bluetooth,239,10,65
1788429423.028616,iOS Bluetooth,223,48,0
1788429423.028616,iOS Bluetooth,223,0,0
1788429423.028616,iOS Bluetooth,223,0,0
1788429423.028616,iOS Bluetooth,223,0,0
1788429423.028616,iOS Bluetooth,223,0,0
1788429423.028616,iOS Bluetooth,209,78,0
1788429423.028616,iOS Bluetooth,209,0,0
1788429423.043533,iOS Bluetooth,226,91,62
1788429423.043533,iOS Bluetooth,210,0,0
1788429423.043533,iOS Bluetooth,210,0,0
1788429423.043533,iOS Bluetooth,227,77,63
1788429423.043533,iOS Bluetooth,227,0,0
1788429423.043533,iOS Bluetooth,227,0,66
1788429423.043533,iOS Bluetooth,227,7,65
1788429423.058473,iOS Bluetooth,212,49,0
1788429423.058473,iOS Bluetooth,212,0,0
1788429423.058473,iOS Bluetooth,229,8,65
1788429423.058473,iOS Bluetooth,213,2,0
1788429423.058473,iOS Bluetooth,213,0,0
1788429423.058473,iOS Bluetooth,213,0,0
1788429423.058473,iOS Bluetooth,213,0,0
1788429423.058473,iOS Bluetooth,213,0,0
1788429423.058473,iOS Bluetooth,219,1,0
1788429423.058473,iOS Bluetooth,219,0,0
1788429423.073359,iOS Bluetooth,236,66,63
1788429423.073359,iOS Bluetooth,220,64,0
1788429423.073359,iOS Bluetooth,220,0,0
1788429423.073359,iOS Bluetooth,220,0,0
1788429423.073359,iOS Bluetooth,220,0,0
1788429423.073359,iOS Bluetooth,220,0,0
1788429423.073359,iOS Bluetooth,220,0,0
1788429423.073359,iOS Bluetooth,220,0,0
1788429423.073359,iOS Bluetooth,220,0,0
1788429423.073359,iOS Bluetooth,222,7,0
1788429423.073359,iOS Bluetooth,222,0,0
1788429423.088652,iOS Bluetooth,239,124,64
1788429423.088652,iOS Bluetooth,223,56,0
1788429423.088652,iOS Bluetooth,223,0,0
1788429423.088652,iOS Bluetooth,223,0,0
1788429423.088652,iOS Bluetooth,223,0,0
1788429423.088652,iOS Bluetooth,223,0,0
1788429423.088652,iOS Bluetooth,223,0,0
1788429423.088652,iOS Bluetooth,223,0,0
1788429423.088652,iOS Bluetooth,223,0,0
1788429423.088652,iOS Bluetooth,226,92,62
1788429423.111747,iOS Bluetooth,210,1,0
1788429423.111747,iOS Bluetooth,210,0,0
1788429423.111747,iOS Bluetooth,227,99,63
1788429423.111747,iOS Bluetooth,211,86,0
1788429423.111747,iOS Bluetooth,211,0,0
1788429423.111747,iOS Bluetooth,228,18,65
1788429423.126686,iOS Bluetooth,212,41,0
1788429423.126686,iOS Bluetooth,212,0,0
1788429423.126686,iOS Bluetooth,229,20,65
1788429423.126686,iOS Bluetooth,213,5,0
1788429423.126686,iOS Bluetooth,213,0,0
1788429423.126686,iOS Bluetooth,235,113,64
1788429423.126686,iOS Bluetooth,219,0,0
1788429423.126686,iOS Bluetooth,219,0,0
1788429423.141689,iOS Bluetooth,236,46,63
1788429423.141689,iOS Bluetooth,220,63,0
1788429423.141689,iOS Bluetooth,220,0,0
1788429423.141689,iOS Bluetooth,237,95,62
1788429423.141689,iOS Bluetooth,221,43,0
1788429423.141689,iOS Bluetooth,221,0,0
1788429423.141689,iOS Bluetooth,238,122,63
1788429423.156822,iOS Bluetooth,222,1,0
1788429423.156822,iOS Bluetooth,222,0,0
1788429423.156822,iOS Bluetooth,239,109,64
1788429423.156822,iOS Bluetooth,223,66,0
1788429423.156822,iOS Bluetooth,223,0,0
1788429423.156822,iOS Bluetooth,225,41,63
1788429423.156822,iOS Bluetooth,209,48,0
1788429423.156822,iOS Bluetooth,209,0,0
1788429423.171642,iOS Bluetooth,226,97,62
1788429423.171642,iOS Bluetooth,210,2,0
1788429423.171642,iOS Bluetooth,210,0,0
1788429423.171642,iOS Bluetooth,227,123,63
1788429423.171642,iOS Bluetooth,211,94,0
1788429423.171642,iOS Bluetooth,211,0,0
1788429423.171642,iOS Bluetooth,228,27,65
1788429423.186701,iOS Bluetooth,212,34,0
1788429423.186701,iOS Bluetooth,212,0,0
1788429423.186701,iOS Bluetooth,229,28,65
1788429423.186701,iOS Bluetooth,213,9,0
1788429423.186701,iOS Bluetooth,213,0,0
1788429423.186701,iOS Bluetooth,235,96,64
1788429423.201694,iOS Bluetooth,236,27,63
1788429423.201694,iOS Bluetooth,220,59,0
1788429423.201694,iOS Bluetooth,220,0,0
1788429423.201694,iOS Bluetooth,219,0,0
1788429423.201694,iOS Bluetooth,219,0,0
1788429423.201694,iOS Bluetooth,139,66,64
1788429423.201694,iOS Bluetooth,230,0,64
1788429423.201694,iOS Bluetooth,150,66,96
1788429423.208439,iOS Bluetooth,237,102,62
1788429423.208439,iOS Bluetooth,221,41,0
1788429423.208439,iOS Bluetooth,221,0,0
1788429423.208439,iOS Bluetooth,221,0,0
1788429423.208439,iOS Bluetooth,221,0,0
1788429423.208439,iOS Bluetooth,221,0,0
1788429423.208439,iOS Bluetooth,222,0,0
1788429423.208439,iOS Bluetooth,222,0,0
1788429423.208439,iOS Bluetooth,239,91,64
1788429423.230631,iOS Bluetooth,223,77,0
1788429423.230631,iOS Bluetooth,223,0,0
1788429423.230631,iOS Bluetooth,225,23,63
1788429423.230631,iOS Bluetooth,225,0,0
1788429423.230631,iOS Bluetooth,225,0,122
1788429423.230631,iOS Bluetooth,225,104,62
1788429423.246718,iOS Bluetooth,210,6,0
1788429423.246718,iOS Bluetooth,210,0,0
1788429423.246718,iOS Bluetooth,227,17,64
1788429423.246718,iOS Bluetooth,211,102,0
1788429423.246718,iOS Bluetooth,211,0,0
1788429423.246718,iOS Bluetooth,211,0,0
1788429423.246718,iOS Bluetooth,211,0,0
1788429423.246718,iOS Bluetooth,211,0,0
1788429423.246718,iOS Bluetooth,212,28,0
1788429423.246718,iOS Bluetooth,212,0,0
1788429423.261613,iOS Bluetooth,229,34,65
1788429423.261613,iOS Bluetooth,213,14,0
1788429423.261613,iOS Bluetooth,213,0,0
1788429423.261613,iOS Bluetooth,230,77,64
1788429423.261613,iOS Bluetooth,230,0,0
1788429423.261613,iOS Bluetooth,230,0,26
1788429423.261613,iOS Bluetooth,230,93,64
1788429423.276459,iOS Bluetooth,236,9,63
1788429423.276459,iOS Bluetooth,220,57,0
1788429423.276459,iOS Bluetooth,220,0,0
1788429423.276459,iOS Bluetooth,220,0,0
1788429423.276459,iOS Bluetooth,220,0,0
1788429423.276459,iOS Bluetooth,220,0,0
1788429423.276459,iOS Bluetooth,220,0,0
1788429423.276459,iOS Bluetooth,220,0,0
1788429423.276459,iOS Bluetooth,220,0,0
1788429423.276459,iOS Bluetooth,238,28,64
1788429423.291816,iOS Bluetooth,239,69,64
1788429423.291816,iOS Bluetooth,223,89,0
1788429423.291816,iOS Bluetooth,223,0,0
1788429423.291816,iOS Bluetooth,223,0,0
1788429423.291816,iOS Bluetooth,223,0,0
1788429423.291816,iOS Bluetooth,223,0,0
1788429423.291816,iOS Bluetooth,223,0,0
1788429423.291816,iOS Bluetooth,223,0,0
1788429423.291816,iOS Bluetooth,223,0,0
1788429423.291816,iOS Bluetooth,226,114,62
1788429423.306617,iOS Bluetooth,210,11,0
1788429423.306617,iOS Bluetooth,210,0,0
1788429423.306617,iOS Bluetooth,227,39,64
1788429423.306617,iOS Bluetooth,211,108,0
1788429423.306617,iOS Bluetooth,211,0,0
1788429423.306617,iOS Bluetooth,228,36,65
1788429423.321616,iOS Bluetooth,212,22,0
1788429423.321616,iOS Bluetooth,212,0,0
1788429423.321616,iOS Bluetooth,229,36,65
1788429423.321616,iOS Bluetooth,213,19,0
1788429423.321616,iOS Bluetooth,213,0,0
1788429423.321616,iOS Bluetooth,230,51,64
1788429423.321616,iOS Bluetooth,214,9,0
1788429423.321616,iOS Bluetooth,214,0,0
1788429423.343571,iOS Bluetooth,236,123,62
1788429423.343571,iOS Bluetooth,220,55,0
1788429423.343571,iOS Bluetooth,220,0,0
1788429423.343571,iOS Bluetooth,237,123,62
1788429423.343571,iOS Bluetooth,221,35,0
1788429423.343571,iOS Bluetooth,221,0,0
1788429423.343571,iOS Bluetooth,238,52,64
1788429423.358700,iOS Bluetooth,222,3,0
1788429423.358700,iOS Bluetooth,222,0,0
1788429423.358700,iOS Bluetooth,239,46,64
1788429423.358700,iOS Bluetooth,223,105,0
1788429423.358700,iOS Bluetooth,223,0,0
1788429423.358700,iOS Bluetooth,225,120,62
1788429423.358700,iOS Bluetooth,209,13,0
1788429423.358700,iOS Bluetooth,209,0,0
1788429423.373460,iOS Bluetooth,226,0,63
1788429423.373460,iOS Bluetooth,210,18,0
1788429423.373460,iOS Bluetooth,210,0,0
1788429423.373460,iOS Bluetooth,227,62,64
1788429423.373460,iOS Bluetooth,211,94,0
1788429423.373460,iOS Bluetooth,211,0,0
1788429423.373460,iOS Bluetooth,212,17,0
1788429423.373460,iOS Bluetooth,212,0,0
1788429423.388338,iOS Bluetooth,213,24,0
1788429423.388338,iOS Bluetooth,213,0,0
1788429423.388338,iOS Bluetooth,230,31,64
1788429423.388338,iOS Bluetooth,214,15,0
1788429423.388338,iOS Bluetooth,214,0,0
1788429423.388338,iOS Bluetooth,236,112,62
1788429423.396462,iOS Bluetooth,237,9,63
1788429423.396462,iOS Bluetooth,221,33,0
1788429423.396462,iOS Bluetooth,221,0,0
1788429423.409540,iOS Bluetooth,238,75,64
1788429423.409540,iOS Bluetooth,222,7,0
1788429423.409540,iOS Bluetooth,222,0,0
1788429423.409540,iOS Bluetooth,222,0,0
1788429423.409540,iOS Bluetooth,222,0,0
1788429423.409540,iOS Bluetooth,222,0,0
1788429423.409540,iOS Bluetooth,225,110,62
1788429423.409540,iOS Bluetooth,209,8,0
1788429423.409540,iOS Bluetooth,209,0,0
1788429423.426727,iOS Bluetooth,226,13,63
1788429423.426727,iOS Bluetooth,210,26,0
1788429423.426727,iOS Bluetooth,210,0,0
1788429423.426727,iOS Bluetooth,210,0,0
1788429423.426727,iOS Bluetooth,210,0,0
1788429423.426727,iOS Bluetooth,210,0,0
1788429423.426727,iOS Bluetooth,211,83,0
1788429423.426727,iOS Bluetooth,211,0,0
1788429423.441721,iOS Bluetooth,228,33,65
1788429423.441721,iOS Bluetooth,212,13,0
1788429423.441721,iOS Bluetooth,212,0,0
1788429423.441721,iOS Bluetooth,229,33,65
1788429423.441721,iOS Bluetooth,229,0,0
1788429423.441721,iOS Bluetooth,229,0,82
1788429423.441721,iOS Bluetooth,229,9,64
1788429423.463562,iOS Bluetooth,214,17,0
1788429423.463562,iOS Bluetooth,214,0,0
1788429423.463562,iOS Bluetooth,236,103,62
1788429423.463562,iOS Bluetooth,220,52,0
1788429423.463562,iOS Bluetooth,220,0,0
1788429423.463562,iOS Bluetooth,220,0,0
1788429423.463562,iOS Bluetooth,220,0,0
1788429423.463562,iOS Bluetooth,220,0,0
1788429423.463562,iOS Bluetooth,221,29,0
1788429423.463562,iOS Bluetooth,221,0,0
1788429423.478242,iOS Bluetooth,238,94,64
1788429423.478242,iOS Bluetooth,222,12,0
1788429423.478242,iOS Bluetooth,222,0,0
1788429423.478242,iOS Bluetooth,222,0,0
1788429423.478242,iOS Bluetooth,222,0,0
1788429423.478242,iOS Bluetooth,222,0,0
1788429423.478242,iOS Bluetooth,222,0,0
1788429423.478242,iOS Bluetooth,222,0,0
1788429423.478242,iOS Bluetooth,222,0,0
1788429423.478242,iOS Bluetooth,225,101,62
1788429423.493393,iOS Bluetooth,209,4,0
1788429423.493393,iOS Bluetooth,209,0,0
1788429423.493393,iOS Bluetooth,226,30,63
1788429423.493393,iOS Bluetooth,226,0,0
1788429423.493393,iOS Bluetooth,226,0,0
1788429423.493393,iOS Bluetooth,226,0,0
1788429423.493393,iOS Bluetooth,211,71,0
1788429423.493393,iOS Bluetooth,211,0,0
1788429423.508824,iOS Bluetooth,228,27,65
1788429423.508824,iOS Bluetooth,212,9,0
1788429423.508824,iOS Bluetooth,212,0,0
1788429423.508824,iOS Bluetooth,229,26,65
1788429423.508824,iOS Bluetooth,213,35,0
1788429423.508824,iOS Bluetooth,213,0,0
1788429423.523472,iOS Bluetooth,230,120,63
1788429423.523472,iOS Bluetooth,214,28,0
1788429423.523472,iOS Bluetooth,214,0,0
1788429423.523472,iOS Bluetooth,236,96,62
1788429423.523472,iOS Bluetooth,220,50,0
1788429423.523472,iOS Bluetooth,220,0,0
1788429423.523472,iOS Bluetooth,237,44,63
1788429423.538415,iOS Bluetooth,221,26,0
1788429423.538415,iOS Bluetooth,221,0,0
1788429423.538415,iOS Bluetooth,238,111,64
1788429423.538415,iOS Bluetooth,222,16,0
1788429423.538415,iOS Bluetooth,222,0,0
1788429423.538415,iOS Bluetooth,239,112,63
1788429423.538415,iOS Bluetooth,223,90,0
1788429423.538415,iOS Bluetooth,223,0,0
1788429423.553693,iOS Bluetooth,225,94,62
1788429423.553693,iOS Bluetooth,209,1,0
1788429423.553693,iOS Bluetooth,209,0,0
1788429423.553693,iOS Bluetooth,226,51,63
1788429423.553693,iOS Bluetooth,210,57,0
1788429423.553693,iOS Bluetooth,210,0,0
1788429423.553693,iOS Bluetooth,227,115,64
1788429423.568622,iOS Bluetooth,211,60,0
1788429423.568622,iOS Bluetooth,211,0,0
1788429423.568622,iOS Bluetooth,228,18,65
1788429423.568622,iOS Bluetooth,212,5,0
1788429423.568622,iOS Bluetooth,212,0,0
1788429423.568622,iOS Bluetooth,229,17,65
1788429423.568622,iOS Bluetooth,213,42,0
1788429423.568622,iOS Bluetooth,213,0,0
1788429423.591707,iOS Bluetooth,230,98,63
1788429423.591707,iOS Bluetooth,214,44,0
1788429423.591707,iOS Bluetooth,214,0,0
1788429423.591707,iOS Bluetooth,236,92,62
1788429423.591707,iOS Bluetooth,220,48,0
1788429423.591707,iOS Bluetooth,220,0,0
1788429423.591707,iOS Bluetooth,220,0,0
1788429423.591707,iOS Bluetooth,220,0,0
1788429423.591707,iOS Bluetooth,220,0,0
1788429423.606464,iOS Bluetooth,221,17,0
1788429423.606464,iOS Bluetooth,221,0,0
1788429423.606464,iOS Bluetooth,238,126,64
1788429423.606464,iOS Bluetooth,176,118,4
1788429423.606464,iOS Bluetooth,222,21,0
1788429423.606464,iOS Bluetooth,222,0,0
1788429423.606464,iOS Bluetooth,239,90,63
1788429423.613533,iOS Bluetooth,225,92,62
1788429423.628533,iOS Bluetooth,209,0,0
1788429423.628533,iOS Bluetooth,209,0,0
1788429423.628533,iOS Bluetooth,226,72,63
1788429423.628533,iOS Bluetooth,210,74,0
1788429423.628533,iOS Bluetooth,210,0,0
1788429423.628533,iOS Bluetooth,210,0,0
1788429423.628533,iOS Bluetooth,210,0,0
1788429423.628533,iOS Bluetooth,210,0,0
1788429423.628533,iOS Bluetooth,211,52,0
1788429423.628533,iOS Bluetooth,211,0,0
1788429423.643506,iOS Bluetooth,228,5,65
1788429423.643506,iOS Bluetooth,212,2,0
1788429423.643506,iOS Bluetooth,212,0,0
1788429423.643506,iOS Bluetooth,229,5,65
1788429423.643506,iOS Bluetooth,229,0,0
1788429423.643506,iOS Bluetooth,229,0,26
1788429423.643506,iOS Bluetooth,229,75,63
1788429423.658551,iOS Bluetooth,214,61,0
1788429423.658551,iOS Bluetooth,214,0,0
1788429423.658551,iOS Bluetooth,220,46,0
1788429423.658551,iOS Bluetooth,220,0,0
1788429423.658551,iOS Bluetooth,237,89,63
1788429423.658551,iOS Bluetooth,237,0,0
1788429423.658551,iOS Bluetooth,237,0,42
1788429423.658551,iOS Bluetooth,237,11,65
1788429423.673336,iOS Bluetooth,222,25,0
1788429423.673336,iOS Bluetooth,222,0,0
1788429423.673336,iOS Bluetooth,239,69,63
1788429423.673336,iOS Bluetooth,239,0,0
1788429423.673336,iOS Bluetooth,239,0,0
1788429423.673336,iOS Bluetooth,239,0,0
1788429423.673336,iOS Bluetooth,210,82,0
1788429423.673336,iOS Bluetooth,210,0,0
1788429423.688446,iOS Bluetooth,227,14,65
1788429423.688446,iOS Bluetooth,211,45,0
1788429423.688446,iOS Bluetooth,211,0,0
1788429423.688446,iOS Bluetooth,211,0,0
1788429423.688446,iOS Bluetooth,211,0,0
1788429423.688446,iOS Bluetooth,211,0,0
1788429423.688446,iOS Bluetooth,211,0,0
1788429423.688446,iOS Bluetooth,211,0,0
1788429423.688446,iOS Bluetooth,211,0,0
1788429423.688446,iOS Bluetooth,229,121,64
1788429423.711504,iOS Bluetooth,213,58,0
1788429423.711504,iOS Bluetooth,213,0,0
1788429423.711504,iOS Bluetooth,230,56,63
1788429423.711504,iOS Bluetooth,214,65,0
1788429423.711504,iOS Bluetooth,214,0,0
1788429423.711504,iOS Bluetooth,236,94,62
1788429423.726878,iOS Bluetooth,220,44,0
1788429423.726878,iOS Bluetooth,220,0,0
1788429423.726878,iOS Bluetooth,237,113,63
1788429423.726878,iOS Bluetooth,221,4,0
1788429423.726878,iOS Bluetooth,221,0,0
1788429423.726878,iOS Bluetooth,238,22,65
1788429423.726878,iOS Bluetooth,222,28,0
1788429423.726878,iOS Bluetooth,222,0,0
1788429423.741723,iOS Bluetooth,239,48,63
1788429423.741723,iOS Bluetooth,223,54,0
1788429423.741723,iOS Bluetooth,223,0,0
1788429423.741723,iOS Bluetooth,225,94,62
1788429423.741723,iOS Bluetooth,209,1,0
1788429423.741723,iOS Bluetooth,209,0,0
1788429423.741723,iOS Bluetooth,226,112,63
1788429423.756792,iOS Bluetooth,210,91,0
1788429423.756792,iOS Bluetooth,210,0,0
1788429423.756792,iOS Bluetooth,227,24,65
1788429423.756792,iOS Bluetooth,211,37,0
1788429423.756792,iOS Bluetooth,211,0,0
1788429423.756792,iOS Bluetooth,228,104,64
1788429423.756792,iOS Bluetooth,212,0,0
1788429423.756792,iOS Bluetooth,212,0,0
1788429423.771649,iOS Bluetooth,229,102,64
1788429423.771649,iOS Bluetooth,213,68,0
1788429423.771649,iOS Bluetooth,213,0,0
1788429423.771649,iOS Bluetooth,230,34,63
1788429423.771649,iOS Bluetooth,214,61,0
1788429423.771649,iOS Bluetooth,214,0,0
1788429423.771649,iOS Bluetooth,236,99,62
1788429423.786553,iOS Bluetooth,221,0,0
1788429423.786553,iOS Bluetooth,221,0,0
1788429423.786553,iOS Bluetooth,238,30,65
1788429423.801516,iOS Bluetooth,239,30,63
1788429423.801516,iOS Bluetooth,223,38,0
1788429423.801516,iOS Bluetooth,223,0,0
1788429423.801516,iOS Bluetooth,220,0,0
1788429423.801516,iOS Bluetooth,220,0,0
1788429423.801516,iOS Bluetooth,140,69,64
1788429423.801516,iOS Bluetooth,231,0,64
1788429423.801516,iOS Bluetooth,151,69,96
1788429423.816721,iOS Bluetooth,225,101,62
1788429423.816721,iOS Bluetooth,209,4,0
1788429423.816721,iOS Bluetooth,209,0,0
1788429423.816721,iOS Bluetooth,209,0,0
1788429423.816721,iOS Bluetooth,209,0,0
1788429423.816721,iOS Bluetooth,209,0,0
1788429423.816721,iOS Bluetooth,210,99,0
1788429423.816721,iOS Bluetooth,210,0,0
1788429423.816721,iOS Bluetooth,227,31,65
1788429423.831821,iOS Bluetooth,211,31,0
1788429423.831821,iOS Bluetooth,211,0,0
1788429423.831821,iOS Bluetooth,228,86,64
1788429423.831821,iOS Bluetooth,228,0,0
1788429423.831821,iOS Bluetooth,228,0,82
1788429423.831821,iOS Bluetooth,228,84,64
1788429423.846682,iOS Bluetooth,213,80,0
1788429423.846682,iOS Bluetooth,213,0,0
1788429423.846682,iOS Bluetooth,230,17,63
1788429423.846682,iOS Bluetooth,214,58,0
1788429423.846682,iOS Bluetooth,214,0,0
1788429423.846682,iOS Bluetooth,214,0,0
1788429423.846682,iOS Bluetooth,214,0,0
1788429423.846682,iOS Bluetooth,214,0,0
1788429423.846682,iOS Bluetooth,215,39,0
1788429423.846682,iOS Bluetooth,215,0,0
1788429423.861486,iOS Bluetooth,236,101,62
1788429423.861486,iOS Bluetooth,237,19,64
1788429423.861486,iOS Bluetooth,238,35,65
1788429423.861486,iOS Bluetooth,238,0,0
1788429423.861486,iOS Bluetooth,238,0,114
1788429423.861486,iOS Bluetooth,238,13,63
1788429423.876521,iOS Bluetooth,223,24,0
1788429423.876521,iOS Bluetooth,223,0,0
1788429423.876521,iOS Bluetooth,225,110,62
1788429423.876521,iOS Bluetooth,225,0,0
1788429423.876521,iOS Bluetooth,225,0,0
1788429423.876521,iOS Bluetooth,225,0,0
1788429423.876521,iOS Bluetooth,210,106,0
1788429423.876521,iOS Bluetooth,210,0,0
1788429423.891625,iOS Bluetooth,227,36,65
1788429423.891625,iOS Bluetooth,211,25,0
1788429423.891625,iOS Bluetooth,211,0,0
1788429423.891625,iOS Bluetooth,211,0,0
1788429423.891625,iOS Bluetooth,211,0,0
1788429423.891625,iOS Bluetooth,211,0,0
1788429423.891625,iOS Bluetooth,211,0,0
1788429423.891625,iOS Bluetooth,211,0,0
1788429423.891625,iOS Bluetooth,211,0,0
1788429423.891625,iOS Bluetooth,229,64,64
1788429423.906504,iOS Bluetooth,213,93,0
1788429423.906504,iOS Bluetooth,213,0,0
1788429423.906504,iOS Bluetooth,230,2,63
1788429423.906504,iOS Bluetooth,214,55,0
1788429423.906504,iOS Bluetooth,214,0,0
1788429423.906504,iOS Bluetooth,231,118,62
1788429423.921564,iOS Bluetooth,215,36,0
1788429423.921564,iOS Bluetooth,215,0,0
1788429423.921564,iOS Bluetooth,237,43,64
1788429423.921564,iOS Bluetooth,221,2,0
1788429423.921564,iOS Bluetooth,221,0,0
1788429423.921564,iOS Bluetooth,238,37,65
1788429423.921564,iOS Bluetooth,222,40,0
1788429423.921564,iOS Bluetooth,222,0,0
1788429423.964875,iOS Bluetooth,239,124,62
1788429423.964875,iOS Bluetooth,223,15,0
1788429423.964875,iOS Bluetooth,223,0,0
1788429423.964875,iOS Bluetooth,225,122,62
1788429423.964875,iOS Bluetooth,209,15,0
1788429423.964875,iOS Bluetooth,209,0,0
1788429423.964875,iOS Bluetooth,226,52,64
1788429423.965930,iOS Bluetooth,210,99,0
1788429423.965930,iOS Bluetooth,210,0,0
1788429423.965930,iOS Bluetooth,227,37,65
1788429423.965930,iOS Bluetooth,211,19,0
1788429423.965930,iOS Bluetooth,211,0,0
1788429423.965930,iOS Bluetooth,228,39,64
1788429423.965930,iOS Bluetooth,212,12,0
1788429423.965930,iOS Bluetooth,212,0,0
1788429423.973865,iOS Bluetooth,229,41,64
1788429423.973865,iOS Bluetooth,213,107,0
1788429423.973865,iOS Bluetooth,213,0,0
1788429423.973865,iOS Bluetooth,230,115,62
1788429423.973865,iOS Bluetooth,214,54,0
1788429423.973865,iOS Bluetooth,214,0,0
1788429423.973865,iOS Bluetooth,231,4,63
1788429423.987919,iOS Bluetooth,215,33,0
1788429423.987919,iOS Bluetooth,215,0,0
1788429423.987919,iOS Bluetooth,237,66,64
1788429423.987919,iOS Bluetooth,221,6,0
1788429423.987919,iOS Bluetooth,221,0,0
1788429423.987919,iOS Bluetooth,238,35,65
1788429423.995930,iOS Bluetooth,239,112,62
1788429423.995930,iOS Bluetooth,223,9,0
1788429423.995930,iOS Bluetooth,223,0,0
1788429424.011005,iOS Bluetooth,225,9,63
1788429424.011005,iOS Bluetooth,209,23,0
1788429424.011005,iOS Bluetooth,209,0,0
1788429424.011005,iOS Bluetooth,209,0,0
1788429424.011005,iOS Bluetooth,209,0,0
1788429424.011005,iOS Bluetooth,209,0,0
1788429424.011005,iOS Bluetooth,210,86,0
1788429424.011005,iOS Bluetooth,210,0,0
1788429424.011005,iOS Bluetooth,227,34,65
1788429424.026194,iOS Bluetooth,211,14,0
1788429424.026194,iOS Bluetooth,211,0,0
1788429424.026194,iOS Bluetooth,228,16,64
1788429424.026194,iOS Bluetooth,228,0,0
1788429424.026194,iOS Bluetooth,228,0,26
1788429424.026194,iOS Bluetooth,228,19,64
1788429424.041162,iOS Bluetooth,213,103,0
1788429424.041162,iOS Bluetooth,213,0,0
1788429424.041162,iOS Bluetooth,230,105,62
1788429424.041162,iOS Bluetooth,214,52,0
1788429424.041162,iOS Bluetooth,214,0,0
1788429424.041162,iOS Bluetooth,214,0,0
1788429424.041162,iOS Bluetooth,214,0,0
1788429424.041162,iOS Bluetooth,214,0,0
1788429424.041162,iOS Bluetooth,215,30,0
1788429424.041162,iOS Bluetooth,215,0,0
1788429424.064042,iOS Bluetooth,237,89,64
1788429424.064042,iOS Bluetooth,221,11,0
1788429424.064042,iOS Bluetooth,221,0,0
1788429424.064042,iOS Bluetooth,238,31,65
1788429424.064042,iOS Bluetooth,238,0,0
1788429424.064042,iOS Bluetooth,238,0,58
1788429424.064042,iOS Bluetooth,238,103,62
1788429424.078958,iOS Bluetooth,223,4,0
1788429424.078958,iOS Bluetooth,223,0,0
1788429424.078958,iOS Bluetooth,225,26,63
1788429424.078958,iOS Bluetooth,225,0,0
1788429424.078958,iOS Bluetooth,225,0,0
1788429424.078958,iOS Bluetooth,225,0,0
1788429424.078958,iOS Bluetooth,210,74,0
1788429424.078958,iOS Bluetooth,210,0,0
1788429424.093840,iOS Bluetooth,227,29,65
1788429424.093840,iOS Bluetooth,211,10,0
1788429424.093840,iOS Bluetooth,211,0,0
1788429424.093840,iOS Bluetooth,211,0,0
1788429424.093840,iOS Bluetooth,211,0,0
1788429424.093840,iOS Bluetooth,211,0,0
1788429424.093840,iOS Bluetooth,211,0,0
1788429424.093840,iOS Bluetooth,211,0,0
1788429424.093840,iOS Bluetooth,211,0,0
1788429424.093840,iOS Bluetooth,229,125,63
1788429424.108855,iOS Bluetooth,213,95,0
1788429424.108855,iOS Bluetooth,213,0,0
1788429424.108855,iOS Bluetooth,230,98,62
1788429424.108855,iOS Bluetooth,214,50,0
1788429424.108855,iOS Bluetooth,214,0,0
1788429424.108855,iOS Bluetooth,231,39,63
1788429424.123945,iOS Bluetooth,215,27,0
1788429424.123945,iOS Bluetooth,215,0,0
1788429424.123945,iOS Bluetooth,237,107,64
1788429424.123945,iOS Bluetooth,221,15,0
1788429424.123945,iOS Bluetooth,221,0,0
1788429424.123945,iOS Bluetooth,238,23,65
1788429424.123945,iOS Bluetooth,222,52,0
1788429424.123945,iOS Bluetooth,222,0,0
1788429424.137043,iOS Bluetooth,239,96,62
1788429424.137043,iOS Bluetooth,223,2,0
1788429424.137043,iOS Bluetooth,223,0,0
1788429424.137043,iOS Bluetooth,225,44,63
1788429424.137043,iOS Bluetooth,209,53,0
1788429424.137043,iOS Bluetooth,209,0,0
1788429424.137043,iOS Bluetooth,226,111,64
1788429424.154202,iOS Bluetooth,210,63,0
1788429424.154202,iOS Bluetooth,210,0,0
1788429424.154202,iOS Bluetooth,227,20,65
1788429424.154202,iOS Bluetooth,211,5,0
1788429424.154202,iOS Bluetooth,211,0,0
1788429424.154202,iOS Bluetooth,228,106,63
1788429424.154202,iOS Bluetooth,212,38,0
1788429424.154202,iOS Bluetooth,212,0,0
1788429424.169158,iOS Bluetooth,229,101,63
1788429424.169158,iOS Bluetooth,213,86,0
1788429424.169158,iOS Bluetooth,213,0,0
1788429424.169158,iOS Bluetooth,230,93,62
1788429424.169158,iOS Bluetooth,214,49,0
1788429424.169158,iOS Bluetooth,214,0,0
1788429424.169158,iOS Bluetooth,231,59,63
1788429424.191129,iOS Bluetooth,215,20,0
1788429424.191129,iOS Bluetooth,215,0,0
1788429424.191129,iOS Bluetooth,237,123,64
1788429424.191129,iOS Bluetooth,221,20,0
1788429424.191129,iOS Bluetooth,221,0,0
1788429424.191129,iOS Bluetooth,238,13,65
1788429424.198832,iOS Bluetooth,239,92,62
1788429424.198832,iOS Bluetooth,223,0,0
1788429424.198832,iOS Bluetooth,223,0,0
1788429424.214128,iOS Bluetooth,225,67,63
1788429424.214128,iOS Bluetooth,209,71,0
1788429424.214128,iOS Bluetooth,209,0,0
1788429424.214128,iOS Bluetooth,209,0,0
1788429424.214128,iOS Bluetooth,209,0,0
1788429424.214128,iOS Bluetooth,209,0,0
1788429424.214128,iOS Bluetooth,210,54,0
1788429424.214128,iOS Bluetooth,210,0,0
1788429424.214128,iOS Bluetooth,227,10,65
1788429424.228821,iOS Bluetooth,211,3,0
1788429424.228821,iOS Bluetooth,211,0,0
1788429424.228821,iOS Bluetooth,228,83,63
1788429424.228821,iOS Bluetooth,228,0,0
1788429424.228821,iOS Bluetooth,228,0,98
1788429424.228821,iOS Bluetooth,228,79,63
1788429424.243845,iOS Bluetooth,213,77,0
1788429424.243845,iOS Bluetooth,213,0,0
1788429424.243845,iOS Bluetooth,230,91,62
1788429424.243845,iOS Bluetooth,214,47,0
1788429424.243845,iOS Bluetooth,214,0,0
1788429424.243845,iOS Bluetooth,214,0,0
1788429424.243845,iOS Bluetooth,214,0,0
1788429424.243845,iOS Bluetooth,214,0,0
1788429424.243845,iOS Bluetooth,215,11,0
1788429424.243845,iOS Bluetooth,215,0,0
1788429424.259006,iOS Bluetooth,237,10,65
1788429424.259006,iOS Bluetooth,221,24,0
1788429424.259006,iOS Bluetooth,221,0,0
1788429424.259006,iOS Bluetooth,238,0,65
1788429424.259006,iOS Bluetooth,238,0,0
1788429424.259006,iOS Bluetooth,238,0,2
1788429424.259006,iOS Bluetooth,238,86,63
1788429424.273817,iOS Bluetooth,209,81,0
1788429424.273817,iOS Bluetooth,209,0,0
1788429424.273817,iOS Bluetooth,226,11,65
1788429424.273817,iOS Bluetooth,226,0,0
1788429424.273817,iOS Bluetooth,226,0,0
1788429424.273817,iOS Bluetooth,226,0,0
1788429424.273817,iOS Bluetooth,211,1,0
1788429424.273817,iOS Bluetooth,211,0,0
1788429424.289801,iOS Bluetooth,228,61,63
1788429424.289801,iOS Bluetooth,212,67,0
1788429424.289801,iOS Bluetooth,212,0,0
1788429424.289801,iOS Bluetooth,212,0,0
1788429424.289801,iOS Bluetooth,212,0,0
1788429424.289801,iOS Bluetooth,212,0,0
1788429424.289801,iOS Bluetooth,212,0,0
1788429424.289801,iOS Bluetooth,212,0,0
1788429424.289801,iOS Bluetooth,212,0,0
1788429424.289801,iOS Bluetooth,230,93,62
1788429424.312673,iOS Bluetooth,214,45,0
1788429424.312673,iOS Bluetooth,214,0,0
1788429424.312673,iOS Bluetooth,231,107,63
1788429424.312673,iOS Bluetooth,215,4,0
1788429424.312673,iOS Bluetooth,215,0,0
1788429424.312673,iOS Bluetooth,237,20,65
1788429424.326994,iOS Bluetooth,221,28,0
1788429424.326994,iOS Bluetooth,221,0,0
1788429424.326994,iOS Bluetooth,238,113,64
1788429424.326994,iOS Bluetooth,222,64,0
1788429424.326994,iOS Bluetooth,222,0,0
1788429424.326994,iOS Bluetooth,239,94,62
1788429424.326994,iOS Bluetooth,223,1,0
1788429424.326994,iOS Bluetooth,223,0,0
1788429424.343648,iOS Bluetooth,225,110,63
1788429424.343648,iOS Bluetooth,209,89,0
1788429424.343648,iOS Bluetooth,209,0,0
1788429424.343648,iOS Bluetooth,226,22,65
1788429424.343648,iOS Bluetooth,210,39,0
1788429424.343648,iOS Bluetooth,210,0,0
1788429424.343648,iOS Bluetooth,227,109,64
1788429424.356823,iOS Bluetooth,211,0,0
1788429424.356823,iOS Bluetooth,211,0,0
1788429424.356823,iOS Bluetooth,228,41,63
1788429424.356823,iOS Bluetooth,212,61,0
1788429424.356823,iOS Bluetooth,212,0,0
1788429424.356823,iOS Bluetooth,229,39,63
1788429424.356823,iOS Bluetooth,213,48,0
1788429424.356823,iOS Bluetooth,213,0,0
1788429424.371834,iOS Bluetooth,230,98,62
1788429424.371834,iOS Bluetooth,214,42,0
1788429424.371834,iOS Bluetooth,214,0,0
1788429424.371834,iOS Bluetooth,231,0,64
1788429424.371834,iOS Bluetooth,215,0,0
1788429424.371834,iOS Bluetooth,215,0,0
1788429424.371834,iOS Bluetooth,215,0,0
1788429424.371834,iOS Bluetooth,215,0,0
1788429424.371834,iOS Bluetooth,215,0,0
1788429424.386083,iOS Bluetooth,221,32,0
1788429424.386083,iOS Bluetooth,221,0,0
1788429424.386083,iOS Bluetooth,238,96,64
1788429424.386083,iOS Bluetooth,222,70,0
1788429424.386083,iOS Bluetooth,222,0,0
1788429424.386083,iOS Bluetooth,239,99,62
1788429424.402608,iOS Bluetooth,225,3,64
1788429424.402608,iOS Bluetooth,209,97,0
1788429424.402608,iOS Bluetooth,209,0,0
1788429424.402608,iOS Bluetooth,221,0,0
1788429424.402608,iOS Bluetooth,221,0,0
1788429424.402608,iOS Bluetooth,141,72,64
1788429424.402608,iOS Bluetooth,232,0,64
1788429424.402608,iOS Bluetooth,152,72,96
1788429424.410643,iOS Bluetooth,226,30,65
1788429424.410643,iOS Bluetooth,210,32,0
1788429424.410643,iOS Bluetooth,210,0,0
1788429424.410643,iOS Bluetooth,210,0,0
1788429424.410643,iOS Bluetooth,210,0,0
1788429424.410643,iOS Bluetooth,210,0,0
1788429424.410643,iOS Bluetooth,211,1,0
1788429424.410643,iOS Bluetooth,211,0,0
1788429424.410643,iOS Bluetooth,228,23,63
1788429424.431235,iOS Bluetooth,212,58,0
1788429424.431235,iOS Bluetooth,212,0,0
1788429424.431235,iOS Bluetooth,229,21,63
1788429424.431235,iOS Bluetooth,229,0,0
1788429424.431235,iOS Bluetooth,229,0,42
1788429424.431235,iOS Bluetooth,229,105,62
1788429424.448704,iOS Bluetooth,214,40,0
1788429424.448704,iOS Bluetooth,214,0,0
1788429424.448704,iOS Bluetooth,231,13,64
1788429424.448704,iOS Bluetooth,232,34,65
1788429424.448704,iOS Bluetooth,232,0,0
1788429424.448704,iOS Bluetooth,232,0,58
1788429424.448704,iOS Bluetooth,232,30,65
1788429424.461686,iOS Bluetooth,238,74,64
1788429424.461686,iOS Bluetooth,222,78,0
1788429424.461686,iOS Bluetooth,222,0,0
1788429424.461686,iOS Bluetooth,239,108,62
1788429424.461686,iOS Bluetooth,239,0,0
1788429424.461686,iOS Bluetooth,239,0,74
1788429424.461686,iOS Bluetooth,239,25,64
1788429424.475982,iOS Bluetooth,209,105,0
1788429424.475982,iOS Bluetooth,209,0,0
1788429424.475982,iOS Bluetooth,226,35,65
1788429424.475982,iOS Bluetooth,226,0,0
1788429424.475982,iOS Bluetooth,226,0,0
1788429424.475982,iOS Bluetooth,226,0,0
1788429424.475982,iOS Bluetooth,211,5,0
1788429424.475982,iOS Bluetooth,211,0,0
1788429424.491177,iOS Bluetooth,228,5,63
1788429424.491177,iOS Bluetooth,212,56,0
1788429424.491177,iOS Bluetooth,212,0,0
1788429424.491177,iOS Bluetooth,212,0,0
1788429424.491177,iOS Bluetooth,212,0,0
1788429424.491177,iOS Bluetooth,212,0,0
1788429424.491177,iOS Bluetooth,212,0,0
1788429424.491177,iOS Bluetooth,212,0,0
1788429424.491177,iOS Bluetooth,212,0,0
1788429424.491177,iOS Bluetooth,230,115,62
1788429424.505827,iOS Bluetooth,214,37,0
1788429424.505827,iOS Bluetooth,214,0,0
1788429424.505827,iOS Bluetooth,231,37,64
1788429424.505827,iOS Bluetooth,215,1,0
1788429424.505827,iOS Bluetooth,215,0,0
1788429424.505827,iOS Bluetooth,232,36,65
1788429424.520896,iOS Bluetooth,216,40,0
1788429424.520896,iOS Bluetooth,216,0,0
1788429424.520896,iOS Bluetooth,238,54,64
1788429424.520896,iOS Bluetooth,222,83,0
1788429424.520896,iOS Bluetooth,222,0,0
1788429424.520896,iOS Bluetooth,239,120,62
1788429424.520896,iOS Bluetooth,223,13,0
1788429424.520896,iOS Bluetooth,223,0,0
1788429424.537043,iOS Bluetooth,225,49,64
1788429424.537043,iOS Bluetooth,209,103,0
1788429424.537043,iOS Bluetooth,209,0,0
1788429424.537043,iOS Bluetooth,226,37,65
1788429424.537043,iOS Bluetooth,210,20,0
1788429424.537043,iOS Bluetooth,210,0,0
1788429424.537043,iOS Bluetooth,227,45,64
1788429424.559040,iOS Bluetooth,211,11,0
1788429424.559040,iOS Bluetooth,211,0,0
1788429424.559040,iOS Bluetooth,228,120,62
1788429424.559040,iOS Bluetooth,212,54,0
1788429424.559040,iOS Bluetooth,212,0,0
1788429424.559040,iOS Bluetooth,229,118,62
1788429424.559040,iOS Bluetooth,213,13,0
1788429424.559040,iOS Bluetooth,213,0,0
1788429424.573823,iOS Bluetooth,230,2,63
1788429424.573823,iOS Bluetooth,214,34,0
1788429424.573823,iOS Bluetooth,214,0,0
1788429424.573823,iOS Bluetooth,231,63,64
1788429424.573823,iOS Bluetooth,215,4,0
1788429424.573823,iOS Bluetooth,215,0,0
1788429424.573823,iOS Bluetooth,216,43,0
1788429424.573823,iOS Bluetooth,216,0,0
1788429424.587904,iOS Bluetooth,238,31,64
1788429424.587904,iOS Bluetooth,222,69,0
1788429424.587904,iOS Bluetooth,222,0,0
1788429424.587904,iOS Bluetooth,239,6,63
1788429424.587904,iOS Bluetooth,223,21,0
1788429424.587904,iOS Bluetooth,223,0,0
1788429424.595908,iOS Bluetooth,209,89,0
1788429424.595908,iOS Bluetooth,209,0,0
1788429424.595908,iOS Bluetooth,226,35,65
1788429424.595908,iOS Bluetooth,176,118,5
1788429424.611082,iOS Bluetooth,210,15,0
1788429424.611082,iOS Bluetooth,210,0,0
1788429424.611082,iOS Bluetooth,227,22,64
1788429424.611082,iOS Bluetooth,227,0,0
1788429424.611082,iOS Bluetooth,227,0,98
1788429424.611082,iOS Bluetooth,227,108,62
1788429424.611082,iOS Bluetooth,212,53,0
1788429424.611082,iOS Bluetooth,212,0,0
1788429424.626152,iOS Bluetooth,229,107,62
1788429424.626152,iOS Bluetooth,213,7,0
1788429424.626152,iOS Bluetooth,213,0,0
1788429424.626152,iOS Bluetooth,213,0,0
1788429424.626152,iOS Bluetooth,213,0,0
1788429424.626152,iOS Bluetooth,213,0,0
1788429424.626152,iOS Bluetooth,214,31,0
1788429424.626152,iOS Bluetooth,214,0,0
1788429424.641211,iOS Bluetooth,231,85,64
1788429424.641211,iOS Bluetooth,215,10,0
1788429424.641211,iOS Bluetooth,215,0,0
1788429424.641211,iOS Bluetooth,232,32,65
1788429424.641211,iOS Bluetooth,232,0,0
1788429424.641211,iOS Bluetooth,232,0,2
1788429424.641211,iOS Bluetooth,232,9,64
1788429424.663924,iOS Bluetooth,222,52,0
1788429424.663924,iOS Bluetooth,222,0,0
1788429424.663924,iOS Bluetooth,239,21,63
1788429424.663924,iOS Bluetooth,223,31,0
1788429424.663924,iOS Bluetooth,223,0,0
1788429424.663924,iOS Bluetooth,223,0,0
1788429424.663924,iOS Bluetooth,223,0,0
1788429424.663924,iOS Bluetooth,223,0,0
1788429424.663924,iOS Bluetooth,209,77,0
1788429424.663924,iOS Bluetooth,209,0,0
1788429424.679683,iOS Bluetooth,226,30,65
1788429424.679683,iOS Bluetooth,210,11,0
1788429424.679683,iOS Bluetooth,210,0,0
1788429424.679683,iOS Bluetooth,210,0,0
1788429424.679683,iOS Bluetooth,210,0,0
1788429424.679683,iOS Bluetooth,210,0,0
1788429424.679683,iOS Bluetooth,210,0,0
1788429424.679683,iOS Bluetooth,210,0,0
1788429424.679683,iOS Bluetooth,210,0,0
1788429424.679683,iOS Bluetooth,228,100,62
1788429424.693849,iOS Bluetooth,212,51,0
1788429424.693849,iOS Bluetooth,212,0,0
1788429424.693849,iOS Bluetooth,229,99,62
1788429424.693849,iOS Bluetooth,229,0,0
1788429424.693849,iOS Bluetooth,229,0,0
1788429424.693849,iOS Bluetooth,229,0,0
1788429424.693849,iOS Bluetooth,214,28,0
1788429424.693849,iOS Bluetooth,214,0,0
1788429424.710734,iOS Bluetooth,231,103,64
1788429424.710734,iOS Bluetooth,215,14,0
1788429424.710734,iOS Bluetooth,215,0,0
1788429424.710734,iOS Bluetooth,232,25,65
1788429424.710734,iOS Bluetooth,216,51,0
1788429424.710734,iOS Bluetooth,216,0,0
1788429424.725804,iOS Bluetooth,238,116,63
1788429424.725804,iOS Bluetooth,222,40,0
1788429424.725804,iOS Bluetooth,222,0,0
1788429424.725804,iOS Bluetooth,239,39,63
1788429424.725804,iOS Bluetooth,223,48,0
1788429424.725804,iOS Bluetooth,223,0,0
1788429424.725804,iOS Bluetooth,225,107,64
1788429424.740808,iOS Bluetooth,209,65,0
1788429424.740808,iOS Bluetooth,209,0,0
1788429424.740808,iOS Bluetooth,226,23,65
1788429424.740808,iOS Bluetooth,210,7,0
1788429424.740808,iOS Bluetooth,210,0,0
1788429424.740808,iOS Bluetooth,227,112,63
1788429424.740808,iOS Bluetooth,211,34,0
1788429424.740808,iOS Bluetooth,211,0,0
1788429424.754774,iOS Bluetooth,228,94,62
1788429424.754774,iOS Bluetooth,212,49,0
1788429424.754774,iOS Bluetooth,212,0,0
1788429424.754774,iOS Bluetooth,229,93,62
1788429424.754774,iOS Bluetooth,213,1,0
1788429424.754774,iOS Bluetooth,213,0,0
1788429424.754774,iOS Bluetooth,230,54,63
1788429424.769790,iOS Bluetooth,214,22,0
1788429424.769790,iOS Bluetooth,214,0,0
1788429424.769790,iOS Bluetooth,231,119,64
1788429424.769790,iOS Bluetooth,215,19,0
1788429424.769790,iOS Bluetooth,215,0,0
1788429424.769790,iOS Bluetooth,232,15,65
1788429424.784754,iOS Bluetooth,239,64,63
1788429424.784754,iOS Bluetooth,223,68,0
1788429424.784754,iOS Bluetooth,223,0,0
1788429424.798909,iOS Bluetooth,209,56,0
1788429424.798909,iOS Bluetooth,209,0,0
1788429424.798909,iOS Bluetooth,226,13,65
1788429424.813801,iOS Bluetooth,210,3,0
1788429424.813801,iOS Bluetooth,210,0,0
1788429424.813801,iOS Bluetooth,227,89,63
1788429424.813801,iOS Bluetooth,227,0,0
1788429424.813801,iOS Bluetooth,227,0,42
1788429424.813801,iOS Bluetooth,227,92,62
1788429424.813801,iOS Bluetooth,212,47,0
1788429424.813801,iOS Bluetooth,212,0,0
1788429424.828994,iOS Bluetooth,229,91,62
1788429424.828994,iOS Bluetooth,213,0,0
1788429424.828994,iOS Bluetooth,213,0,0
1788429424.828994,iOS Bluetooth,213,0,0
1788429424.828994,iOS Bluetooth,213,0,0
1788429424.828994,iOS Bluetooth,213,0,0
1788429424.828994,iOS Bluetooth,214,13,0
1788429424.828994,iOS Bluetooth,214,0,0
1788429424.843782,iOS Bluetooth,231,7,65
1788429424.843782,iOS Bluetooth,215,23,0
1788429424.843782,iOS Bluetooth,215,0,0
1788429424.843782,iOS Bluetooth,232,3,65
1788429424.843782,iOS Bluetooth,232,0,0
1788429424.843782,iOS Bluetooth,232,0,74
1788429424.843782,iOS Bluetooth,232,73,63
1788429424.858991,iOS Bluetooth,222,24,0
1788429424.858991,iOS Bluetooth,222,0,0
1788429424.858991,iOS Bluetooth,239,83,63
1788429424.858991,iOS Bluetooth,223,78,0
1788429424.858991,iOS Bluetooth,223,0,0
1788429424.858991,iOS Bluetooth,223,0,0
1788429424.858991,iOS Bluetooth,223,0,0
1788429424.858991,iOS Bluetooth,223,0,0
1788429424.858991,iOS Bluetooth,209,48,0
1788429424.858991,iOS Bluetooth,209,0,0
1788429424.873893,iOS Bluetooth,226,126,64
1788429424.873893,iOS Bluetooth,210,1,0
1788429424.873893,iOS Bluetooth,210,0,0
1788429424.873893,iOS Bluetooth,210,0,0
1788429424.873893,iOS Bluetooth,210,0,0
1788429424.873893,iOS Bluetooth,210,0,0
1788429424.873893,iOS Bluetooth,210,0,0
1788429424.873893,iOS Bluetooth,210,0,0
1788429424.873893,iOS Bluetooth,210,0,0
1788429424.873893,iOS Bluetooth,212,45,0
1788429424.873893,iOS Bluetooth,212,0,0
1788429424.887978,iOS Bluetooth,229,92,62
1788429424.887978,iOS Bluetooth,230,100,63
1788429424.887978,iOS Bluetooth,230,0,0
1788429424.887978,iOS Bluetooth,230,0,0
1788429424.887978,iOS Bluetooth,230,0,0
1788429424.887978,iOS Bluetooth,215,26,0
1788429424.887978,iOS Bluetooth,215,0,0
1788429424.911254,iOS Bluetooth,232,117,64
1788429424.911254,iOS Bluetooth,216,63,0
1788429424.911254,iOS Bluetooth,216,0,0
1788429424.911254,iOS Bluetooth,238,51,63
1788429424.911254,iOS Bluetooth,222,17,0
1788429424.911254,iOS Bluetooth,222,0,0
1788429424.926080,iOS Bluetooth,239,104,63
1788429424.926080,iOS Bluetooth,223,87,0
1788429424.926080,iOS Bluetooth,223,0,0
1788429424.926080,iOS Bluetooth,225,19,65
1788429424.926080,iOS Bluetooth,209,40,0
1788429424.926080,iOS Bluetooth,209,0,0
1788429424.926080,iOS Bluetooth,226,113,64
1788429424.941099,iOS Bluetooth,210,0,0
1788429424.941099,iOS Bluetooth,210,0,0
1788429424.941099,iOS Bluetooth,227,46,63
1788429424.941099,iOS Bluetooth,211,63,0
1788429424.941099,iOS Bluetooth,211,0,0
1788429424.941099,iOS Bluetooth,228,96,62
1788429424.941099,iOS Bluetooth,212,43,0
1788429424.941099,iOS Bluetooth,212,0,0
1788429424.955978,iOS Bluetooth,229,96,62
1788429424.955978,iOS Bluetooth,213,2,0
1788429424.955978,iOS Bluetooth,213,0,0
1788429424.955978,iOS Bluetooth,230,0,64
1788429424.955978,iOS Bluetooth,214,0,0
1788429424.955978,iOS Bluetooth,214,0,0
1788429424.955978,iOS Bluetooth,231,26,65
1788429424.971116,iOS Bluetooth,215,31,0
1788429424.971116,iOS Bluetooth,215,0,0
1788429424.971116,iOS Bluetooth,232,100,64
1788429424.971116,iOS Bluetooth,216,69,0
1788429424.971116,iOS Bluetooth,216,0,0
1788429424.971116,iOS Bluetooth,238,32,63
1788429424.971116,iOS Bluetooth,222,8,0
1788429424.971116,iOS Bluetooth,222,0,0
1788429424.985914,iOS Bluetooth,239,0,64
1788429424.985914,iOS Bluetooth,223,95,0
1788429424.985914,iOS Bluetooth,223,0,0
1788429424.985914,iOS Bluetooth,225,29,65
1788429424.985914,iOS Bluetooth,209,34,0
1788429424.985914,iOS Bluetooth,209,0,0
1788429425.016235,iOS Bluetooth,210,1,0
1788429425.016235,iOS Bluetooth,210,0,0
1788429425.016235,iOS Bluetooth,227,27,63
1788429425.016235,iOS Bluetooth,222,0,0
1788429425.016235,iOS Bluetooth,222,0,0
1788429425.016235,iOS Bluetooth,142,75,64
1788429425.016235,iOS Bluetooth,233,0,64
1788429425.016235,iOS Bluetooth,153,75,96
1788429425.016408,iOS Bluetooth,211,59,0
1788429425.016408,iOS Bluetooth,211,0,0
1788429425.016408,iOS Bluetooth,228,102,62
1788429425.016408,iOS Bluetooth,228,0,0
1788429425.016408,iOS Bluetooth,228,0,114
1788429425.016408,iOS Bluetooth,228,103,62
1788429425.016408,iOS Bluetooth,213,4,0
1788429425.016408,iOS Bluetooth,213,0,0
1788429425.031119,iOS Bluetooth,230,7,64
1788429425.031119,iOS Bluetooth,231,32,65
1788429425.031119,iOS Bluetooth,231,0,0
1788429425.031119,iOS Bluetooth,231,0,2
1788429425.031119,iOS Bluetooth,231,82,64
1788429425.046048,iOS Bluetooth,216,76,0
1788429425.046048,iOS Bluetooth,216,0,0
1788429425.046048,iOS Bluetooth,233,15,63
1788429425.046048,iOS Bluetooth,217,3,0
1788429425.046048,iOS Bluetooth,217,0,0
1788429425.046048,iOS Bluetooth,217,0,0
1788429425.046048,iOS Bluetooth,217,0,0
1788429425.046048,iOS Bluetooth,217,0,0
1788429425.046048,iOS Bluetooth,239,19,64
1788429425.061131,iOS Bluetooth,223,104,0
1788429425.061131,iOS Bluetooth,223,0,0
1788429425.061131,iOS Bluetooth,225,34,65
1788429425.061131,iOS Bluetooth,209,28,0
1788429425.061131,iOS Bluetooth,209,0,0
1788429425.061131,iOS Bluetooth,209,0,0
1788429425.061131,iOS Bluetooth,209,0,0
1788429425.061131,iOS Bluetooth,209,0,0
1788429425.061131,iOS Bluetooth,210,4,0
1788429425.061131,iOS Bluetooth,210,0,0
1788429425.075991,iOS Bluetooth,227,9,63
1788429425.075991,iOS Bluetooth,211,57,0
1788429425.075991,iOS Bluetooth,211,0,0
1788429425.075991,iOS Bluetooth,211,0,0
1788429425.075991,iOS Bluetooth,211,0,0
1788429425.075991,iOS Bluetooth,211,0,0
1788429425.075991,iOS Bluetooth,211,0,0
1788429425.075991,iOS Bluetooth,211,0,0
1788429425.075991,iOS Bluetooth,211,0,0
1788429425.075991,iOS Bluetooth,229,113,62
1788429425.091360,iOS Bluetooth,213,9,0
1788429425.091360,iOS Bluetooth,213,0,0
1788429425.091360,iOS Bluetooth,230,31,64
1788429425.091360,iOS Bluetooth,230,0,0
1788429425.091360,iOS Bluetooth,230,0,0
1788429425.091360,iOS Bluetooth,230,0,0
1788429425.091360,iOS Bluetooth,215,39,0
1788429425.091360,iOS Bluetooth,215,0,0
1788429425.106892,iOS Bluetooth,232,59,64
1788429425.106892,iOS Bluetooth,216,85,0
1788429425.106892,iOS Bluetooth,216,0,0
1788429425.106892,iOS Bluetooth,233,126,62
1788429425.106892,iOS Bluetooth,217,0,0
1788429425.106892,iOS Bluetooth,217,0,0
1788429425.121121,iOS Bluetooth,239,44,64
1788429425.121121,iOS Bluetooth,223,107,0
1788429425.121121,iOS Bluetooth,223,0,0
1788429425.121121,iOS Bluetooth,225,36,65
1788429425.121121,iOS Bluetooth,209,21,0
1788429425.121121,iOS Bluetooth,209,0,0
1788429425.121121,iOS Bluetooth,226,51,64
1788429425.143859,iOS Bluetooth,210,10,0
1788429425.143859,iOS Bluetooth,210,0,0
1788429425.143859,iOS Bluetooth,227,123,62
1788429425.143859,iOS Bluetooth,211,55,0
1788429425.143859,iOS Bluetooth,211,0,0
1788429425.143859,iOS Bluetooth,228,125,62
1788429425.143859,iOS Bluetooth,212,35,0
1788429425.143859,iOS Bluetooth,212,0,0
1788429425.158930,iOS Bluetooth,229,127,62
1788429425.158930,iOS Bluetooth,213,16,0
1788429425.158930,iOS Bluetooth,213,0,0
1788429425.158930,iOS Bluetooth,230,58,64
1788429425.158930,iOS Bluetooth,214,3,0
1788429425.158930,iOS Bluetooth,214,0,0
1788429425.158930,iOS Bluetooth,215,42,0
1788429425.158930,iOS Bluetooth,215,0,0
1788429425.173991,iOS Bluetooth,232,37,64
1788429425.173991,iOS Bluetooth,216,73,0
1788429425.173991,iOS Bluetooth,216,0,0
1788429425.173991,iOS Bluetooth,233,114,62
1788429425.173991,iOS Bluetooth,239,62,64
1788429425.173991,iOS Bluetooth,223,94,0
1788429425.173991,iOS Bluetooth,223,0,0
1788429425.187990,iOS Bluetooth,209,17,0
1788429425.187990,iOS Bluetooth,209,0,0
1788429425.187990,iOS Bluetooth,226,31,64
1788429425.187990,iOS Bluetooth,210,15,0
1788429425.187990,iOS Bluetooth,210,0,0
1788429425.187990,iOS Bluetooth,227,112,62
1788429425.187990,iOS Bluetooth,227,0,0
1788429425.203837,iOS Bluetooth,228,9,63
1788429425.203837,iOS Bluetooth,212,33,0
1788429425.203837,iOS Bluetooth,212,0,0
1788429425.203837,iOS Bluetooth,229,11,63
1788429425.203837,iOS Bluetooth,213,23,0
1788429425.203837,iOS Bluetooth,213,0,0
1788429425.219101,iOS Bluetooth,214,8,0
1788429425.219101,iOS Bluetooth,214,0,0
1788429425.219101,iOS Bluetooth,231,34,65
1788429425.225982,iOS Bluetooth,215,46,0
1788429425.225982,iOS Bluetooth,215,0,0
1788429425.225982,iOS Bluetooth,232,17,64
1788429425.225982,iOS Bluetooth,232,0,0
1788429425.225982,iOS Bluetooth,232,0,74
1788429425.225982,iOS Bluetooth,232,105,62
1788429425.241139,iOS Bluetooth,217,1,0
1788429425.241139,iOS Bluetooth,217,0,0
1788429425.241139,iOS Bluetooth,239,82,64
1788429425.241139,iOS Bluetooth,223,81,0
1788429425.241139,iOS Bluetooth,223,0,0
1788429425.241139,iOS Bluetooth,223,0,0
1788429425.241139,iOS Bluetooth,223,0,0
1788429425.241139,iOS Bluetooth,223,0,0
1788429425.241139,iOS Bluetooth,209,12,0
1788429425.241139,iOS Bluetooth,209,0,0
1788429425.256087,iOS Bluetooth,226,7,64
1788429425.256087,iOS Bluetooth,210,17,0
1788429425.256087,iOS Bluetooth,210,0,0
1788429425.256087,iOS Bluetooth,210,0,0
1788429425.256087,iOS Bluetooth,210,0,0
1788429425.256087,iOS Bluetooth,210,0,0
1788429425.256087,iOS Bluetooth,210,0,0
1788429425.256087,iOS Bluetooth,210,0,0
1788429425.256087,iOS Bluetooth,210,0,0
1788429425.256087,iOS Bluetooth,228,26,63
1788429425.278788,iOS Bluetooth,212,29,0
1788429425.278788,iOS Bluetooth,212,0,0
1788429425.278788,iOS Bluetooth,229,28,63
1788429425.278788,iOS Bluetooth,229,0,0
1788429425.278788,iOS Bluetooth,229,0,0
1788429425.278788,iOS Bluetooth,229,0,0
1788429425.278788,iOS Bluetooth,214,12,0
1788429425.278788,iOS Bluetooth,214,0,0
1788429425.293897,iOS Bluetooth,231,28,65
1788429425.293897,iOS Bluetooth,215,50,0
1788429425.293897,iOS Bluetooth,215,0,0
1788429425.293897,iOS Bluetooth,215,0,0
1788429425.293897,iOS Bluetooth,215,0,0
1788429425.293897,iOS Bluetooth,215,0,0
1788429425.293897,iOS Bluetooth,215,0,0
1788429425.293897,iOS Bluetooth,215,0,0
1788429425.293897,iOS Bluetooth,215,0,0
1788429425.293897,iOS Bluetooth,233,98,62
1788429425.308844,iOS Bluetooth,217,3,0
1788429425.308844,iOS Bluetooth,217,0,0
1788429425.308844,iOS Bluetooth,239,101,64
1788429425.308844,iOS Bluetooth,223,69,0
1788429425.308844,iOS Bluetooth,223,0,0
1788429425.308844,iOS Bluetooth,225,26,65
1788429425.323937,iOS Bluetooth,209,8,0
1788429425.323937,iOS Bluetooth,209,0,0
1788429425.323937,iOS Bluetooth,226,120,63
1788429425.323937,iOS Bluetooth,210,28,0
1788429425.323937,iOS Bluetooth,210,0,0
1788429425.323937,iOS Bluetooth,227,96,62
1788429425.323937,iOS Bluetooth,211,50,0
1788429425.323937,iOS Bluetooth,211,0,0
1788429425.338873,iOS Bluetooth,228,46,63
1788429425.338873,iOS Bluetooth,212,26,0
1788429425.338873,iOS Bluetooth,212,0,0
1788429425.338873,iOS Bluetooth,229,46,63
1788429425.338873,iOS Bluetooth,213,53,0
1788429425.338873,iOS Bluetooth,213,0,0
1788429425.338873,iOS Bluetooth,230,113,64
1788429425.354257,iOS Bluetooth,214,17,0
1788429425.354257,iOS Bluetooth,214,0,0
1788429425.354257,iOS Bluetooth,231,19,65
1788429425.354257,iOS Bluetooth,215,54,0
1788429425.354257,iOS Bluetooth,215,0,0
1788429425.354257,iOS Bluetooth,232,104,63
1788429425.354257,iOS Bluetooth,216,36,0
1788429425.354257,iOS Bluetooth,216,0,0
1788429425.368927,iOS Bluetooth,233,93,62
1788429425.368927,iOS Bluetooth,217,6,0
1788429425.368927,iOS Bluetooth,217,0,0
1788429425.368927,iOS Bluetooth,239,119,64
1788429425.368927,iOS Bluetooth,223,59,0
1788429425.368927,iOS Bluetooth,223,0,0
1788429425.368927,iOS Bluetooth,223,0,0
1788429425.368927,iOS Bluetooth,223,0,0
1788429425.368927,iOS Bluetooth,223,0,0
1788429425.391134,iOS Bluetooth,209,4,0
1788429425.391134,iOS Bluetooth,209,0,0
1788429425.391134,iOS Bluetooth,226,98,63
1788429425.391134,iOS Bluetooth,210,46,0
1788429425.391134,iOS Bluetooth,210,0,0
1788429425.391134,iOS Bluetooth,227,92,62
1788429425.398854,iOS Bluetooth,228,68,63
1788429425.398854,iOS Bluetooth,212,18,0
1788429425.398854,iOS Bluetooth,212,0,0
1788429425.414681,iOS Bluetooth,229,69,63
1788429425.414681,iOS Bluetooth,213,71,0
1788429425.414681,iOS Bluetooth,213,0,0
1788429425.414681,iOS Bluetooth,213,0,0
1788429425.414681,iOS Bluetooth,213,0,0
1788429425.414681,iOS Bluetooth,213,0,0
1788429425.414681,iOS Bluetooth,214,21,0
1788429425.414681,iOS Bluetooth,214,0,0
1788429425.414681,iOS Bluetooth,231,8,65
1788429425.430109,iOS Bluetooth,215,58,0
1788429425.430109,iOS Bluetooth,215,0,0
1788429425.430109,iOS Bluetooth,232,81,63
1788429425.430109,iOS Bluetooth,232,0,0
1788429425.430109,iOS Bluetooth,232,0,18
1788429425.430109,iOS Bluetooth,232,91,62
1788429425.444041,iOS Bluetooth,217,11,0
1788429425.444041,iOS Bluetooth,217,0,0
1788429425.444041,iOS Bluetooth,239,5,65
1788429425.444041,iOS Bluetooth,223,51,0
1788429425.444041,iOS Bluetooth,223,0,0
1788429425.444041,iOS Bluetooth,223,0,0
1788429425.444041,iOS Bluetooth,223,0,0
1788429425.444041,iOS Bluetooth,223,0,0
1788429425.444041,iOS Bluetooth,209,2,0
1788429425.444041,iOS Bluetooth,209,0,0
1788429425.459800,iOS Bluetooth,226,72,63
1788429425.459800,iOS Bluetooth,210,61,0
1788429425.459800,iOS Bluetooth,210,0,0
1788429425.459800,iOS Bluetooth,210,0,0
1788429425.459800,iOS Bluetooth,210,0,0
1788429425.459800,iOS Bluetooth,210,0,0
1788429425.459800,iOS Bluetooth,210,0,0
1788429425.459800,iOS Bluetooth,210,0,0
1788429425.459800,iOS Bluetooth,210,0,0
1788429425.459800,iOS Bluetooth,212,9,0
1788429425.459800,iOS Bluetooth,212,0,0
1788429425.474689,iOS Bluetooth,229,91,63
1788429425.474689,iOS Bluetooth,213,81,0
1788429425.474689,iOS Bluetooth,213,0,0
1788429425.474689,iOS Bluetooth,213,0,0
1788429425.474689,iOS Bluetooth,213,0,0
1788429425.474689,iOS Bluetooth,213,0,0
1788429425.474689,iOS Bluetooth,213,0,0
1788429425.474689,iOS Bluetooth,213,0,0
1788429425.474689,iOS Bluetooth,213,0,0
1788429425.474689,iOS Bluetooth,231,122,64
1788429425.490178,iOS Bluetooth,215,62,0
1788429425.490178,iOS Bluetooth,215,0,0
1788429425.490178,iOS Bluetooth,232,59,63
1788429425.490178,iOS Bluetooth,232,0,0
1788429425.490178,iOS Bluetooth,232,0,0
1788429425.490178,iOS Bluetooth,232,0,0
1788429425.490178,iOS Bluetooth,217,15,0
1788429425.490178,iOS Bluetooth,217,0,0
1788429425.513065,iOS Bluetooth,239,17,65
1788429425.513065,iOS Bluetooth,223,43,0
1788429425.513065,iOS Bluetooth,223,0,0
1788429425.513065,iOS Bluetooth,225,117,64
1788429425.513065,iOS Bluetooth,209,0,0
1788429425.513065,iOS Bluetooth,209,0,0
1788429425.525872,iOS Bluetooth,226,51,63
1788429425.525872,iOS Bluetooth,210,64,0
1788429425.525872,iOS Bluetooth,210,0,0
1788429425.525872,iOS Bluetooth,227,94,62
1788429425.525872,iOS Bluetooth,211,44,0
1788429425.525872,iOS Bluetooth,211,0,0
1788429425.525872,iOS Bluetooth,228,116,63
1788429425.541069,iOS Bluetooth,212,2,0
1788429425.541069,iOS Bluetooth,212,0,0
1788429425.541069,iOS Bluetooth,229,112,63
1788429425.541069,iOS Bluetooth,213,89,0
1788429425.541069,iOS Bluetooth,213,0,0
1788429425.541069,iOS Bluetooth,230,24,65
1788429425.541069,iOS Bluetooth,214,29,0
1788429425.541069,iOS Bluetooth,214,0,0
1788429425.556096,iOS Bluetooth,231,104,64
1788429425.556096,iOS Bluetooth,215,67,0
1788429425.556096,iOS Bluetooth,215,0,0
1788429425.556096,iOS Bluetooth,232,36,63
1788429425.556096,iOS Bluetooth,216,9,0
1788429425.556096,iOS Bluetooth,216,0,0
1788429425.556096,iOS Bluetooth,233,98,62
1788429425.571132,iOS Bluetooth,217,22,0
1788429425.571132,iOS Bluetooth,217,0,0
1788429425.571132,iOS Bluetooth,239,26,65
1788429425.571132,iOS Bluetooth,223,35,0
1788429425.571132,iOS Bluetooth,223,0,0
1788429425.571132,iOS Bluetooth,225,100,64
1788429425.571132,iOS Bluetooth,226,34,63
1788429425.586222,iOS Bluetooth,210,60,0
1788429425.586222,iOS Bluetooth,210,0,0
1788429425.586222,iOS Bluetooth,227,99,62
1788429425.586222,iOS Bluetooth,211,41,0
1788429425.586222,iOS Bluetooth,211,0,0
1788429425.586222,iOS Bluetooth,228,0,64
1788429425.586222,iOS Bluetooth,228,0,0
1788429425.602875,iOS Bluetooth,213,0,0
1788429425.602875,iOS Bluetooth,213,0,0
1788429425.602875,iOS Bluetooth,133,48,64
1788429425.602875,iOS Bluetooth,234,0,64
1788429425.602875,iOS Bluetooth,154,48,96
1788429425.602875,iOS Bluetooth,229,3,64
1788429425.602875,iOS Bluetooth,230,30,65
1788429425.602875,iOS Bluetooth,176,118,6
1788429425.602875,iOS Bluetooth,214,33,0
1788429425.602875,iOS Bluetooth,214,0,0
1788429425.602875,iOS Bluetooth,231,89,64
1788429425.616709,iOS Bluetooth,232,21,63
1788429425.616709,iOS Bluetooth,216,4,0
1788429425.616709,iOS Bluetooth,216,0,0
1788429425.631679,iOS Bluetooth,233,105,62
1788429425.631679,iOS Bluetooth,217,28,0
1788429425.631679,iOS Bluetooth,217,0,0
1788429425.631679,iOS Bluetooth,217,0,0
1788429425.631679,iOS Bluetooth,217,0,0
1788429425.631679,iOS Bluetooth,217,0,0
1788429425.631679,iOS Bluetooth,218,101,0
1788429425.631679,iOS Bluetooth,218,0,0
1788429425.646006,iOS Bluetooth,239,33,65
1788429425.646006,iOS Bluetooth,223,29,0
1788429425.646006,iOS Bluetooth,223,0,0
1788429425.646006,iOS Bluetooth,225,82,64
1788429425.646006,iOS Bluetooth,225,0,0
1788429425.646006,iOS Bluetooth,225,0,106
1788429425.646006,iOS Bluetooth,225,15,63
1788429425.660837,iOS Bluetooth,210,57,0
1788429425.660837,iOS Bluetooth,210,0,0
1788429425.660837,iOS Bluetooth,227,109,62
1788429425.660837,iOS Bluetooth,211,39,0
1788429425.660837,iOS Bluetooth,211,0,0
1788429425.660837,iOS Bluetooth,211,0,0
1788429425.660837,iOS Bluetooth,211,0,0
1788429425.660837,iOS Bluetooth,211,0,0
1788429425.660837,iOS Bluetooth,230,35,65
1788429425.675899,iOS Bluetooth,214,37,0
1788429425.675899,iOS Bluetooth,214,0,0
1788429425.675899,iOS Bluetooth,231,69,64
1788429425.675899,iOS Bluetooth,231,0,0
1788429425.675899,iOS Bluetooth,231,0,0
1788429425.675899,iOS Bluetooth,231,0,0
1788429425.675899,iOS Bluetooth,216,1,0
1788429425.675899,iOS Bluetooth,216,0,0
1788429425.691116,iOS Bluetooth,233,115,62
1788429425.691116,iOS Bluetooth,217,35,0
1788429425.691116,iOS Bluetooth,217,0,0
1788429425.691116,iOS Bluetooth,217,0,0
1788429425.691116,iOS Bluetooth,217,0,0
1788429425.691116,iOS Bluetooth,217,0,0
1788429425.691116,iOS Bluetooth,217,0,0
1788429425.691116,iOS Bluetooth,217,0,0
1788429425.691116,iOS Bluetooth,217,0,0
1788429425.691116,iOS Bluetooth,239,36,65
1788429425.706087,iOS Bluetooth,223,23,0
1788429425.706087,iOS Bluetooth,223,0,0
1788429425.706087,iOS Bluetooth,225,60,64
1788429425.706087,iOS Bluetooth,209,8,0
1788429425.706087,iOS Bluetooth,209,0,0
1788429425.706087,iOS Bluetooth,226,0,63
1788429425.722865,iOS Bluetooth,210,55,0
1788429425.722865,iOS Bluetooth,210,0,0
1788429425.722865,iOS Bluetooth,227,120,62
1788429425.722865,iOS Bluetooth,211,36,0
1788429425.722865,iOS Bluetooth,211,0,0
1788429425.722865,iOS Bluetooth,228,46,64
1788429425.722865,iOS Bluetooth,212,2,0
1788429425.722865,iOS Bluetooth,212,0,0
1788429425.743806,iOS Bluetooth,230,37,65
1788429425.743806,iOS Bluetooth,214,41,0
1788429425.743806,iOS Bluetooth,214,0,0
1788429425.743806,iOS Bluetooth,231,48,64
1788429425.743806,iOS Bluetooth,215,78,0
1788429425.743806,iOS Bluetooth,215,0,0
1788429425.743806,iOS Bluetooth,232,120,62
1788429425.758977,iOS Bluetooth,216,0,0
1788429425.758977,iOS Bluetooth,216,0,0
1788429425.758977,iOS Bluetooth,233,0,63
1788429425.758977,iOS Bluetooth,217,46,0
1788429425.758977,iOS Bluetooth,217,0,0
1788429425.758977,iOS Bluetooth,234,60,64
1788429425.758977,iOS Bluetooth,218,97,0
1788429425.758977,iOS Bluetooth,218,0,0
1788429425.773928,iOS Bluetooth,223,18,0
1788429425.773928,iOS Bluetooth,223,0,0
1788429425.773928,iOS Bluetooth,225,37,64
1788429425.773928,iOS Bluetooth,209,13,0
1788429425.773928,iOS Bluetooth,209,0,0
1788429425.773928,iOS Bluetooth,226,115,62
1788429425.773928,iOS Bluetooth,210,54,0
1788429425.773928,iOS Bluetooth,210,0,0
1788429425.787901,iOS Bluetooth,228,69,64
1788429425.787901,iOS Bluetooth,212,6,0
1788429425.787901,iOS Bluetooth,212,0,0
1788429425.795944,iOS Bluetooth,214,45,0
1788429425.795944,iOS Bluetooth,214,0,0
1788429425.795944,iOS Bluetooth,231,26,64
1788429425.811103,iOS Bluetooth,215,64,0
1788429425.811103,iOS Bluetooth,215,0,0
1788429425.811103,iOS Bluetooth,232,108,62
1788429425.811103,iOS Bluetooth,232,0,0
1788429425.811103,iOS Bluetooth,232,0,18
1788429425.811103,iOS Bluetooth,232,15,63
1788429425.811103,iOS Bluetooth,217,55,0
1788429425.811103,iOS Bluetooth,217,0,0
1788429425.826199,iOS Bluetooth,234,80,64
1788429425.826199,iOS Bluetooth,218,84,0
1788429425.826199,iOS Bluetooth,218,0,0
1788429425.826199,iOS Bluetooth,218,0,0
1788429425.826199,iOS Bluetooth,218,0,0
1788429425.826199,iOS Bluetooth,218,0,0
1788429425.826199,iOS Bluetooth,223,13,0
1788429425.826199,iOS Bluetooth,223,0,0
1788429425.841298,iOS Bluetooth,225,11,64
1788429425.841298,iOS Bluetooth,209,17,0
1788429425.841298,iOS Bluetooth,209,0,0
1788429425.841298,iOS Bluetooth,226,105,62
1788429425.841298,iOS Bluetooth,226,0,0
1788429425.841298,iOS Bluetooth,226,0,50
1788429425.841298,iOS Bluetooth,226,21,63
1788429425.863943,iOS Bluetooth,211,30,0
1788429425.863943,iOS Bluetooth,211,0,0
1788429425.863943,iOS Bluetooth,228,89,64
1788429425.863943,iOS Bluetooth,212,11,0
1788429425.863943,iOS Bluetooth,212,0,0
1788429425.863943,iOS Bluetooth,212,0,0
1788429425.863943,iOS Bluetooth,212,0,0
1788429425.863943,iOS Bluetooth,212,0,0
1788429425.863943,iOS Bluetooth,214,48,0
1788429425.863943,iOS Bluetooth,214,0,0
1788429425.878888,iOS Bluetooth,231,2,64
1788429425.878888,iOS Bluetooth,215,49,0
1788429425.878888,iOS Bluetooth,215,0,0
1788429425.878888,iOS Bluetooth,215,0,0
1788429425.878888,iOS Bluetooth,215,0,0
1788429425.878888,iOS Bluetooth,215,0,0
1788429425.878888,iOS Bluetooth,215,0,0
1788429425.878888,iOS Bluetooth,215,0,0
1788429425.878888,iOS Bluetooth,215,0,0
1788429425.878888,iOS Bluetooth,233,32,63
1788429425.893933,iOS Bluetooth,217,69,0
1788429425.893933,iOS Bluetooth,217,0,0
1788429425.893933,iOS Bluetooth,234,98,64
1788429425.893933,iOS Bluetooth,234,0,0
1788429425.893933,iOS Bluetooth,234,0,0
1788429425.893933,iOS Bluetooth,234,0,0
1788429425.893933,iOS Bluetooth,223,9,0
1788429425.893933,iOS Bluetooth,223,0,0
1788429425.908836,iOS Bluetooth,225,124,63
1788429425.908836,iOS Bluetooth,209,24,0
1788429425.908836,iOS Bluetooth,209,0,0
1788429425.908836,iOS Bluetooth,226,97,62
1788429425.908836,iOS Bluetooth,210,50,0
1788429425.908836,iOS Bluetooth,210,0,0
1788429425.923953,iOS Bluetooth,227,41,63
1788429425.923953,iOS Bluetooth,211,27,0
1788429425.923953,iOS Bluetooth,211,0,0
1788429425.923953,iOS Bluetooth,228,107,64
1788429425.923953,iOS Bluetooth,212,15,0
1788429425.923953,iOS Bluetooth,212,0,0
1788429425.923953,iOS Bluetooth,230,23,65
1788429425.938984,iOS Bluetooth,214,52,0
1788429425.938984,iOS Bluetooth,214,0,0
1788429425.938984,iOS Bluetooth,231,111,63
1788429425.938984,iOS Bluetooth,215,38,0
1788429425.938984,iOS Bluetooth,215,0,0
1788429425.938984,iOS Bluetooth,232,94,62
1788429425.938984,iOS Bluetooth,216,5,0
1788429425.938984,iOS Bluetooth,216,0,0
1788429425.954607,iOS Bluetooth,233,54,63
1788429425.954607,iOS Bluetooth,217,83,0
1788429425.954607,iOS Bluetooth,217,0,0
1788429425.954607,iOS Bluetooth,234,117,64
1788429425.954607,iOS Bluetooth,218,61,0
1788429425.954607,iOS Bluetooth,218,0,0
1788429425.954607,iOS Bluetooth,239,19,65
1788429425.968921,iOS Bluetooth,223,5,0
1788429425.968921,iOS Bluetooth,223,0,0
1788429425.968921,iOS Bluetooth,225,103,63
1788429425.968921,iOS Bluetooth,209,42,0
1788429425.968921,iOS Bluetooth,209,0,0
1788429425.968921,iOS Bluetooth,226,93,62
1788429425.968921,iOS Bluetooth,210,48,0
1788429425.968921,iOS Bluetooth,210,0,0
1788429425.984081,iOS Bluetooth,227,62,63
1788429425.984081,iOS Bluetooth,211,20,0
1788429425.984081,iOS Bluetooth,211,0,0
1788429425.984081,iOS Bluetooth,228,124,64
1788429425.984081,iOS Bluetooth,212,20,0
1788429425.984081,iOS Bluetooth,212,0,0
1788429425.998842,iOS Bluetooth,214,56,0
1788429425.998842,iOS Bluetooth,214,0,0
1788429425.998842,iOS Bluetooth,231,90,63
1788429426.013897,iOS Bluetooth,215,30,0
1788429426.013897,iOS Bluetooth,215,0,0
1788429426.013897,iOS Bluetooth,232,92,62
1788429426.013897,iOS Bluetooth,232,0,0
1788429426.013897,iOS Bluetooth,232,0,90
1788429426.013897,iOS Bluetooth,232,74,63
1788429426.013897,iOS Bluetooth,217,99,0
1788429426.013897,iOS Bluetooth,217,0,0
1788429426.029788,iOS Bluetooth,234,4,65
1788429426.029788,iOS Bluetooth,218,53,0
1788429426.029788,iOS Bluetooth,218,0,0
1788429426.029788,iOS Bluetooth,218,0,0
1788429426.029788,iOS Bluetooth,218,0,0
1788429426.029788,iOS Bluetooth,218,0,0
1788429426.029788,iOS Bluetooth,223,2,0
1788429426.029788,iOS Bluetooth,223,0,0
1788429426.058895,iOS Bluetooth,225,77,63
1788429426.058895,iOS Bluetooth,209,57,0
1788429426.058895,iOS Bluetooth,209,0,0
1788429426.058895,iOS Bluetooth,226,91,62
1788429426.058895,iOS Bluetooth,226,0,0
1788429426.058895,iOS Bluetooth,226,0,122
1788429426.058895,iOS Bluetooth,226,86,63
1788429426.059009,iOS Bluetooth,211,10,0
1788429426.059009,iOS Bluetooth,211,0,0
1788429426.059009,iOS Bluetooth,228,10,65
1788429426.059009,iOS Bluetooth,212,24,0
1788429426.059009,iOS Bluetooth,212,0,0
1788429426.059009,iOS Bluetooth,212,0,0
1788429426.059009,iOS Bluetooth,212,0,0
1788429426.059009,iOS Bluetooth,212,0,0
1788429426.059009,iOS Bluetooth,214,60,0
1788429426.059009,iOS Bluetooth,214,0,0
1788429426.073919,iOS Bluetooth,231,64,63
1788429426.073919,iOS Bluetooth,215,22,0
1788429426.073919,iOS Bluetooth,215,0,0
1788429426.073919,iOS Bluetooth,215,0,0
1788429426.073919,iOS Bluetooth,215,0,0
1788429426.073919,iOS Bluetooth,215,0,0
1788429426.073919,iOS Bluetooth,215,0,0
1788429426.073919,iOS Bluetooth,215,0,0
1788429426.073919,iOS Bluetooth,215,0,0
1788429426.073919,iOS Bluetooth,217,111,0
1788429426.073919,iOS Bluetooth,217,0,0
1788429426.088434,iOS Bluetooth,234,16,65
1788429426.088434,iOS Bluetooth,218,45,0
1788429426.088434,iOS Bluetooth,218,0,0
1788429426.088434,iOS Bluetooth,218,0,0
1788429426.088434,iOS Bluetooth,218,0,0
1788429426.088434,iOS Bluetooth,218,0,0
1788429426.088434,iOS Bluetooth,218,0,0
1788429426.088434,iOS Bluetooth,218,0,0
1788429426.088434,iOS Bluetooth,218,0,0
1788429426.088434,iOS Bluetooth,225,58,63
1788429426.111172,iOS Bluetooth,209,65,0
1788429426.111172,iOS Bluetooth,209,0,0
1788429426.111172,iOS Bluetooth,226,93,62
1788429426.111172,iOS Bluetooth,210,44,0
1788429426.111172,iOS Bluetooth,210,0,0
1788429426.111172,iOS Bluetooth,227,110,63
1788429426.126080,iOS Bluetooth,211,4,0
1788429426.126080,iOS Bluetooth,211,0,0
1788429426.126080,iOS Bluetooth,228,21,65
1788429426.126080,iOS Bluetooth,212,28,0
1788429426.126080,iOS Bluetooth,212,0,0
1788429426.126080,iOS Bluetooth,230,111,64
1788429426.126080,iOS Bluetooth,214,65,0
1788429426.126080,iOS Bluetooth,214,0,0
1788429426.141058,iOS Bluetooth,231,43,63
1788429426.141058,iOS Bluetooth,215,13,0
1788429426.141058,iOS Bluetooth,215,0,0
1788429426.141058,iOS Bluetooth,232,96,62
1788429426.141058,iOS Bluetooth,216,19,0
1788429426.141058,iOS Bluetooth,216,0,0
1788429426.141058,iOS Bluetooth,233,117,63
1788429426.156105,iOS Bluetooth,217,109,0
1788429426.156105,iOS Bluetooth,217,0,0
1788429426.156105,iOS Bluetooth,234,25,65
1788429426.156105,iOS Bluetooth,218,37,0
1788429426.156105,iOS Bluetooth,218,0,0
1788429426.156105,iOS Bluetooth,239,104,64
1788429426.156105,iOS Bluetooth,223,0,0
1788429426.156105,iOS Bluetooth,223,0,0
1788429426.171431,iOS Bluetooth,225,36,63
1788429426.171431,iOS Bluetooth,209,61,0
1788429426.171431,iOS Bluetooth,209,0,0
1788429426.171431,iOS Bluetooth,226,99,62
1788429426.171431,iOS Bluetooth,210,42,0
1788429426.171431,iOS Bluetooth,210,0,0
1788429426.171431,iOS Bluetooth,227,0,64
1788429426.186156,iOS Bluetooth,211,0,0
1788429426.186156,iOS Bluetooth,211,0,0
1788429426.186156,iOS Bluetooth,228,29,65
1788429426.186156,iOS Bluetooth,212,32,0
1788429426.186156,iOS Bluetooth,212,0,0
1788429426.186156,iOS Bluetooth,230,94,64
1788429426.200914,iOS Bluetooth,231,25,63
1788429426.200914,iOS Bluetooth,215,5,0
1788429426.200914,iOS Bluetooth,215,0,0
1788429426.200914,iOS Bluetooth,223,0,0
1788429426.200914,iOS Bluetooth,223,0,0
1788429426.200914,iOS Bluetooth,143,51,64
1788429426.200914,iOS Bluetooth,235,0,64
1788429426.200914,iOS Bluetooth,155,51,96
1788429426.208760,iOS Bluetooth,232,103,62
1788429426.208760,iOS Bluetooth,216,26,0
1788429426.208760,iOS Bluetooth,216,0,0
1788429426.208760,iOS Bluetooth,216,0,0
1788429426.208760,iOS Bluetooth,216,0,0
1788429426.208760,iOS Bluetooth,216,0,0
1788429426.208760,iOS Bluetooth,217,106,0
1788429426.208760,iOS Bluetooth,217,0,0
1788429426.208760,iOS Bluetooth,234,32,65
1788429426.231248,iOS Bluetooth,218,30,0
1788429426.231248,iOS Bluetooth,218,0,0
1788429426.231248,iOS Bluetooth,235,86,64
1788429426.231248,iOS Bluetooth,235,0,0
1788429426.231248,iOS Bluetooth,235,0,50
1788429426.231248,iOS Bluetooth,235,93,64
1788429426.245985,iOS Bluetooth,225,17,63
1788429426.245985,iOS Bluetooth,209,58,0
1788429426.245985,iOS Bluetooth,209,0,0
1788429426.245985,iOS Bluetooth,226,106,62
1788429426.245985,iOS Bluetooth,226,0,0
1788429426.245985,iOS Bluetooth,226,0,66
1788429426.245985,iOS Bluetooth,226,16,64
1788429426.261120,iOS Bluetooth,228,35,65
1788429426.261120,iOS Bluetooth,212,36,0
1788429426.261120,iOS Bluetooth,212,0,0
1788429426.261120,iOS Bluetooth,230,74,64
1788429426.261120,iOS Bluetooth,230,0,0
1788429426.261120,iOS Bluetooth,230,0,82
1788429426.261120,iOS Bluetooth,230,9,63
1788429426.276049,iOS Bluetooth,215,1,0
1788429426.276049,iOS Bluetooth,215,0,0
1788429426.276049,iOS Bluetooth,232,113,62
1788429426.276049,iOS Bluetooth,232,0,0
1788429426.276049,iOS Bluetooth,232,0,0
1788429426.276049,iOS Bluetooth,232,0,0
1788429426.276049,iOS Bluetooth,217,101,0
1788429426.276049,iOS Bluetooth,217,0,0
1788429426.291061,iOS Bluetooth,234,36,65
1788429426.291061,iOS Bluetooth,218,24,0
1788429426.291061,iOS Bluetooth,218,0,0
1788429426.291061,iOS Bluetooth,218,0,0
1788429426.291061,iOS Bluetooth,218,0,0
1788429426.291061,iOS Bluetooth,218,0,0
1788429426.291061,iOS Bluetooth,218,0,0
1788429426.291061,iOS Bluetooth,218,0,0
1788429426.291061,iOS Bluetooth,218,0,0
1788429426.291061,iOS Bluetooth,225,3,63
1788429426.306069,iOS Bluetooth,209,56,0
1788429426.306069,iOS Bluetooth,209,0,0
1788429426.306069,iOS Bluetooth,226,117,62
1788429426.306069,iOS Bluetooth,210,37,0
1788429426.306069,iOS Bluetooth,210,0,0
1788429426.306069,iOS Bluetooth,227,40,64
1788429426.321079,iOS Bluetooth,211,1,0
1788429426.321079,iOS Bluetooth,211,0,0
1788429426.321079,iOS Bluetooth,228,37,65
1788429426.321079,iOS Bluetooth,212,40,0
1788429426.321079,iOS Bluetooth,212,0,0
1788429426.321079,iOS Bluetooth,230,51,64
1788429426.321079,iOS Bluetooth,214,81,0
1788429426.321079,iOS Bluetooth,214,0,0
1788429426.343935,iOS Bluetooth,231,121,62
1788429426.343935,iOS Bluetooth,215,0,0
1788429426.343935,iOS Bluetooth,215,0,0
1788429426.343935,iOS Bluetooth,232,125,62
1788429426.343935,iOS Bluetooth,216,43,0
1788429426.343935,iOS Bluetooth,216,0,0
1788429426.343935,iOS Bluetooth,233,57,64
1788429426.358833,iOS Bluetooth,217,88,0
1788429426.358833,iOS Bluetooth,217,0,0
1788429426.358833,iOS Bluetooth,218,19,0
1788429426.358833,iOS Bluetooth,218,0,0
1788429426.358833,iOS Bluetooth,235,39,64
1788429426.358833,iOS Bluetooth,219,12,0
1788429426.358833,iOS Bluetooth,219,0,0
1788429426.358833,iOS Bluetooth,225,118,62
1788429426.373792,iOS Bluetooth,209,54,0
1788429426.373792,iOS Bluetooth,209,0,0
1788429426.373792,iOS Bluetooth,226,2,63
1788429426.373792,iOS Bluetooth,210,34,0
1788429426.373792,iOS Bluetooth,210,0,0
1788429426.373792,iOS Bluetooth,227,63,64
1788429426.373792,iOS Bluetooth,211,5,0
1788429426.373792,iOS Bluetooth,211,0,0
1788429426.387913,iOS Bluetooth,228,36,65
1788429426.387913,iOS Bluetooth,212,44,0
1788429426.387913,iOS Bluetooth,212,0,0
1788429426.387913,iOS Bluetooth,230,28,64
1788429426.387913,iOS Bluetooth,214,68,0
1788429426.387913,iOS Bluetooth,214,0,0
1788429426.395888,iOS Bluetooth,232,11,63
1788429426.395888,iOS Bluetooth,216,52,0
1788429426.395888,iOS Bluetooth,216,0,0
1788429426.410916,iOS Bluetooth,233,77,64
1788429426.410916,iOS Bluetooth,217,72,0
1788429426.410916,iOS Bluetooth,217,0,0
1788429426.410916,iOS Bluetooth,217,0,0
1788429426.410916,iOS Bluetooth,217,0,0
1788429426.410916,iOS Bluetooth,217,0,0
1788429426.410916,iOS Bluetooth,218,14,0
1788429426.410916,iOS Bluetooth,218,0,0
1788429426.410916,iOS Bluetooth,235,16,64
1788429426.425911,iOS Bluetooth,219,16,0
1788429426.425911,iOS Bluetooth,219,0,0
1788429426.425911,iOS Bluetooth,225,107,62
1788429426.425911,iOS Bluetooth,225,0,0
1788429426.425911,iOS Bluetooth,225,0,122
1788429426.425911,iOS Bluetooth,225,17,63
1788429426.440975,iOS Bluetooth,210,31,0
1788429426.440975,iOS Bluetooth,210,0,0
1788429426.440975,iOS Bluetooth,227,85,64
1788429426.440975,iOS Bluetooth,211,10,0
1788429426.440975,iOS Bluetooth,211,0,0
1788429426.440975,iOS Bluetooth,211,0,0
1788429426.440975,iOS Bluetooth,211,0,0
1788429426.440975,iOS Bluetooth,211,0,0
1788429426.440975,iOS Bluetooth,212,47,0
1788429426.440975,iOS Bluetooth,212,0,0
1788429426.455943,iOS Bluetooth,230,7,64
1788429426.455943,iOS Bluetooth,214,52,0
1788429426.455943,iOS Bluetooth,214,0,0
1788429426.455943,iOS Bluetooth,214,0,0
1788429426.455943,iOS Bluetooth,214,0,0
1788429426.455943,iOS Bluetooth,214,0,0
1788429426.455943,iOS Bluetooth,214,0,0
1788429426.455943,iOS Bluetooth,214,0,0
1788429426.455943,iOS Bluetooth,214,0,0
1788429426.455943,iOS Bluetooth,232,28,63
1788429426.478965,iOS Bluetooth,216,65,0
1788429426.478965,iOS Bluetooth,216,0,0
1788429426.478965,iOS Bluetooth,233,96,64
1788429426.478965,iOS Bluetooth,233,0,0
1788429426.478965,iOS Bluetooth,233,0,0
1788429426.478965,iOS Bluetooth,233,0,0
1788429426.478965,iOS Bluetooth,218,10,0
1788429426.478965,iOS Bluetooth,218,0,0
1788429426.493995,iOS Bluetooth,235,0,64
1788429426.493995,iOS Bluetooth,219,20,0
1788429426.493995,iOS Bluetooth,219,0,0
1788429426.493995,iOS Bluetooth,219,0,0
1788429426.493995,iOS Bluetooth,219,0,0
1788429426.493995,iOS Bluetooth,219,0,0
1788429426.493995,iOS Bluetooth,219,0,0
1788429426.493995,iOS Bluetooth,219,0,0
1788429426.493995,iOS Bluetooth,219,0,0
1788429426.493995,iOS Bluetooth,226,35,63
1788429426.509034,iOS Bluetooth,210,27,0
1788429426.509034,iOS Bluetooth,210,0,0
1788429426.509034,iOS Bluetooth,227,103,64
1788429426.509034,iOS Bluetooth,211,14,0
1788429426.509034,iOS Bluetooth,211,0,0
1788429426.509034,iOS Bluetooth,228,25,65
1788429426.525080,iOS Bluetooth,212,51,0
1788429426.525080,iOS Bluetooth,212,0,0
1788429426.525080,iOS Bluetooth,230,116,63
1788429426.525080,iOS Bluetooth,214,40,0
1788429426.525080,iOS Bluetooth,214,0,0
1788429426.525080,iOS Bluetooth,231,95,62
1788429426.525080,iOS Bluetooth,215,4,0
1788429426.525080,iOS Bluetooth,215,0,0
1788429426.539795,iOS Bluetooth,232,49,63
1788429426.539795,iOS Bluetooth,216,79,0
1788429426.539795,iOS Bluetooth,216,0,0
1788429426.539795,iOS Bluetooth,233,113,64
1788429426.539795,iOS Bluetooth,217,40,0
1788429426.539795,iOS Bluetooth,217,0,0
1788429426.539795,iOS Bluetooth,234,20,65
1788429426.554832,iOS Bluetooth,218,6,0
1788429426.554832,iOS Bluetooth,218,0,0
1788429426.554832,iOS Bluetooth,235,109,63
1788429426.554832,iOS Bluetooth,219,38,0
1788429426.554832,iOS Bluetooth,219,0,0
1788429426.554832,iOS Bluetooth,225,93,62
1788429426.554832,iOS Bluetooth,209,49,0
1788429426.554832,iOS Bluetooth,209,0,0
1788429426.568927,iOS Bluetooth,226,57,63
1788429426.568927,iOS Bluetooth,210,22,0
1788429426.568927,iOS Bluetooth,210,0,0
1788429426.568927,iOS Bluetooth,227,121,64
1788429426.568927,iOS Bluetooth,211,19,0
1788429426.568927,iOS Bluetooth,211,0,0
1788429426.568927,iOS Bluetooth,211,0,0
1788429426.568927,iOS Bluetooth,211,0,0
1788429426.568927,iOS Bluetooth,211,0,0
1788429426.591074,iOS Bluetooth,212,55,0
1788429426.591074,iOS Bluetooth,212,0,0
1788429426.591074,iOS Bluetooth,230,96,63
1788429426.591074,iOS Bluetooth,214,32,0
1788429426.591074,iOS Bluetooth,214,0,0
1788429426.591074,iOS Bluetooth,231,92,62
1788429426.591074,iOS Bluetooth,231,0,0
1788429426.605945,iOS Bluetooth,232,69,63
1788429426.605945,iOS Bluetooth,216,95,0
1788429426.605945,iOS Bluetooth,216,0,0
1788429426.605945,iOS Bluetooth,176,118,7
1788429426.605945,iOS Bluetooth,233,2,65
1788429426.605945,iOS Bluetooth,217,30,0
1788429426.605945,iOS Bluetooth,217,0,0
1788429426.613941,iOS Bluetooth,218,3,0
1788429426.613941,iOS Bluetooth,218,0,0
1788429426.613941,iOS Bluetooth,235,86,63
1788429426.628886,iOS Bluetooth,219,53,0
1788429426.628886,iOS Bluetooth,219,0,0
1788429426.628886,iOS Bluetooth,225,91,62
1788429426.628886,iOS Bluetooth,225,0,0
1788429426.628886,iOS Bluetooth,225,0,66
1788429426.628886,iOS Bluetooth,225,80,63
1788429426.644765,iOS Bluetooth,210,12,0
1788429426.644765,iOS Bluetooth,210,0,0
1788429426.644765,iOS Bluetooth,227,7,65
1788429426.644765,iOS Bluetooth,211,23,0
1788429426.644765,iOS Bluetooth,211,0,0
1788429426.644765,iOS Bluetooth,211,0,0
1788429426.644765,iOS Bluetooth,211,0,0
1788429426.644765,iOS Bluetooth,211,0,0
1788429426.644765,iOS Bluetooth,212,59,0
1788429426.644765,iOS Bluetooth,212,0,0
1788429426.659710,iOS Bluetooth,230,70,63
1788429426.659710,iOS Bluetooth,214,24,0
1788429426.659710,iOS Bluetooth,214,0,0
1788429426.659710,iOS Bluetooth,215,12,0
1788429426.659710,iOS Bluetooth,215,0,0
1788429426.659710,iOS Bluetooth,215,0,0
1788429426.659710,iOS Bluetooth,215,0,0
1788429426.659710,iOS Bluetooth,215,0,0
1788429426.659710,iOS Bluetooth,216,111,0
1788429426.659710,iOS Bluetooth,216,0,0
1788429426.674626,iOS Bluetooth,233,14,65
1788429426.674626,iOS Bluetooth,217,21,0
1788429426.674626,iOS Bluetooth,217,0,0
1788429426.674626,iOS Bluetooth,217,0,0
1788429426.674626,iOS Bluetooth,217,0,0
1788429426.674626,iOS Bluetooth,217,0,0
1788429426.674626,iOS Bluetooth,217,0,0
1788429426.674626,iOS Bluetooth,217,0,0
1788429426.674626,iOS Bluetooth,217,0,0
1788429426.674626,iOS Bluetooth,235,63,63
1788429426.687975,iOS Bluetooth,219,67,0
1788429426.687975,iOS Bluetooth,219,0,0
1788429426.687975,iOS Bluetooth,225,92,62
1788429426.687975,iOS Bluetooth,225,0,0
1788429426.687975,iOS Bluetooth,225,0,0
1788429426.687975,iOS Bluetooth,225,0,0
1788429426.687975,iOS Bluetooth,210,6,0
1788429426.687975,iOS Bluetooth,210,0,0
1788429426.711476,iOS Bluetooth,227,18,65
1788429426.711476,iOS Bluetooth,211,27,0
1788429426.711476,iOS Bluetooth,211,0,0
1788429426.711476,iOS Bluetooth,228,115,64
1788429426.711476,iOS Bluetooth,212,64,0
1788429426.711476,iOS Bluetooth,212,0,0
1788429426.726099,iOS Bluetooth,230,48,63
1788429426.726099,iOS Bluetooth,214,16,0
1788429426.726099,iOS Bluetooth,214,0,0
1788429426.726099,iOS Bluetooth,231,94,62
1788429426.726099,iOS Bluetooth,215,18,0
1788429426.726099,iOS Bluetooth,215,0,0
1788429426.726099,iOS Bluetooth,232,112,63
1788429426.741181,iOS Bluetooth,216,109,0
1788429426.741181,iOS Bluetooth,216,0,0
1788429426.741181,iOS Bluetooth,233,24,65
1788429426.741181,iOS Bluetooth,217,15,0
1788429426.741181,iOS Bluetooth,217,0,0
1788429426.741181,iOS Bluetooth,234,107,64
1788429426.741181,iOS Bluetooth,218,0,0
1788429426.741181,iOS Bluetooth,218,0,0
1788429426.756190,iOS Bluetooth,235,41,63
1788429426.756190,iOS Bluetooth,219,62,0
1788429426.756190,iOS Bluetooth,219,0,0
1788429426.756190,iOS Bluetooth,225,97,62
1788429426.756190,iOS Bluetooth,209,43,0
1788429426.756190,iOS Bluetooth,209,0,0
1788429426.756190,iOS Bluetooth,226,0,64
1788429426.772863,iOS Bluetooth,210,0,0
1788429426.772863,iOS Bluetooth,210,0,0
1788429426.772863,iOS Bluetooth,227,27,65
1788429426.772863,iOS Bluetooth,211,31,0
1788429426.772863,iOS Bluetooth,211,0,0
1788429426.772863,iOS Bluetooth,228,98,64
1788429426.772863,iOS Bluetooth,212,69,0
1788429426.772863,iOS Bluetooth,212,0,0
1788429426.787814,iOS Bluetooth,231,101,62
1788429426.787814,iOS Bluetooth,215,24,0
1788429426.787814,iOS Bluetooth,215,0,0
1788429426.801034,iOS Bluetooth,216,107,0
1788429426.801034,iOS Bluetooth,216,0,0
1788429426.801034,iOS Bluetooth,233,31,65
1788429426.801034,iOS Bluetooth,209,0,0
1788429426.801034,iOS Bluetooth,209,0,0
1788429426.801034,iOS Bluetooth,129,54,64
1788429426.801034,iOS Bluetooth,236,0,64
1788429426.801034,iOS Bluetooth,156,54,96
1788429426.810130,iOS Bluetooth,217,9,0
1788429426.810130,iOS Bluetooth,217,0,0
1788429426.810130,iOS Bluetooth,234,89,64
1788429426.810130,iOS Bluetooth,234,0,0
1788429426.810130,iOS Bluetooth,234,0,122
1788429426.810130,iOS Bluetooth,234,23,63
1788429426.810130,iOS Bluetooth,219,59,0
1788429426.810130,iOS Bluetooth,219,0,0
1788429426.832993,iOS Bluetooth,236,104,62
1788429426.832993,iOS Bluetooth,220,40,0
1788429426.832993,iOS Bluetooth,220,0,0
1788429426.832993,iOS Bluetooth,220,0,0
1788429426.832993,iOS Bluetooth,220,0,0
1788429426.832993,iOS Bluetooth,220,0,0
1788429426.832993,iOS Bluetooth,226,10,64
1788429426.847517,iOS Bluetooth,227,34,65
1788429426.847517,iOS Bluetooth,211,35,0
1788429426.847517,iOS Bluetooth,211,0,0
1788429426.847517,iOS Bluetooth,228,79,64
1788429426.847517,iOS Bluetooth,228,0,0
1788429426.847517,iOS Bluetooth,228,0,26
1788429426.847517,iOS Bluetooth,228,13,63
1788429426.861685,iOS Bluetooth,214,2,0
1788429426.861685,iOS Bluetooth,214,0,0
1788429426.861685,iOS Bluetooth,231,110,62
1788429426.861685,iOS Bluetooth,215,31,0
1788429426.861685,iOS Bluetooth,215,0,0
1788429426.861685,iOS Bluetooth,215,0,0
1788429426.861685,iOS Bluetooth,215,0,0
1788429426.861685,iOS Bluetooth,215,0,0
1788429426.861685,iOS Bluetooth,216,103,0
1788429426.861685,iOS Bluetooth,216,0,0
1788429426.878000,iOS Bluetooth,233,36,65
1788429426.878000,iOS Bluetooth,217,5,0
1788429426.878000,iOS Bluetooth,217,0,0
1788429426.878000,iOS Bluetooth,217,0,0
1788429426.878000,iOS Bluetooth,217,0,0
1788429426.878000,iOS Bluetooth,217,0,0
1788429426.878000,iOS Bluetooth,217,0,0
1788429426.878000,iOS Bluetooth,217,0,0
1788429426.878000,iOS Bluetooth,217,0,0
1788429426.878000,iOS Bluetooth,235,7,63
1788429426.892928,iOS Bluetooth,219,56,0
1788429426.892928,iOS Bluetooth,219,0,0
1788429426.892928,iOS Bluetooth,236,114,62
1788429426.892928,iOS Bluetooth,236,0,0
1788429426.892928,iOS Bluetooth,236,0,0
1788429426.892928,iOS Bluetooth,236,0,0
1788429426.892928,iOS Bluetooth,210,1,0
1788429426.892928,iOS Bluetooth,210,0,0
1788429426.907755,iOS Bluetooth,227,36,65
1788429426.907755,iOS Bluetooth,211,39,0
1788429426.907755,iOS Bluetooth,211,0,0
1788429426.907755,iOS Bluetooth,228,56,64
1788429426.907755,iOS Bluetooth,212,85,0
1788429426.907755,iOS Bluetooth,212,0,0
1788429426.922623,iOS Bluetooth,230,125,62
1788429426.922623,iOS Bluetooth,214,0,0
1788429426.922623,iOS Bluetooth,214,0,0
1788429426.922623,iOS Bluetooth,231,121,62
1788429426.922623,iOS Bluetooth,215,41,0
1788429426.922623,iOS Bluetooth,215,0,0
1788429426.922623,iOS Bluetooth,232,52,64
1788429426.945131,iOS Bluetooth,216,93,0
1788429426.945131,iOS Bluetooth,216,0,0
1788429426.945131,iOS Bluetooth,233,37,65
1788429426.945131,iOS Bluetooth,217,2,0
1788429426.945131,iOS Bluetooth,217,0,0
1788429426.945131,iOS Bluetooth,234,42,64
1788429426.945131,iOS Bluetooth,218,11,0
1788429426.945131,iOS Bluetooth,218,0,0
1788429426.959868,iOS Bluetooth,235,120,62
1788429426.959868,iOS Bluetooth,219,54,0
1788429426.959868,iOS Bluetooth,219,0,0
1788429426.959868,iOS Bluetooth,236,0,63
1788429426.959868,iOS Bluetooth,220,34,0
1788429426.959868,iOS Bluetooth,220,0,0
1788429426.959868,iOS Bluetooth,226,58,64
1788429426.974877,iOS Bluetooth,210,4,0
1788429426.974877,iOS Bluetooth,210,0,0
1788429426.974877,iOS Bluetooth,211,43,0
1788429426.974877,iOS Bluetooth,211,0,0
1788429426.974877,iOS Bluetooth,228,34,64
1788429426.974877,iOS Bluetooth,212,71,0
1788429426.974877,iOS Bluetooth,212,0,0
1788429426.974877,iOS Bluetooth,230,114,62
1788429426.988031,iOS Bluetooth,231,7,63
1788429426.988031,iOS Bluetooth,215,49,0
1788429426.988031,iOS Bluetooth,215,0,0
1788429426.988031,iOS Bluetooth,232,72,64
1788429426.988031,iOS Bluetooth,216,76,0
1788429426.988031,iOS Bluetooth,216,0,0
1788429426.988031,iOS Bluetooth,216,0,0
1788429426.988031,iOS Bluetooth,216,0,0
1788429426.988031,iOS Bluetooth,216,0,0
1788429427.004728,iOS Bluetooth,217,1,0
1788429427.004728,iOS Bluetooth,217,0,0
1788429427.004728,iOS Bluetooth,234,22,64
1788429427.004728,iOS Bluetooth,218,16,0
1788429427.004728,iOS Bluetooth,218,0,0
1788429427.004728,iOS Bluetooth,235,110,62
1788429427.018926,iOS Bluetooth,236,13,63
1788429427.018926,iOS Bluetooth,220,32,0
1788429427.018926,iOS Bluetooth,220,0,0
1788429427.025870,iOS Bluetooth,226,80,64
1788429427.025870,iOS Bluetooth,210,9,0
1788429427.025870,iOS Bluetooth,210,0,0
1788429427.025870,iOS Bluetooth,210,0,0
1788429427.025870,iOS Bluetooth,210,0,0
1788429427.025870,iOS Bluetooth,210,0,0
1788429427.025870,iOS Bluetooth,211,46,0
1788429427.025870,iOS Bluetooth,211,0,0
1788429427.043662,iOS Bluetooth,228,12,64
1788429427.043662,iOS Bluetooth,212,56,0
1788429427.043662,iOS Bluetooth,212,0,0
1788429427.043662,iOS Bluetooth,230,104,62
1788429427.043662,iOS Bluetooth,230,0,0
1788429427.043662,iOS Bluetooth,230,0,98
1788429427.043662,iOS Bluetooth,230,24,63
1788429427.066030,iOS Bluetooth,215,62,0
1788429427.066030,iOS Bluetooth,215,0,0
1788429427.066030,iOS Bluetooth,232,92,64
1788429427.066030,iOS Bluetooth,216,59,0
1788429427.066030,iOS Bluetooth,216,0,0
1788429427.066030,iOS Bluetooth,216,0,0
1788429427.066030,iOS Bluetooth,216,0,0
1788429427.066030,iOS Bluetooth,216,0,0
1788429427.066030,iOS Bluetooth,217,0,0
1788429427.066030,iOS Bluetooth,217,0,0
1788429427.080784,iOS Bluetooth,234,2,64
1788429427.080784,iOS Bluetooth,218,18,0
1788429427.080784,iOS Bluetooth,218,0,0
1788429427.080784,iOS Bluetooth,218,0,0
1788429427.080784,iOS Bluetooth,218,0,0
1788429427.080784,iOS Bluetooth,218,0,0
1788429427.080784,iOS Bluetooth,218,0,0
1788429427.080784,iOS Bluetooth,218,0,0
1788429427.080784,iOS Bluetooth,218,0,0
1788429427.080784,iOS Bluetooth,236,30,63
1788429427.109055,iOS Bluetooth,220,28,0
1788429427.109055,iOS Bluetooth,220,0,0
1788429427.109055,iOS Bluetooth,226,98,64
1788429427.109055,iOS Bluetooth,226,0,0
1788429427.109055,iOS Bluetooth,226,0,0
1788429427.109055,iOS Bluetooth,226,0,0
1788429427.109055,iOS Bluetooth,211,50,0
1788429427.109055,iOS Bluetooth,211,0,0
1788429427.109218,iOS Bluetooth,228,121,63
1788429427.109218,iOS Bluetooth,212,43,0
1788429427.109218,iOS Bluetooth,212,0,0
1788429427.109218,iOS Bluetooth,212,0,0
1788429427.109218,iOS Bluetooth,212,0,0
1788429427.109218,iOS Bluetooth,212,0,0
1788429427.109218,iOS Bluetooth,212,0,0
1788429427.109218,iOS Bluetooth,212,0,0
1788429427.109218,iOS Bluetooth,212,0,0
1788429427.124291,iOS Bluetooth,231,44,63
1788429427.124291,iOS Bluetooth,215,76,0
1788429427.124291,iOS Bluetooth,215,0,0
1788429427.124291,iOS Bluetooth,232,109,64
1788429427.124291,iOS Bluetooth,216,43,0
1788429427.124291,iOS Bluetooth,216,0,0
1788429427.124291,iOS Bluetooth,233,22,65
1788429427.139046,iOS Bluetooth,217,1,0
1788429427.139046,iOS Bluetooth,217,0,0
1788429427.139046,iOS Bluetooth,234,112,63
1788429427.139046,iOS Bluetooth,218,34,0
1788429427.139046,iOS Bluetooth,218,0,0
1788429427.139046,iOS Bluetooth,235,94,62
1788429427.139046,iOS Bluetooth,219,49,0
1788429427.139046,iOS Bluetooth,219,0,0
1788429427.153852,iOS Bluetooth,236,51,63
1788429427.153852,iOS Bluetooth,220,25,0
1788429427.153852,iOS Bluetooth,220,0,0
1788429427.153852,iOS Bluetooth,226,117,64
1788429427.153852,iOS Bluetooth,210,18,0
1788429427.153852,iOS Bluetooth,210,0,0
1788429427.153852,iOS Bluetooth,227,18,65
1788429427.169104,iOS Bluetooth,211,54,0
1788429427.169104,iOS Bluetooth,211,0,0
1788429427.169104,iOS Bluetooth,228,101,63
1788429427.169104,iOS Bluetooth,212,34,0
1788429427.169104,iOS Bluetooth,212,0,0
1788429427.169104,iOS Bluetooth,230,92,62
1788429427.169104,iOS Bluetooth,214,7,0
1788429427.169104,iOS Bluetooth,214,0,0
1788429427.191111,iOS Bluetooth,231,64,63
1788429427.191111,iOS Bluetooth,215,91,0
1788429427.191111,iOS Bluetooth,215,0,0
1788429427.191111,iOS Bluetooth,232,126,64
1788429427.191111,iOS Bluetooth,216,32,0
1788429427.191111,iOS Bluetooth,216,0,0
1788429427.191111,iOS Bluetooth,216,0,0
1788429427.191111,iOS Bluetooth,216,0,0
1788429427.191111,iOS Bluetooth,216,0,0
1788429427.206017,iOS Bluetooth,217,3,0
1788429427.206017,iOS Bluetooth,217,0,0
1788429427.206017,iOS Bluetooth,234,89,63
1788429427.206017,iOS Bluetooth,218,50,0
1788429427.206017,iOS Bluetooth,218,0,0
1788429427.206017,iOS Bluetooth,235,92,62
1788429427.213807,iOS Bluetooth,236,74,63
1788429427.227993,iOS Bluetooth,220,14,0
1788429427.227993,iOS Bluetooth,220,0,0
1788429427.227993,iOS Bluetooth,226,3,65
1788429427.227993,iOS Bluetooth,210,22,0
1788429427.227993,iOS Bluetooth,210,0,0
1788429427.227993,iOS Bluetooth,210,0,0
1788429427.227993,iOS Bluetooth,210,0,0
1788429427.227993,iOS Bluetooth,210,0,0
1788429427.227993,iOS Bluetooth,211,58,0
1788429427.227993,iOS Bluetooth,211,0,0
1788429427.244109,iOS Bluetooth,228,76,63
1788429427.244109,iOS Bluetooth,212,26,0
1788429427.244109,iOS Bluetooth,212,0,0
1788429427.244109,iOS Bluetooth,230,91,62
1788429427.244109,iOS Bluetooth,230,0,0
1788429427.244109,iOS Bluetooth,230,0,42
1788429427.244109,iOS Bluetooth,230,85,63
1788429427.258948,iOS Bluetooth,215,109,0
1788429427.258948,iOS Bluetooth,215,0,0
1788429427.258948,iOS Bluetooth,232,11,65
1788429427.258948,iOS Bluetooth,216,23,0
1788429427.258948,iOS Bluetooth,216,0,0
1788429427.258948,iOS Bluetooth,216,0,0
1788429427.258948,iOS Bluetooth,216,0,0
1788429427.258948,iOS Bluetooth,216,0,0
1788429427.258948,iOS Bluetooth,217,8,0
1788429427.258948,iOS Bluetooth,217,0,0
1788429427.273754,iOS Bluetooth,234,63,63
1788429427.273754,iOS Bluetooth,218,64,0
1788429427.273754,iOS Bluetooth,218,0,0
1788429427.273754,iOS Bluetooth,218,0,0
1788429427.273754,iOS Bluetooth,218,0,0
1788429427.273754,iOS Bluetooth,218,0,0
1788429427.273754,iOS Bluetooth,218,0,0
1788429427.273754,iOS Bluetooth,218,0,0
1788429427.273754,iOS Bluetooth,218,0,0
1788429427.273754,iOS Bluetooth,220,7,0
1788429427.273754,iOS Bluetooth,220,0,0
1788429427.288087,iOS Bluetooth,226,16,65
1788429427.288087,iOS Bluetooth,210,26,0
1788429427.288087,iOS Bluetooth,210,0,0
1788429427.288087,iOS Bluetooth,210,0,0
1788429427.288087,iOS Bluetooth,210,0,0
1788429427.288087,iOS Bluetooth,210,0,0
1788429427.288087,iOS Bluetooth,210,0,0
1788429427.288087,iOS Bluetooth,210,0,0
1788429427.288087,iOS Bluetooth,210,0,0
1788429427.288087,iOS Bluetooth,228,56,63
1788429427.311020,iOS Bluetooth,212,18,0
1788429427.311020,iOS Bluetooth,212,0,0
1788429427.311020,iOS Bluetooth,230,94,62
1788429427.311020,iOS Bluetooth,230,0,0
1788429427.311020,iOS Bluetooth,230,0,0
1788429427.311020,iOS Bluetooth,230,0,0
1788429427.325798,iOS Bluetooth,215,110,0
1788429427.325798,iOS Bluetooth,215,0,0
1788429427.325798,iOS Bluetooth,232,22,65
1788429427.325798,iOS Bluetooth,216,16,0
1788429427.325798,iOS Bluetooth,216,0,0
1788429427.325798,iOS Bluetooth,233,109,64
1788429427.325798,iOS Bluetooth,217,15,0
1788429427.325798,iOS Bluetooth,217,0,0
1788429427.340925,iOS Bluetooth,234,44,63
1788429427.340925,iOS Bluetooth,218,63,0
1788429427.340925,iOS Bluetooth,218,0,0
1788429427.340925,iOS Bluetooth,235,96,62
1788429427.340925,iOS Bluetooth,219,43,0
1788429427.340925,iOS Bluetooth,219,0,0
1788429427.340925,iOS Bluetooth,236,122,63
1788429427.355931,iOS Bluetooth,220,1,0
1788429427.355931,iOS Bluetooth,220,0,0
1788429427.355931,iOS Bluetooth,226,25,65
1788429427.355931,iOS Bluetooth,210,30,0
1788429427.355931,iOS Bluetooth,210,0,0
1788429427.355931,iOS Bluetooth,227,102,64
1788429427.355931,iOS Bluetooth,211,67,0
1788429427.355931,iOS Bluetooth,211,0,0
1788429427.373010,iOS Bluetooth,228,34,63
1788429427.373010,iOS Bluetooth,212,9,0
1788429427.373010,iOS Bluetooth,212,0,0
1788429427.373010,iOS Bluetooth,230,99,62
1788429427.373010,iOS Bluetooth,214,22,0
1788429427.373010,iOS Bluetooth,214,0,0
1788429427.373010,iOS Bluetooth,231,0,64
1788429427.385942,iOS Bluetooth,215,107,0
1788429427.385942,iOS Bluetooth,215,0,0
1788429427.385942,iOS Bluetooth,232,30,65
1788429427.385942,iOS Bluetooth,216,10,0
1788429427.385942,iOS Bluetooth,216,0,0
1788429427.385942,iOS Bluetooth,233,91,64
1788429427.400949,iOS Bluetooth,234,25,63
1788429427.400949,iOS Bluetooth,218,59,0
1788429427.400949,iOS Bluetooth,218,0,0
1788429427.400949,iOS Bluetooth,210,0,0
1788429427.400949,iOS Bluetooth,210,0,0
1788429427.400949,iOS Bluetooth,130,57,64
1788429427.400949,iOS Bluetooth,237,0,64
1788429427.400949,iOS Bluetooth,157,57,96
1788429427.409169,iOS Bluetooth,235,102,62
1788429427.409169,iOS Bluetooth,219,41,0
1788429427.409169,iOS Bluetooth,219,0,0
1788429427.409169,iOS Bluetooth,219,0,0
1788429427.409169,iOS Bluetooth,219,0,0
1788429427.409169,iOS Bluetooth,219,0,0
1788429427.409169,iOS Bluetooth,220,0,0
1788429427.409169,iOS Bluetooth,220,0,0
1788429427.409169,iOS Bluetooth,237,32,65
1788429427.430392,iOS Bluetooth,221,34,0
1788429427.430392,iOS Bluetooth,221,0,0
1788429427.430392,iOS Bluetooth,226,30,65
1788429427.430392,iOS Bluetooth,226,0,0
1788429427.430392,iOS Bluetooth,226,0,98
1788429427.430392,iOS Bluetooth,226,75,0
1788429427.448682,iOS Bluetooth,228,15,63
1788429427.448682,iOS Bluetooth,212,3,0
1788429427.448682,iOS Bluetooth,212,0,0
1788429427.448682,iOS Bluetooth,230,108,62
1788429427.448682,iOS Bluetooth,230,0,0
1788429427.448682,iOS Bluetooth,230,0,114
1788429427.448682,iOS Bluetooth,230,25,64
1788429427.462914,iOS Bluetooth,215,103,0
1788429427.462914,iOS Bluetooth,215,0,0
1788429427.462914,iOS Bluetooth,232,35,65
1788429427.462914,iOS Bluetooth,216,6,0
1788429427.462914,iOS Bluetooth,216,0,0
1788429427.462914,iOS Bluetooth,216,0,0
1788429427.462914,iOS Bluetooth,216,0,0
1788429427.462914,iOS Bluetooth,216,0,0
1788429427.462914,iOS Bluetooth,217,42,0
1788429427.462914,iOS Bluetooth,217,0,0
1788429427.475945,iOS Bluetooth,234,7,63
1788429427.475945,iOS Bluetooth,218,57,0
1788429427.475945,iOS Bluetooth,218,0,0
1788429427.475945,iOS Bluetooth,218,0,0
1788429427.475945,iOS Bluetooth,218,0,0
1788429427.475945,iOS Bluetooth,218,0,0
1788429427.475945,iOS Bluetooth,218,0,0
1788429427.475945,iOS Bluetooth,218,0,0
1788429427.475945,iOS Bluetooth,218,0,0
1788429427.475945,iOS Bluetooth,236,28,64
1788429427.493041,iOS Bluetooth,237,36,65
1788429427.493041,iOS Bluetooth,221,38,0
1788429427.493041,iOS Bluetooth,221,0,0
1788429427.493041,iOS Bluetooth,221,0,0
1788429427.493041,iOS Bluetooth,221,0,0
1788429427.493041,iOS Bluetooth,221,0,0
1788429427.493041,iOS Bluetooth,221,0,0
1788429427.493041,iOS Bluetooth,221,0,0
1788429427.493041,iOS Bluetooth,221,0,0
1788429427.493041,iOS Bluetooth,228,2,63
1788429427.508044,iOS Bluetooth,212,0,0
1788429427.508044,iOS Bluetooth,212,0,0
1788429427.508044,iOS Bluetooth,230,118,62
1788429427.508044,iOS Bluetooth,230,0,0
1788429427.508044,iOS Bluetooth,230,0,0
1788429427.508044,iOS Bluetooth,230,0,0
1788429427.522965,iOS Bluetooth,215,98,0
1788429427.522965,iOS Bluetooth,215,0,0
1788429427.522965,iOS Bluetooth,232,37,65
1788429427.522965,iOS Bluetooth,216,3,0
1788429427.522965,iOS Bluetooth,216,0,0
1788429427.522965,iOS Bluetooth,233,47,64
1788429427.522965,iOS Bluetooth,217,52,0
1788429427.522965,iOS Bluetooth,217,0,0
1788429427.544786,iOS Bluetooth,234,121,62
1788429427.544786,iOS Bluetooth,218,55,0
1788429427.544786,iOS Bluetooth,218,0,0
1788429427.544786,iOS Bluetooth,235,123,62
1788429427.544786,iOS Bluetooth,219,35,0
1788429427.544786,iOS Bluetooth,219,0,0
1788429427.544786,iOS Bluetooth,236,52,64
1788429427.559197,iOS Bluetooth,220,3,0
1788429427.559197,iOS Bluetooth,220,0,0
1788429427.559197,iOS Bluetooth,221,42,0
1788429427.559197,iOS Bluetooth,221,0,0
1788429427.559197,iOS Bluetooth,227,39,64
1788429427.559197,iOS Bluetooth,211,75,0
1788429427.559197,iOS Bluetooth,211,0,0
1788429427.559197,iOS Bluetooth,228,117,62
1788429427.574959,iOS Bluetooth,230,4,63
1788429427.574959,iOS Bluetooth,214,47,0
1788429427.574959,iOS Bluetooth,214,0,0
1788429427.574959,iOS Bluetooth,231,67,64
1788429427.574959,iOS Bluetooth,215,81,0
1788429427.574959,iOS Bluetooth,215,0,0
1788429427.574959,iOS Bluetooth,232,36,65
1788429427.587996,iOS Bluetooth,216,1,0
1788429427.587996,iOS Bluetooth,216,0,0
1788429427.587996,iOS Bluetooth,233,28,64
1788429427.587996,iOS Bluetooth,217,61,0
1788429427.587996,iOS Bluetooth,217,0,0
1788429427.587996,iOS Bluetooth,234,111,62
1788429427.587996,iOS Bluetooth,234,0,0
1788429427.604689,iOS Bluetooth,235,9,63
1788429427.604689,iOS Bluetooth,219,33,0
1788429427.604689,iOS Bluetooth,219,0,0
1788429427.604689,iOS Bluetooth,176,118,8
1788429427.604689,iOS Bluetooth,236,74,64
1788429427.604689,iOS Bluetooth,220,7,0
1788429427.604689,iOS Bluetooth,220,0,0
1788429427.618792,iOS Bluetooth,221,46,0
1788429427.618792,iOS Bluetooth,221,0,0
1788429427.618792,iOS Bluetooth,227,20,64
1788429427.625899,iOS Bluetooth,211,60,0
1788429427.625899,iOS Bluetooth,211,0,0
1788429427.625899,iOS Bluetooth,228,106,62
1788429427.625899,iOS Bluetooth,228,0,0
1788429427.625899,iOS Bluetooth,228,0,42
1788429427.625899,iOS Bluetooth,228,19,63
1788429427.641000,iOS Bluetooth,214,59,0
1788429427.641000,iOS Bluetooth,214,0,0
1788429427.641000,iOS Bluetooth,231,87,64
1788429427.641000,iOS Bluetooth,215,63,0
1788429427.641000,iOS Bluetooth,215,0,0
1788429427.641000,iOS Bluetooth,215,0,0
1788429427.641000,iOS Bluetooth,215,0,0
1788429427.641000,iOS Bluetooth,215,0,0
1788429427.641000,iOS Bluetooth,216,0,0
1788429427.641000,iOS Bluetooth,216,0,0
1788429427.663997,iOS Bluetooth,233,5,64
1788429427.663997,iOS Bluetooth,217,71,0
1788429427.663997,iOS Bluetooth,217,0,0
1788429427.663997,iOS Bluetooth,234,102,62
1788429427.663997,iOS Bluetooth,234,0,0
1788429427.663997,iOS Bluetooth,234,0,74
1788429427.663997,iOS Bluetooth,234,26,63
1788429427.678926,iOS Bluetooth,219,29,0
1788429427.678926,iOS Bluetooth,219,0,0
1788429427.678926,iOS Bluetooth,236,94,64
1788429427.678926,iOS Bluetooth,236,0,0
1788429427.678926,iOS Bluetooth,236,0,0
1788429427.678926,iOS Bluetooth,236,0,0
1788429427.678926,iOS Bluetooth,221,49,0
1788429427.678926,iOS Bluetooth,221,0,0
1788429427.694062,iOS Bluetooth,227,125,63
1788429427.694062,iOS Bluetooth,211,45,0
1788429427.694062,iOS Bluetooth,211,0,0
1788429427.694062,iOS Bluetooth,211,0,0
1788429427.694062,iOS Bluetooth,211,0,0
1788429427.694062,iOS Bluetooth,211,0,0
1788429427.694062,iOS Bluetooth,211,0,0
1788429427.694062,iOS Bluetooth,211,0,0
1788429427.694062,iOS Bluetooth,211,0,0
1788429427.694062,iOS Bluetooth,230,37,63
1788429427.708860,iOS Bluetooth,214,72,0
1788429427.708860,iOS Bluetooth,214,0,0
1788429427.708860,iOS Bluetooth,231,105,64
1788429427.708860,iOS Bluetooth,231,0,0
1788429427.708860,iOS Bluetooth,231,0,0
1788429427.708860,iOS Bluetooth,231,0,0
1788429427.722175,iOS Bluetooth,216,1,0
1788429427.722175,iOS Bluetooth,216,0,0
1788429427.722175,iOS Bluetooth,233,112,63
1788429427.722175,iOS Bluetooth,217,84,0
1788429427.722175,iOS Bluetooth,217,0,0
1788429427.722175,iOS Bluetooth,234,95,62
1788429427.722175,iOS Bluetooth,218,50,0
1788429427.722175,iOS Bluetooth,218,0,0
1788429427.738940,iOS Bluetooth,235,46,63
1788429427.738940,iOS Bluetooth,219,26,0
1788429427.738940,iOS Bluetooth,219,0,0
1788429427.738940,iOS Bluetooth,236,111,64
1788429427.738940,iOS Bluetooth,220,16,0
1788429427.738940,iOS Bluetooth,220,0,0
1788429427.738940,iOS Bluetooth,237,20,65
1788429427.754691,iOS Bluetooth,221,53,0
1788429427.754691,iOS Bluetooth,221,0,0
1788429427.754691,iOS Bluetooth,227,106,63
1788429427.754691,iOS Bluetooth,211,36,0
1788429427.754691,iOS Bluetooth,211,0,0
1788429427.754691,iOS Bluetooth,228,93,62
1788429427.754691,iOS Bluetooth,212,6,0
1788429427.754691,iOS Bluetooth,212,0,0
1788429427.768948,iOS Bluetooth,230,59,63
1788429427.768948,iOS Bluetooth,214,87,0
1788429427.768948,iOS Bluetooth,214,0,0
1788429427.768948,iOS Bluetooth,231,123,64
1788429427.768948,iOS Bluetooth,215,35,0
1788429427.768948,iOS Bluetooth,215,0,0
1788429427.768948,iOS Bluetooth,232,14,65
1788429427.783962,iOS Bluetooth,217,96,0
1788429427.783962,iOS Bluetooth,217,0,0
1788429427.783962,iOS Bluetooth,234,92,62
1788429427.798817,iOS Bluetooth,235,71,63
1788429427.798817,iOS Bluetooth,219,17,0
1788429427.798817,iOS Bluetooth,219,0,0
1788429427.813893,iOS Bluetooth,236,0,65
1788429427.813893,iOS Bluetooth,220,21,0
1788429427.813893,iOS Bluetooth,220,0,0
1788429427.813893,iOS Bluetooth,220,0,0
1788429427.813893,iOS Bluetooth,220,0,0
1788429427.813893,iOS Bluetooth,220,0,0
1788429427.813893,iOS Bluetooth,221,57,0
1788429427.813893,iOS Bluetooth,221,0,0
1788429427.813893,iOS Bluetooth,227,84,63
1788429427.829466,iOS Bluetooth,211,28,0
1788429427.829466,iOS Bluetooth,211,0,0
1788429427.829466,iOS Bluetooth,228,91,62
1788429427.829466,iOS Bluetooth,228,0,0
1788429427.829466,iOS Bluetooth,228,0,114
1788429427.829466,iOS Bluetooth,228,79,63
1788429427.844367,iOS Bluetooth,214,105,0
1788429427.844367,iOS Bluetooth,214,0,0
1788429427.844367,iOS Bluetooth,231,8,65
1788429427.844367,iOS Bluetooth,215,25,0
1788429427.844367,iOS Bluetooth,215,0,0
1788429427.844367,iOS Bluetooth,215,0,0
1788429427.844367,iOS Bluetooth,215,0,0
1788429427.844367,iOS Bluetooth,215,0,0
1788429427.844367,iOS Bluetooth,216,6,0
1788429427.844367,iOS Bluetooth,216,0,0
1788429427.858936,iOS Bluetooth,233,66,63
1788429427.858936,iOS Bluetooth,217,91,0
1788429427.858936,iOS Bluetooth,217,0,0
1788429427.858936,iOS Bluetooth,218,46,0
1788429427.858936,iOS Bluetooth,218,0,0
1788429427.858936,iOS Bluetooth,218,0,0
1788429427.858936,iOS Bluetooth,218,0,0
1788429427.858936,iOS Bluetooth,218,0,0
1788429427.858936,iOS Bluetooth,219,9,0
1788429427.858936,iOS Bluetooth,219,0,0
1788429427.873740,iOS Bluetooth,236,13,65
1788429427.873740,iOS Bluetooth,220,25,0
1788429427.873740,iOS Bluetooth,220,0,0
1788429427.873740,iOS Bluetooth,220,0,0
1788429427.873740,iOS Bluetooth,220,0,0
1788429427.873740,iOS Bluetooth,220,0,0
1788429427.873740,iOS Bluetooth,220,0,0
1788429427.873740,iOS Bluetooth,220,0,0
1788429427.873740,iOS Bluetooth,220,0,0
1788429427.873740,iOS Bluetooth,227,62,63
1788429427.887990,iOS Bluetooth,211,20,0
1788429427.887990,iOS Bluetooth,211,0,0
1788429427.887990,iOS Bluetooth,228,93,62
1788429427.887990,iOS Bluetooth,228,0,0
1788429427.887990,iOS Bluetooth,228,0,0
1788429427.887990,iOS Bluetooth,228,0,0
1788429427.887990,iOS Bluetooth,214,110,0
1788429427.887990,iOS Bluetooth,214,0,0
1788429427.903801,iOS Bluetooth,231,20,65
1788429427.903801,iOS Bluetooth,215,18,0
1788429427.903801,iOS Bluetooth,215,0,0
1788429427.903801,iOS Bluetooth,215,0,0
1788429427.903801,iOS Bluetooth,215,0,0
1788429427.903801,iOS Bluetooth,215,0,0
1788429427.903801,iOS Bluetooth,215,0,0
1788429427.903801,iOS Bluetooth,215,0,0
1788429427.903801,iOS Bluetooth,215,0,0
1788429427.926036,iOS Bluetooth,233,46,63
1788429427.926036,iOS Bluetooth,217,80,0
1788429427.926036,iOS Bluetooth,217,0,0
1788429427.926036,iOS Bluetooth,234,94,62
1788429427.926036,iOS Bluetooth,218,44,0
1788429427.926036,iOS Bluetooth,218,0,0
1788429427.926036,iOS Bluetooth,235,116,63
1788429427.940864,iOS Bluetooth,219,2,0
1788429427.940864,iOS Bluetooth,219,0,0
1788429427.940864,iOS Bluetooth,236,23,65
1788429427.940864,iOS Bluetooth,220,29,0
1788429427.940864,iOS Bluetooth,220,0,0
1788429427.940864,iOS Bluetooth,237,107,64
1788429427.940864,iOS Bluetooth,221,66,0
1788429427.940864,iOS Bluetooth,221,0,0
1788429427.956108,iOS Bluetooth,227,39,63
1788429427.956108,iOS Bluetooth,211,11,0
1788429427.956108,iOS Bluetooth,211,0,0
1788429427.956108,iOS Bluetooth,228,98,62
1788429427.956108,iOS Bluetooth,212,21,0
1788429427.956108,iOS Bluetooth,212,0,0
1788429427.956108,iOS Bluetooth,230,123,63
1788429427.971157,iOS Bluetooth,214,108,0
1788429427.971157,iOS Bluetooth,214,0,0
1788429427.971157,iOS Bluetooth,231,28,65
1788429427.971157,iOS Bluetooth,215,11,0
1788429427.971157,iOS Bluetooth,215,0,0
1788429427.971157,iOS Bluetooth,232,96,64
1788429427.971157,iOS Bluetooth,216,22,0
1788429427.971157,iOS Bluetooth,216,0,0
1788429427.985716,iOS Bluetooth,233,27,63
1788429427.985716,iOS Bluetooth,217,71,0
1788429427.985716,iOS Bluetooth,217,0,0
1788429427.985716,iOS Bluetooth,234,101,62
1788429427.985716,iOS Bluetooth,218,41,0
1788429427.985716,iOS Bluetooth,218,0,0
1788429428.000957,iOS Bluetooth,219,0,0
1788429428.000957,iOS Bluetooth,219,0,0
1788429428.000957,iOS Bluetooth,236,30,65
1788429428.000957,iOS Bluetooth,211,0,0
1788429428.000957,iOS Bluetooth,211,0,0
1788429428.000957,iOS Bluetooth,131,60,64
1788429428.000957,iOS Bluetooth,238,0,64
1788429428.000957,iOS Bluetooth,158,60,96
1788429428.008794,iOS Bluetooth,220,33,0
1788429428.008794,iOS Bluetooth,220,0,0
1788429428.008794,iOS Bluetooth,237,89,64
1788429428.008794,iOS Bluetooth,237,0,0
1788429428.008794,iOS Bluetooth,237,0,42
1788429428.008794,iOS Bluetooth,237,21,63
1788429428.008794,iOS Bluetooth,222,4,0
1788429428.008794,iOS Bluetooth,222,0,0
1788429428.030894,iOS Bluetooth,227,25,63
1788429428.030894,iOS Bluetooth,228,105,62
1788429428.030894,iOS Bluetooth,228,0,0
1788429428.030894,iOS Bluetooth,228,0,58
1788429428.030894,iOS Bluetooth,228,19,64
1788429428.045818,iOS Bluetooth,214,104,0
1788429428.045818,iOS Bluetooth,214,0,0
1788429428.045818,iOS Bluetooth,231,34,65
1788429428.045818,iOS Bluetooth,215,7,0
1788429428.045818,iOS Bluetooth,215,0,0
1788429428.045818,iOS Bluetooth,215,0,0
1788429428.045818,iOS Bluetooth,215,0,0
1788429428.045818,iOS Bluetooth,215,0,0
1788429428.045818,iOS Bluetooth,216,40,0
1788429428.045818,iOS Bluetooth,216,0,0
1788429428.062774,iOS Bluetooth,233,9,63
1788429428.062774,iOS Bluetooth,217,63,0
1788429428.062774,iOS Bluetooth,217,0,0
1788429428.062774,iOS Bluetooth,234,110,62
1788429428.062774,iOS Bluetooth,234,0,0
1788429428.062774,iOS Bluetooth,234,0,90
1788429428.062774,iOS Bluetooth,234,22,64
1788429428.077964,iOS Bluetooth,236,35,65
1788429428.077964,iOS Bluetooth,220,37,0
1788429428.077964,iOS Bluetooth,220,0,0
1788429428.077964,iOS Bluetooth,220,0,0
1788429428.077964,iOS Bluetooth,220,0,0
1788429428.077964,iOS Bluetooth,220,0,0
1788429428.077964,iOS Bluetooth,220,0,0
1788429428.077964,iOS Bluetooth,220,0,0
1788429428.077964,iOS Bluetooth,220,0,0
1788429428.077964,iOS Bluetooth,238,5,63
1788429428.093019,iOS Bluetooth,222,1,0
1788429428.093019,iOS Bluetooth,222,0,0
1788429428.093019,iOS Bluetooth,228,115,62
1788429428.093019,iOS Bluetooth,228,0,0
1788429428.093019,iOS Bluetooth,228,0,0
1788429428.093019,iOS Bluetooth,228,0,0
1788429428.093019,iOS Bluetooth,214,100,0
1788429428.093019,iOS Bluetooth,214,0,0
1788429428.108029,iOS Bluetooth,231,36,65
1788429428.108029,iOS Bluetooth,215,3,0
1788429428.108029,iOS Bluetooth,215,0,0
1788429428.108029,iOS Bluetooth,215,0,0
1788429428.108029,iOS Bluetooth,215,0,0
1788429428.108029,iOS Bluetooth,215,0,0
1788429428.108029,iOS Bluetooth,215,0,0
1788429428.108029,iOS Bluetooth,215,0,0
1788429428.108029,iOS Bluetooth,215,0,0
1788429428.122966,iOS Bluetooth,233,123,62
1788429428.122966,iOS Bluetooth,217,57,0
1788429428.122966,iOS Bluetooth,217,0,0
1788429428.122966,iOS Bluetooth,234,122,62
1788429428.122966,iOS Bluetooth,218,36,0
1788429428.122966,iOS Bluetooth,218,0,0
1788429428.122966,iOS Bluetooth,235,46,64
1788429428.157284,iOS Bluetooth,219,2,0
1788429428.157284,iOS Bluetooth,219,0,0
1788429428.157284,iOS Bluetooth,236,37,65
1788429428.157284,iOS Bluetooth,220,41,0
1788429428.157284,iOS Bluetooth,220,0,0
1788429428.157284,iOS Bluetooth,237,45,64
1788429428.157284,iOS Bluetooth,221,78,0
1788429428.157284,iOS Bluetooth,221,0,0
1788429428.158506,iOS Bluetooth,238,118,62
1788429428.158506,iOS Bluetooth,222,0,0
1788429428.158506,iOS Bluetooth,222,0,0
1788429428.158506,iOS Bluetooth,228,2,63
1788429428.158506,iOS Bluetooth,212,46,0
1788429428.158506,iOS Bluetooth,212,0,0
1788429428.158506,iOS Bluetooth,230,62,64
1788429428.173655,iOS Bluetooth,214,84,0
1788429428.173655,iOS Bluetooth,214,0,0
1788429428.173655,iOS Bluetooth,215,1,0
1788429428.173655,iOS Bluetooth,215,0,0
1788429428.173655,iOS Bluetooth,232,31,64
1788429428.173655,iOS Bluetooth,216,59,0
1788429428.173655,iOS Bluetooth,216,0,0
1788429428.173655,iOS Bluetooth,233,112,62
1788429428.188563,iOS Bluetooth,217,51,0
1788429428.188563,iOS Bluetooth,217,0,0
1788429428.188563,iOS Bluetooth,234,7,63
1788429428.188563,iOS Bluetooth,218,33,0
1788429428.188563,iOS Bluetooth,218,0,0
1788429428.188563,iOS Bluetooth,235,69,64
1788429428.196637,iOS Bluetooth,236,35,65
1788429428.196637,iOS Bluetooth,220,45,0
1788429428.196637,iOS Bluetooth,220,0,0
1788429428.213272,iOS Bluetooth,237,23,64
1788429428.213272,iOS Bluetooth,221,64,0
1788429428.213272,iOS Bluetooth,221,0,0
1788429428.213272,iOS Bluetooth,221,0,0
1788429428.213272,iOS Bluetooth,221,0,0
1788429428.213272,iOS Bluetooth,221,0,0
1788429428.213272,iOS Bluetooth,222,1,0
1788429428.213272,iOS Bluetooth,222,0,0
1788429428.213272,iOS Bluetooth,228,15,63
1788429428.228432,iOS Bluetooth,212,56,0
1788429428.228432,iOS Bluetooth,212,0,0
1788429428.228432,iOS Bluetooth,230,82,64
1788429428.228432,iOS Bluetooth,230,0,0
1788429428.228432,iOS Bluetooth,230,0,2
1788429428.228432,iOS Bluetooth,230,32,65
1788429428.243591,iOS Bluetooth,215,0,0
1788429428.243591,iOS Bluetooth,215,0,0
1788429428.243591,iOS Bluetooth,232,10,64
1788429428.243591,iOS Bluetooth,216,69,0
1788429428.243591,iOS Bluetooth,216,0,0
1788429428.243591,iOS Bluetooth,216,0,0
1788429428.243591,iOS Bluetooth,216,0,0
1788429428.243591,iOS Bluetooth,216,0,0
1788429428.243591,iOS Bluetooth,217,45,0
1788429428.243591,iOS Bluetooth,217,0,0
1788429428.257450,iOS Bluetooth,234,26,63
1788429428.257450,iOS Bluetooth,218,30,0
1788429428.257450,iOS Bluetooth,218,0,0
1788429428.257450,iOS Bluetooth,235,89,64
1788429428.257450,iOS Bluetooth,235,0,0
1788429428.257450,iOS Bluetooth,235,0,34
1788429428.257450,iOS Bluetooth,235,30,65
1788429428.278507,iOS Bluetooth,220,49,0
1788429428.278507,iOS Bluetooth,220,0,0
1788429428.278507,iOS Bluetooth,237,2,64
1788429428.278507,iOS Bluetooth,237,0,0
1788429428.278507,iOS Bluetooth,237,0,0
1788429428.278507,iOS Bluetooth,237,0,0
1788429428.278507,iOS Bluetooth,222,2,0
1788429428.278507,iOS Bluetooth,222,0,0
1788429428.293515,iOS Bluetooth,228,35,63
1788429428.293515,iOS Bluetooth,212,69,0
1788429428.293515,iOS Bluetooth,212,0,0
1788429428.293515,iOS Bluetooth,212,0,0
1788429428.293515,iOS Bluetooth,212,0,0
1788429428.293515,iOS Bluetooth,212,0,0
1788429428.293515,iOS Bluetooth,212,0,0
1788429428.293515,iOS Bluetooth,212,0,0
1788429428.293515,iOS Bluetooth,212,0,0
1788429428.293515,iOS Bluetooth,231,26,65
1788429428.308673,iOS Bluetooth,232,117,63
1788429428.308673,iOS Bluetooth,216,80,0
1788429428.308673,iOS Bluetooth,216,0,0
1788429428.308673,iOS Bluetooth,216,0,0
1788429428.308673,iOS Bluetooth,216,0,0
1788429428.308673,iOS Bluetooth,216,0,0
1788429428.308673,iOS Bluetooth,216,0,0
1788429428.308673,iOS Bluetooth,216,0,0
1788429428.308673,iOS Bluetooth,216,0,0
1788429428.323514,iOS Bluetooth,234,44,63
1788429428.323514,iOS Bluetooth,218,27,0
1788429428.323514,iOS Bluetooth,218,0,0
1788429428.323514,iOS Bluetooth,235,107,64
1788429428.323514,iOS Bluetooth,219,15,0
1788429428.323514,iOS Bluetooth,219,0,0
1788429428.323514,iOS Bluetooth,236,23,65
1788429428.339167,iOS Bluetooth,220,52,0
1788429428.339167,iOS Bluetooth,220,0,0
1788429428.339167,iOS Bluetooth,237,111,63
1788429428.339167,iOS Bluetooth,221,38,0
1788429428.339167,iOS Bluetooth,221,0,0
1788429428.339167,iOS Bluetooth,238,94,62
1788429428.339167,iOS Bluetooth,222,5,0
1788429428.339167,iOS Bluetooth,222,0,0
1788429428.354200,iOS Bluetooth,228,54,63
1788429428.354200,iOS Bluetooth,212,83,0
1788429428.354200,iOS Bluetooth,212,0,0
1788429428.354200,iOS Bluetooth,230,119,64
1788429428.354200,iOS Bluetooth,214,38,0
1788429428.354200,iOS Bluetooth,214,0,0
1788429428.354200,iOS Bluetooth,231,17,65
1788429428.370687,iOS Bluetooth,215,2,0
1788429428.370687,iOS Bluetooth,215,0,0
1788429428.370687,iOS Bluetooth,232,95,63
1788429428.370687,iOS Bluetooth,216,94,0
1788429428.370687,iOS Bluetooth,216,0,0
1788429428.370687,iOS Bluetooth,233,92,62
1788429428.370687,iOS Bluetooth,217,35,0
1788429428.370687,iOS Bluetooth,217,0,0
1788429428.385628,iOS Bluetooth,234,65,63
1788429428.385628,iOS Bluetooth,218,20,0
1788429428.385628,iOS Bluetooth,218,0,0
1788429428.385628,iOS Bluetooth,235,124,64
1788429428.385628,iOS Bluetooth,219,20,0
1788429428.385628,iOS Bluetooth,219,0,0
1788429428.400518,iOS Bluetooth,220,56,0
1788429428.400518,iOS Bluetooth,220,0,0
1788429428.400518,iOS Bluetooth,237,90,63
1788429428.415442,iOS Bluetooth,221,30,0
1788429428.415442,iOS Bluetooth,221,0,0
1788429428.415442,iOS Bluetooth,238,92,62
1788429428.415442,iOS Bluetooth,238,0,0
1788429428.415442,iOS Bluetooth,238,0,58
1788429428.415442,iOS Bluetooth,238,74,63
1788429428.415442,iOS Bluetooth,212,99,0
1788429428.415442,iOS Bluetooth,212,0,0
1788429428.430356,iOS Bluetooth,230,5,65
1788429428.430356,iOS Bluetooth,214,28,0
1788429428.430356,iOS Bluetooth,214,0,0
1788429428.430356,iOS Bluetooth,214,0,0
1788429428.430356,iOS Bluetooth,214,0,0
1788429428.430356,iOS Bluetooth,214,0,0
1788429428.430356,iOS Bluetooth,215,5,0
1788429428.430356,iOS Bluetooth,215,0,0
1788429428.445433,iOS Bluetooth,232,71,63
1788429428.445433,iOS Bluetooth,217,30,0
1788429428.445433,iOS Bluetooth,217,0,0
1788429428.445433,iOS Bluetooth,234,86,63
1788429428.445433,iOS Bluetooth,234,0,0
1788429428.445433,iOS Bluetooth,234,0,90
1788429428.445433,iOS Bluetooth,234,8,65
1788429428.458497,iOS Bluetooth,219,24,0
1788429428.458497,iOS Bluetooth,219,0,0
1788429428.458497,iOS Bluetooth,236,0,65
1788429428.458497,iOS Bluetooth,220,60,0
1788429428.458497,iOS Bluetooth,220,0,0
1788429428.458497,iOS Bluetooth,220,0,0
1788429428.458497,iOS Bluetooth,220,0,0
1788429428.458497,iOS Bluetooth,220,0,0
1788429428.458497,iOS Bluetooth,221,23,0
1788429428.458497,iOS Bluetooth,221,0,0
1788429428.473391,iOS Bluetooth,222,13,0
1788429428.473391,iOS Bluetooth,222,0,0
1788429428.473391,iOS Bluetooth,228,93,63
1788429428.473391,iOS Bluetooth,228,0,0
1788429428.473391,iOS Bluetooth,228,0,0
1788429428.473391,iOS Bluetooth,228,0,0
1788429428.473391,iOS Bluetooth,214,21,0
1788429428.473391,iOS Bluetooth,214,0,0
1788429428.488722,iOS Bluetooth,231,119,64
1788429428.488722,iOS Bluetooth,215,10,0
1788429428.488722,iOS Bluetooth,215,0,0
1788429428.488722,iOS Bluetooth,215,0,0
1788429428.488722,iOS Bluetooth,215,0,0
1788429428.488722,iOS Bluetooth,215,0,0
1788429428.488722,iOS Bluetooth,215,0,0
1788429428.488722,iOS Bluetooth,215,0,0
1788429428.488722,iOS Bluetooth,215,0,0
1788429428.488722,iOS Bluetooth,233,94,62
1788429428.511797,iOS Bluetooth,217,25,0
1788429428.511797,iOS Bluetooth,217,0,0
1788429428.511797,iOS Bluetooth,234,110,63
1788429428.511797,iOS Bluetooth,234,0,0
1788429428.511797,iOS Bluetooth,234,0,0
1788429428.511797,iOS Bluetooth,234,0,0
1788429428.526715,iOS Bluetooth,219,28,0
1788429428.526715,iOS Bluetooth,219,0,0
1788429428.526715,iOS Bluetooth,236,113,64
1788429428.526715,iOS Bluetooth,220,64,0
1788429428.526715,iOS Bluetooth,220,0,0
1788429428.526715,iOS Bluetooth,237,46,63
1788429428.526715,iOS Bluetooth,221,14,0
1788429428.526715,iOS Bluetooth,221,0,0
1788429428.541714,iOS Bluetooth,238,96,62
1788429428.541714,iOS Bluetooth,222,19,0
1788429428.541714,iOS Bluetooth,222,0,0
1788429428.541714,iOS Bluetooth,228,114,63
1788429428.541714,iOS Bluetooth,212,109,0
1788429428.541714,iOS Bluetooth,212,0,0
1788429428.541714,iOS Bluetooth,230,25,65
1788429428.555558,iOS Bluetooth,214,13,0
1788429428.555558,iOS Bluetooth,214,0,0
1788429428.555558,iOS Bluetooth,231,102,64
1788429428.555558,iOS Bluetooth,215,20,0
1788429428.555558,iOS Bluetooth,215,0,0
1788429428.555558,iOS Bluetooth,232,34,63
1788429428.555558,iOS Bluetooth,216,75,0
1788429428.555558,iOS Bluetooth,216,0,0
1788429428.571635,iOS Bluetooth,233,99,62
1788429428.571635,iOS Bluetooth,217,20,0
1788429428.571635,iOS Bluetooth,217,0,0
1788429428.571635,iOS Bluetooth,234,0,64
1788429428.571635,iOS Bluetooth,218,0,0
1788429428.571635,iOS Bluetooth,218,0,0
1788429428.571635,iOS Bluetooth,235,29,65
1788429428.586908,iOS Bluetooth,219,32,0
1788429428.586908,iOS Bluetooth,219,0,0
1788429428.586908,iOS Bluetooth,236,96,64
1788429428.586908,iOS Bluetooth,220,70,0
1788429428.586908,iOS Bluetooth,220,0,0
1788429428.586908,iOS Bluetooth,237,28,63
1788429428.601827,iOS Bluetooth,238,102,62
1788429428.601827,iOS Bluetooth,222,25,0
1788429428.601827,iOS Bluetooth,222,0,0
1788429428.601827,iOS Bluetooth,212,0,0
1788429428.601827,iOS Bluetooth,212,0,0
1788429428.601827,iOS Bluetooth,132,63,64
1788429428.601827,iOS Bluetooth,229,0,64
1788429428.601827,iOS Bluetooth,149,63,96
1788429428.601827,iOS Bluetooth,176,118,9
1788429428.608539,iOS Bluetooth,228,8,64
1788429428.608539,iOS Bluetooth,229,11,64
1788429428.608539,iOS Bluetooth,229,0,0
1788429428.608539,iOS Bluetooth,229,0,2
1788429428.608539,iOS Bluetooth,229,32,65
1788429428.608539,iOS Bluetooth,214,8,0
1788429428.608539,iOS Bluetooth,214,0,0
1788429428.631905,iOS Bluetooth,231,82,64
1788429428.631905,iOS Bluetooth,215,33,0
1788429428.631905,iOS Bluetooth,215,0,0
1788429428.631905,iOS Bluetooth,215,0,0
1788429428.631905,iOS Bluetooth,215,0,0
1788429428.631905,iOS Bluetooth,215,0,0
1788429428.631905,iOS Bluetooth,216,66,0
1788429428.631905,iOS Bluetooth,216,0,0
1788429428.646736,iOS Bluetooth,233,109,62
1788429428.646736,iOS Bluetooth,217,15,0
1788429428.646736,iOS Bluetooth,217,0,0
1788429428.646736,iOS Bluetooth,234,16,64
1788429428.646736,iOS Bluetooth,234,0,0
1788429428.646736,iOS Bluetooth,234,0,34
1788429428.646736,iOS Bluetooth,234,36,0
1788429428.661844,iOS Bluetooth,236,74,64
1788429428.661844,iOS Bluetooth,220,78,0
1788429428.661844,iOS Bluetooth,220,0,0
1788429428.661844,iOS Bluetooth,237,11,63
1788429428.661844,iOS Bluetooth,237,0,0
1788429428.661844,iOS Bluetooth,237,0,50
1788429428.661844,iOS Bluetooth,237,111,62
1788429428.676879,iOS Bluetooth,222,33,0
1788429428.676879,iOS Bluetooth,222,0,0
1788429428.676879,iOS Bluetooth,229,33,64
1788429428.676879,iOS Bluetooth,229,0,0
1788429428.676879,iOS Bluetooth,229,0,0
1788429428.676879,iOS Bluetooth,229,0,0
1788429428.676879,iOS Bluetooth,214,5,0
1788429428.676879,iOS Bluetooth,214,0,0
1788429428.695694,iOS Bluetooth,231,61,64
1788429428.695694,iOS Bluetooth,215,46,0
1788429428.695694,iOS Bluetooth,215,0,0
1788429428.695694,iOS Bluetooth,215,0,0
1788429428.695694,iOS Bluetooth,215,0,0
1788429428.695694,iOS Bluetooth,215,0,0
1788429428.695694,iOS Bluetooth,215,0,0
1788429428.695694,iOS Bluetooth,215,0,0
1788429428.695694,iOS Bluetooth,215,0,0
1788429428.695694,iOS Bluetooth,233,118,62
1788429428.706835,iOS Bluetooth,217,11,0
1788429428.706835,iOS Bluetooth,217,0,0
1788429428.706835,iOS Bluetooth,234,40,64
1788429428.706835,iOS Bluetooth,234,0,0
1788429428.706835,iOS Bluetooth,234,0,0
1788429428.706835,iOS Bluetooth,234,0,0
1788429428.721820,iOS Bluetooth,219,40,0
1788429428.721820,iOS Bluetooth,219,0,0
1788429428.721820,iOS Bluetooth,236,54,64
1788429428.721820,iOS Bluetooth,220,83,0
1788429428.721820,iOS Bluetooth,220,0,0
1788429428.721820,iOS Bluetooth,237,123,62
1788429428.721820,iOS Bluetooth,221,0,0
1788429428.721820,iOS Bluetooth,221,0,0
1788429428.745633,iOS Bluetooth,238,125,62
1788429428.745633,iOS Bluetooth,222,42,0
1788429428.745633,iOS Bluetooth,222,0,0
1788429428.745633,iOS Bluetooth,229,54,64
1788429428.745633,iOS Bluetooth,213,91,0
1788429428.745633,iOS Bluetooth,213,0,0
1788429428.745633,iOS Bluetooth,214,2,0
1788429428.745633,iOS Bluetooth,214,0,0
1788429428.758648,iOS Bluetooth,231,39,64
1788429428.758648,iOS Bluetooth,215,56,0
1788429428.758648,iOS Bluetooth,215,0,0
1788429428.758648,iOS Bluetooth,232,115,62
1788429428.758648,iOS Bluetooth,216,53,0
1788429428.758648,iOS Bluetooth,216,0,0
1788429428.758648,iOS Bluetooth,233,4,63
1788429428.774931,iOS Bluetooth,217,7,0
1788429428.774931,iOS Bluetooth,217,0,0
1788429428.774931,iOS Bluetooth,234,63,64
1788429428.774931,iOS Bluetooth,218,5,0
1788429428.774931,iOS Bluetooth,218,0,0
1788429428.774931,iOS Bluetooth,219,43,0
1788429428.774931,iOS Bluetooth,219,0,0
1788429428.774931,iOS Bluetooth,236,34,64
1788429428.788760,iOS Bluetooth,238,9,63
1788429428.788760,iOS Bluetooth,222,51,0
1788429428.788760,iOS Bluetooth,222,0,0
1788429428.796603,iOS Bluetooth,213,74,0
1788429428.796603,iOS Bluetooth,213,0,0
1788429428.796603,iOS Bluetooth,230,34,65
1788429428.811705,iOS Bluetooth,214,0,0
1788429428.811705,iOS Bluetooth,214,0,0
1788429428.811705,iOS Bluetooth,231,20,64
1788429428.811705,iOS Bluetooth,231,0,0
1788429428.811705,iOS Bluetooth,231,0,74
1788429428.811705,iOS Bluetooth,231,106,62
1788429428.811705,iOS Bluetooth,216,48,0
1788429428.811705,iOS Bluetooth,216,0,0
1788429428.826953,iOS Bluetooth,233,19,63
1788429428.826953,iOS Bluetooth,217,4,0
1788429428.826953,iOS Bluetooth,217,0,0
1788429428.826953,iOS Bluetooth,217,0,0
1788429428.826953,iOS Bluetooth,217,0,0
1788429428.826953,iOS Bluetooth,217,0,0
1788429428.826953,iOS Bluetooth,218,9,0
1788429428.826953,iOS Bluetooth,218,0,0
1788429428.841923,iOS Bluetooth,235,32,65
1788429428.841923,iOS Bluetooth,219,47,0
1788429428.841923,iOS Bluetooth,219,0,0
1788429428.841923,iOS Bluetooth,236,12,64
1788429428.841923,iOS Bluetooth,236,0,0
1788429428.841923,iOS Bluetooth,236,0,106
1788429428.841923,iOS Bluetooth,236,103,62
1788429428.856902,iOS Bluetooth,221,2,0
1788429428.856902,iOS Bluetooth,221,0,0
1788429428.856902,iOS Bluetooth,238,26,63
1788429428.856902,iOS Bluetooth,238,0,0
1788429428.856902,iOS Bluetooth,238,0,0
1788429428.856902,iOS Bluetooth,238,0,0
1788429428.856902,iOS Bluetooth,213,57,0
1788429428.856902,iOS Bluetooth,213,0,0
1788429428.880535,iOS Bluetooth,230,29,65
1788429428.880535,iOS Bluetooth,231,0,64
1788429428.880535,iOS Bluetooth,231,0,0
1788429428.880535,iOS Bluetooth,231,0,0
1788429428.880535,iOS Bluetooth,231,0,0
1788429428.880535,iOS Bluetooth,216,42,0
1788429428.880535,iOS Bluetooth,216,0,0
1788429428.894174,iOS Bluetooth,233,37,63
1788429428.894174,iOS Bluetooth,217,1,0
1788429428.894174,iOS Bluetooth,217,0,0
1788429428.894174,iOS Bluetooth,217,0,0
1788429428.894174,iOS Bluetooth,217,0,0
1788429428.894174,iOS Bluetooth,217,0,0
1788429428.894174,iOS Bluetooth,217,0,0
1788429428.894174,iOS Bluetooth,217,0,0
1788429428.894174,iOS Bluetooth,217,0,0
1788429428.894174,iOS Bluetooth,235,27,65
1788429428.911084,iOS Bluetooth,219,51,0
1788429428.911084,iOS Bluetooth,219,0,0
1788429428.911084,iOS Bluetooth,236,121,63
1788429428.911084,iOS Bluetooth,236,0,0
1788429428.911084,iOS Bluetooth,236,0,0
1788429428.911084,iOS Bluetooth,236,0,0
1788429428.926325,iOS Bluetooth,221,4,0
1788429428.926325,iOS Bluetooth,221,0,0
1788429428.926325,iOS Bluetooth,238,44,63
1788429428.926325,iOS Bluetooth,222,76,0
1788429428.926325,iOS Bluetooth,222,0,0
1788429428.926325,iOS Bluetooth,229,111,64
1788429428.926325,iOS Bluetooth,213,44,0
1788429428.926325,iOS Bluetooth,213,0,0
1788429428.941331,iOS Bluetooth,230,20,65
1788429428.941331,iOS Bluetooth,214,1,0
1788429428.941331,iOS Bluetooth,214,0,0
1788429428.941331,iOS Bluetooth,231,107,63
1788429428.941331,iOS Bluetooth,215,88,0
1788429428.941331,iOS Bluetooth,215,0,0
1788429428.941331,iOS Bluetooth,232,93,62
1788429428.956190,iOS Bluetooth,216,37,0
1788429428.956190,iOS Bluetooth,216,0,0
1788429428.956190,iOS Bluetooth,233,57,63
1788429428.956190,iOS Bluetooth,217,0,0
1788429428.956190,iOS Bluetooth,217,0,0
1788429428.956190,iOS Bluetooth,234,119,64
1788429428.956190,iOS Bluetooth,218,18,0
1788429428.956190,iOS Bluetooth,218,0,0
1788429428.970813,iOS Bluetooth,235,17,65
1788429428.970813,iOS Bluetooth,219,54,0
1788429428.970813,iOS Bluetooth,219,0,0
1788429428.970813,iOS Bluetooth,236,98,63
1788429428.970813,iOS Bluetooth,220,34,0
1788429428.970813,iOS Bluetooth,220,0,0
1788429428.970813,iOS Bluetooth,237,92,62
1788429428.985578,iOS Bluetooth,221,7,0
1788429428.985578,iOS Bluetooth,221,0,0
1788429428.985578,iOS Bluetooth,238,64,63
1788429428.985578,iOS Bluetooth,222,93,0
1788429428.985578,iOS Bluetooth,222,0,0
1788429428.985578,iOS Bluetooth,229,126,64
1788429429.000539,iOS Bluetooth,230,10,65
1788429429.000539,iOS Bluetooth,214,3,0
1788429429.000539,iOS Bluetooth,214,0,0
1788429429.015584,iOS Bluetooth,231,81,63
1788429429.015584,iOS Bluetooth,215,99,0
1788429429.015584,iOS Bluetooth,215,0,0
1788429429.015584,iOS Bluetooth,215,0,0
1788429429.015584,iOS Bluetooth,215,0,0
1788429429.015584,iOS Bluetooth,215,0,0
1788429429.015584,iOS Bluetooth,216,32,0
1788429429.015584,iOS Bluetooth,216,0,0
1788429429.015584,iOS Bluetooth,233,80,63
1788429429.030641,iOS Bluetooth,217,1,0
1788429429.030641,iOS Bluetooth,217,0,0
1788429429.030641,iOS Bluetooth,234,5,65
1788429429.030641,iOS Bluetooth,234,0,0
1788429429.030641,iOS Bluetooth,234,0,34
1788429429.030641,iOS Bluetooth,234,5,65
1788429429.045472,iOS Bluetooth,219,59,0
1788429429.045472,iOS Bluetooth,219,0,0
1788429429.045472,iOS Bluetooth,236,76,63
1788429429.045472,iOS Bluetooth,220,26,0
1788429429.045472,iOS Bluetooth,220,0,0
1788429429.045472,iOS Bluetooth,220,0,0
1788429429.045472,iOS Bluetooth,220,0,0
1788429429.045472,iOS Bluetooth,220,0,0
1788429429.045472,iOS Bluetooth,238,85,63
1788429429.058550,iOS Bluetooth,222,109,0
1788429429.058550,iOS Bluetooth,222,0,0
1788429429.058550,iOS Bluetooth,229,11,65
1788429429.058550,iOS Bluetooth,213,23,0
1788429429.058550,iOS Bluetooth,213,0,0
1788429429.058550,iOS Bluetooth,213,0,0
1788429429.058550,iOS Bluetooth,213,0,0
1788429429.058550,iOS Bluetooth,213,0,0
1788429429.058550,iOS Bluetooth,214,8,0
1788429429.058550,iOS Bluetooth,214,0,0
1788429429.075380,iOS Bluetooth,231,61,63
1788429429.075380,iOS Bluetooth,215,88,0
1788429429.075380,iOS Bluetooth,215,0,0
1788429429.075380,iOS Bluetooth,215,0,0
1788429429.075380,iOS Bluetooth,215,0,0
1788429429.075380,iOS Bluetooth,215,0,0
1788429429.075380,iOS Bluetooth,215,0,0
1788429429.075380,iOS Bluetooth,215,0,0
1788429429.075380,iOS Bluetooth,215,0,0
1788429429.075380,iOS Bluetooth,233,104,63
1788429429.090662,iOS Bluetooth,217,4,0
1788429429.090662,iOS Bluetooth,217,0,0
1788429429.090662,iOS Bluetooth,234,17,65
1788429429.090662,iOS Bluetooth,234,0,0
1788429429.090662,iOS Bluetooth,234,0,0
1788429429.090662,iOS Bluetooth,234,0,0
1788429429.090662,iOS Bluetooth,219,62,0
1788429429.090662,iOS Bluetooth,219,0,0
1788429429.113436,iOS Bluetooth,236,53,63
1788429429.113436,iOS Bluetooth,220,18,0
1788429429.113436,iOS Bluetooth,220,0,0
1788429429.113436,iOS Bluetooth,220,0,0
1788429429.113436,iOS Bluetooth,220,0,0
1788429429.113436,iOS Bluetooth,220,0,0
1788429429.113436,iOS Bluetooth,220,0,0
1788429429.113436,iOS Bluetooth,220,0,0
1788429429.113436,iOS Bluetooth,220,0,0
1788429429.127479,iOS Bluetooth,238,109,63
1788429429.127479,iOS Bluetooth,222,110,0
1788429429.127479,iOS Bluetooth,222,0,0
1788429429.127479,iOS Bluetooth,229,22,65
1788429429.127479,iOS Bluetooth,213,15,0
1788429429.127479,iOS Bluetooth,213,0,0
1788429429.127479,iOS Bluetooth,230,109,64
1788429429.141719,iOS Bluetooth,214,16,0
1788429429.141719,iOS Bluetooth,214,0,0
1788429429.141719,iOS Bluetooth,231,41,63
1788429429.141719,iOS Bluetooth,215,78,0
1788429429.141719,iOS Bluetooth,215,0,0
1788429429.141719,iOS Bluetooth,232,97,62
1788429429.141719,iOS Bluetooth,216,22,0
1788429429.141719,iOS Bluetooth,216,0,0
1788429429.156871,iOS Bluetooth,233,0,64
1788429429.156871,iOS Bluetooth,217,0,0
1788429429.156871,iOS Bluetooth,217,0,0
1788429429.156871,iOS Bluetooth,234,27,65
1788429429.156871,iOS Bluetooth,218,30,0
1788429429.156871,iOS Bluetooth,218,0,0
1788429429.156871,iOS Bluetooth,235,102,64
1788429429.172048,iOS Bluetooth,219,68,0
1788429429.172048,iOS Bluetooth,219,0,0
1788429429.172048,iOS Bluetooth,236,34,63
1788429429.172048,iOS Bluetooth,220,8,0
1788429429.172048,iOS Bluetooth,220,0,0
1788429429.172048,iOS Bluetooth,237,99,62
1788429429.172048,iOS Bluetooth,221,22,0
1788429429.172048,iOS Bluetooth,221,0,0
1788429429.186319,iOS Bluetooth,238,3,64
1788429429.186319,iOS Bluetooth,222,107,0
1788429429.186319,iOS Bluetooth,222,0,0
1788429429.186319,iOS Bluetooth,229,30,65
1788429429.186319,iOS Bluetooth,213,10,0
1788429429.186319,iOS Bluetooth,213,0,0
1788429429.186319,iOS Bluetooth,213,0,0
1788429429.186319,iOS Bluetooth,213,0,0
1788429429.186319,iOS Bluetooth,213,0,0
1788429429.208628,iOS Bluetooth,214,27,0
1788429429.208628,iOS Bluetooth,214,0,0
1788429429.208628,iOS Bluetooth,231,23,63
1788429429.208628,iOS Bluetooth,214,0,0
1788429429.208628,iOS Bluetooth,214,0,0
1788429429.208628,iOS Bluetooth,134,66,64
1788429429.208628,iOS Bluetooth,239,0,64
1788429429.208628,iOS Bluetooth,159,66,96
1788429429.208628,iOS Bluetooth,215,69,0
1788429429.208628,iOS Bluetooth,215,0,0
1788429429.208628,iOS Bluetooth,232,104,62
1788429429.216689,iOS Bluetooth,233,11,64
1788429429.216689,iOS Bluetooth,217,12,0
1788429429.216689,iOS Bluetooth,217,0,0
1788429429.231772,iOS Bluetooth,234,33,65
1788429429.231772,iOS Bluetooth,218,34,0
1788429429.231772,iOS Bluetooth,218,0,0
1788429429.231772,iOS Bluetooth,218,0,0
1788429429.231772,iOS Bluetooth,218,0,0
1788429429.231772,iOS Bluetooth,218,0,0
1788429429.231772,iOS Bluetooth,219,75,0
1788429429.231772,iOS Bluetooth,219,0,0
1788429429.246701,iOS Bluetooth,236,15,63
1788429429.246701,iOS Bluetooth,220,3,0
1788429429.246701,iOS Bluetooth,220,0,0
1788429429.246701,iOS Bluetooth,237,108,62
1788429429.246701,iOS Bluetooth,237,0,0
1788429429.246701,iOS Bluetooth,237,0,122
1788429429.246701,iOS Bluetooth,237,25,64
1788429429.261597,iOS Bluetooth,222,103,0
1788429429.261597,iOS Bluetooth,222,0,0
1788429429.261597,iOS Bluetooth,239,72,64
1788429429.261597,iOS Bluetooth,223,41,0
1788429429.261597,iOS Bluetooth,223,0,0
1788429429.261597,iOS Bluetooth,223,0,0
1788429429.261597,iOS Bluetooth,223,0,0
1788429429.261597,iOS Bluetooth,223,0,0
1788429429.261597,iOS Bluetooth,213,5,0
1788429429.261597,iOS Bluetooth,213,0,0
1788429429.276423,iOS Bluetooth,231,5,63
1788429429.276423,iOS Bluetooth,215,61,0
1788429429.276423,iOS Bluetooth,215,0,0
1788429429.276423,iOS Bluetooth,215,0,0
1788429429.276423,iOS Bluetooth,215,0,0
1788429429.276423,iOS Bluetooth,215,0,0
1788429429.276423,iOS Bluetooth,215,0,0
1788429429.276423,iOS Bluetooth,215,0,0
1788429429.276423,iOS Bluetooth,215,0,0
1788429429.276423,iOS Bluetooth,233,35,64
1788429429.291264,iOS Bluetooth,217,27,0
1788429429.291264,iOS Bluetooth,217,0,0
1788429429.291264,iOS Bluetooth,234,36,65
1788429429.291264,iOS Bluetooth,234,0,0
1788429429.291264,iOS Bluetooth,234,0,0
1788429429.291264,iOS Bluetooth,234,0,0
1788429429.291264,iOS Bluetooth,219,83,0
1788429429.291264,iOS Bluetooth,219,0,0
1788429429.306523,iOS Bluetooth,236,0,63
1788429429.306523,iOS Bluetooth,220,0,0
1788429429.306523,iOS Bluetooth,220,0,0
1788429429.306523,iOS Bluetooth,220,0,0
1788429429.306523,iOS Bluetooth,220,0,0
1788429429.306523,iOS Bluetooth,220,0,0
1788429429.306523,iOS Bluetooth,220,0,0
1788429429.306523,iOS Bluetooth,220,0,0
1788429429.306523,iOS Bluetooth,220,0,0
1788429429.321736,iOS Bluetooth,238,49,64
1788429429.321736,iOS Bluetooth,222,98,0
1788429429.321736,iOS Bluetooth,222,0,0
1788429429.321736,iOS Bluetooth,239,50,64
1788429429.321736,iOS Bluetooth,223,52,0
1788429429.321736,iOS Bluetooth,223,0,0
1788429429.321736,iOS Bluetooth,229,37,65
1788429429.343617,iOS Bluetooth,213,2,0
1788429429.343617,iOS Bluetooth,213,0,0
1788429429.343617,iOS Bluetooth,231,120,62
1788429429.343617,iOS Bluetooth,215,55,0
1788429429.343617,iOS Bluetooth,215,0,0
1788429429.343617,iOS Bluetooth,232,0,63
1788429429.343617,iOS Bluetooth,216,9,0
1788429429.343617,iOS Bluetooth,216,0,0
1788429429.358751,iOS Bluetooth,233,61,64
1788429429.358751,iOS Bluetooth,217,39,0
1788429429.358751,iOS Bluetooth,217,0,0
1788429429.358751,iOS Bluetooth,218,43,0
1788429429.358751,iOS Bluetooth,218,0,0
1788429429.358751,iOS Bluetooth,235,40,64
1788429429.358751,iOS Bluetooth,219,75,0
1788429429.358751,iOS Bluetooth,219,0,0
1788429429.374020,iOS Bluetooth,236,115,62
1788429429.374020,iOS Bluetooth,237,4,63
1788429429.374020,iOS Bluetooth,221,48,0
1788429429.374020,iOS Bluetooth,221,0,0
1788429429.374020,iOS Bluetooth,238,67,64
1788429429.374020,iOS Bluetooth,222,81,0
1788429429.374020,iOS Bluetooth,222,0,0
1788429429.388826,iOS Bluetooth,239,28,64
1788429429.388826,iOS Bluetooth,223,60,0
1788429429.388826,iOS Bluetooth,223,0,0
1788429429.388826,iOS Bluetooth,229,35,65
1788429429.388826,iOS Bluetooth,213,1,0
1788429429.388826,iOS Bluetooth,213,0,0
1788429429.396729,iOS Bluetooth,215,49,0
1788429429.396729,iOS Bluetooth,215,0,0
1788429429.396729,iOS Bluetooth,232,13,63
1788429429.411774,iOS Bluetooth,216,5,0
1788429429.411774,iOS Bluetooth,216,0,0
1788429429.411774,iOS Bluetooth,233,80,64
1788429429.411774,iOS Bluetooth,233,0,0
1788429429.411774,iOS Bluetooth,233,0,34
1788429429.411774,iOS Bluetooth,233,33,65
1788429429.411774,iOS Bluetooth,218,46,0
1788429429.411774,iOS Bluetooth,218,0,0
1788429429.426765,iOS Bluetooth,235,15,64
1788429429.426765,iOS Bluetooth,219,60,0
1788429429.426765,iOS Bluetooth,219,0,0
1788429429.426765,iOS Bluetooth,219,0,0
1788429429.426765,iOS Bluetooth,219,0,0
1788429429.426765,iOS Bluetooth,219,0,0
1788429429.426765,iOS Bluetooth,220,1,0
1788429429.426765,iOS Bluetooth,220,0,0
1788429429.441592,iOS Bluetooth,237,21,63
1788429429.441592,iOS Bluetooth,221,59,0
1788429429.441592,iOS Bluetooth,221,0,0
1788429429.441592,iOS Bluetooth,238,87,64
1788429429.441592,iOS Bluetooth,238,0,0
1788429429.441592,iOS Bluetooth,238,0,66
1788429429.441592,iOS Bluetooth,238,7,64
1788429429.456583,iOS Bluetooth,223,71,0
1788429429.456583,iOS Bluetooth,223,0,0
1788429429.456583,iOS Bluetooth,229,30,65
1788429429.456583,iOS Bluetooth,213,0,0
1788429429.456583,iOS Bluetooth,213,0,0
1788429429.456583,iOS Bluetooth,213,0,0
1788429429.456583,iOS Bluetooth,213,0,0
1788429429.456583,iOS Bluetooth,213,0,0
1788429429.456583,iOS Bluetooth,215,44,0
1788429429.456583,iOS Bluetooth,215,0,0
1788429429.477423,iOS Bluetooth,232,32,63
1788429429.477423,iOS Bluetooth,216,2,0
1788429429.477423,iOS Bluetooth,216,0,0
1788429429.477423,iOS Bluetooth,216,0,0
1788429429.477423,iOS Bluetooth,216,0,0
1788429429.477423,iOS Bluetooth,216,0,0
1788429429.477423,iOS Bluetooth,216,0,0
1788429429.477423,iOS Bluetooth,216,0,0
1788429429.477423,iOS Bluetooth,216,0,0
1788429429.477423,iOS Bluetooth,218,49,0
1788429429.477423,iOS Bluetooth,218,0,0
1788429429.493688,iOS Bluetooth,235,125,63
1788429429.493688,iOS Bluetooth,219,45,0
1788429429.493688,iOS Bluetooth,219,0,0
1788429429.493688,iOS Bluetooth,219,0,0
1788429429.493688,iOS Bluetooth,219,0,0
1788429429.493688,iOS Bluetooth,219,0,0
1788429429.493688,iOS Bluetooth,219,0,0
1788429429.493688,iOS Bluetooth,219,0,0
1788429429.493688,iOS Bluetooth,219,0,0
1788429429.493688,iOS Bluetooth,237,37,63
1788429429.508572,iOS Bluetooth,221,72,0
1788429429.508572,iOS Bluetooth,221,0,0
1788429429.508572,iOS Bluetooth,238,105,64
1788429429.508572,iOS Bluetooth,238,0,0
1788429429.508572,iOS Bluetooth,238,0,0
1788429429.508572,iOS Bluetooth,238,0,0
1788429429.523745,iOS Bluetooth,223,84,0
1788429429.523745,iOS Bluetooth,223,0,0
1788429429.523745,iOS Bluetooth,229,23,65
1788429429.523745,iOS Bluetooth,213,1,0
1788429429.523745,iOS Bluetooth,213,0,0
1788429429.523745,iOS Bluetooth,231,94,62
1788429429.523745,iOS Bluetooth,215,39,0
1788429429.523745,iOS Bluetooth,215,0,0
1788429429.538479,iOS Bluetooth,232,51,63
1788429429.538479,iOS Bluetooth,216,0,0
1788429429.538479,iOS Bluetooth,216,0,0
1788429429.538479,iOS Bluetooth,233,115,64
1788429429.538479,iOS Bluetooth,234,19,65
1788429429.538479,iOS Bluetooth,218,53,0
1788429429.538479,iOS Bluetooth,218,0,0
1788429429.554673,iOS Bluetooth,235,106,63
1788429429.554673,iOS Bluetooth,219,37,0
1788429429.554673,iOS Bluetooth,219,0,0
1788429429.554673,iOS Bluetooth,236,93,62
1788429429.554673,iOS Bluetooth,220,6,0
1788429429.554673,iOS Bluetooth,220,0,0
1788429429.554673,iOS Bluetooth,237,56,63
1788429429.568927,iOS Bluetooth,221,87,0
1788429429.568927,iOS Bluetooth,221,0,0
1788429429.568927,iOS Bluetooth,238,121,64
1788429429.568927,iOS Bluetooth,222,35,0
1788429429.568927,iOS Bluetooth,222,0,0
1788429429.568927,iOS Bluetooth,239,93,63
1788429429.568927,iOS Bluetooth,223,94,0
1788429429.568927,iOS Bluetooth,223,0,0
1788429429.591761,iOS Bluetooth,229,13,65
1788429429.591761,iOS Bluetooth,213,3,0
1788429429.591761,iOS Bluetooth,213,0,0
1788429429.591761,iOS Bluetooth,231,92,62
1788429429.591761,iOS Bluetooth,215,33,0
1788429429.591761,iOS Bluetooth,215,0,0
1788429429.591761,iOS Bluetooth,215,0,0
1788429429.591761,iOS Bluetooth,215,0,0
1788429429.591761,iOS Bluetooth,215,0,0
1788429429.606735,iOS Bluetooth,233,2,65
1788429429.606735,iOS Bluetooth,217,47,0
1788429429.606735,iOS Bluetooth,217,0,0
1788429429.606735,iOS Bluetooth,176,118,10
1788429429.606735,iOS Bluetooth,234,8,65
1788429429.606735,iOS Bluetooth,218,57,0
1788429429.606735,iOS Bluetooth,218,0,0
1788429429.615581,iOS Bluetooth,219,29,0
1788429429.615581,iOS Bluetooth,219,0,0
1788429429.615581,iOS Bluetooth,236,91,62
1788429429.628788,iOS Bluetooth,220,10,0
1788429429.628788,iOS Bluetooth,220,0,0
1788429429.628788,iOS Bluetooth,237,77,63
1788429429.628788,iOS Bluetooth,237,0,0
1788429429.628788,iOS Bluetooth,237,0,122
1788429429.628788,iOS Bluetooth,237,7,65
1788429429.643622,iOS Bluetooth,222,25,0
1788429429.643622,iOS Bluetooth,222,0,0
1788429429.643622,iOS Bluetooth,239,71,63
1788429429.643622,iOS Bluetooth,229,1,65
1788429429.643622,iOS Bluetooth,229,0,0
1788429429.643622,iOS Bluetooth,229,0,10
1788429429.643622,iOS Bluetooth,229,29,0
1788429429.658773,iOS Bluetooth,232,95,63
1788429429.658773,iOS Bluetooth,216,2,0
1788429429.658773,iOS Bluetooth,216,0,0
1788429429.658773,iOS Bluetooth,216,0,0
1788429429.658773,iOS Bluetooth,216,0,0
1788429429.658773,iOS Bluetooth,216,0,0
1788429429.658773,iOS Bluetooth,216,0,0
1788429429.658773,iOS Bluetooth,216,0,0
1788429429.658773,iOS Bluetooth,216,0,0
1788429429.658773,iOS Bluetooth,234,124,64
1788429429.673664,iOS Bluetooth,218,61,0
1788429429.673664,iOS Bluetooth,218,0,0
1788429429.673664,iOS Bluetooth,235,64,63
1788429429.673664,iOS Bluetooth,235,0,0
1788429429.673664,iOS Bluetooth,235,0,0
1788429429.673664,iOS Bluetooth,235,0,0
1788429429.673664,iOS Bluetooth,220,14,0
1788429429.673664,iOS Bluetooth,220,0,0
1788429429.688809,iOS Bluetooth,237,98,63
1788429429.688809,iOS Bluetooth,221,110,0
1788429429.688809,iOS Bluetooth,221,0,0
1788429429.688809,iOS Bluetooth,221,0,0
1788429429.688809,iOS Bluetooth,221,0,0
1788429429.688809,iOS Bluetooth,221,0,0
1788429429.688809,iOS Bluetooth,221,0,0
1788429429.688809,iOS Bluetooth,221,0,0
1788429429.688809,iOS Bluetooth,221,0,0
1788429429.688809,iOS Bluetooth,239,53,63
1788429429.713059,iOS Bluetooth,223,83,0
1788429429.713059,iOS Bluetooth,223,0,0
1788429429.713059,iOS Bluetooth,229,115,64
1788429429.713059,iOS Bluetooth,229,0,0
1788429429.713059,iOS Bluetooth,229,0,0
1788429429.713059,iOS Bluetooth,229,0,0
1788429429.726905,iOS Bluetooth,215,24,0
1788429429.726905,iOS Bluetooth,215,0,0
1788429429.726905,iOS Bluetooth,232,119,63
1788429429.726905,iOS Bluetooth,216,4,0
1788429429.726905,iOS Bluetooth,216,0,0
1788429429.726905,iOS Bluetooth,233,24,65
1788429429.726905,iOS Bluetooth,234,109,64
1788429429.741989,iOS Bluetooth,218,65,0
1788429429.741989,iOS Bluetooth,218,0,0
1788429429.741989,iOS Bluetooth,235,44,63
1788429429.741989,iOS Bluetooth,219,13,0
1788429429.741989,iOS Bluetooth,219,0,0
1788429429.741989,iOS Bluetooth,236,96,62
1788429429.741989,iOS Bluetooth,220,19,0
1788429429.741989,iOS Bluetooth,220,0,0
1788429429.756720,iOS Bluetooth,237,120,63
1788429429.756720,iOS Bluetooth,221,109,0
1788429429.756720,iOS Bluetooth,221,0,0
1788429429.756720,iOS Bluetooth,238,27,65
1788429429.756720,iOS Bluetooth,222,13,0
1788429429.756720,iOS Bluetooth,222,0,0
1788429429.756720,iOS Bluetooth,239,34,63
1788429429.771905,iOS Bluetooth,223,74,0
1788429429.771905,iOS Bluetooth,223,0,0
1788429429.771905,iOS Bluetooth,229,98,64
1788429429.771905,iOS Bluetooth,213,22,0
1788429429.771905,iOS Bluetooth,213,0,0
1788429429.771905,iOS Bluetooth,231,100,62
1788429429.771905,iOS Bluetooth,215,20,0
1788429429.771905,iOS Bluetooth,215,0,0
1788429429.786851,iOS Bluetooth,216,3,0
1788429429.786851,iOS Bluetooth,216,0,0
1788429429.786851,iOS Bluetooth,233,31,65
1788429429.786851,iOS Bluetooth,217,49,0
1788429429.786851,iOS Bluetooth,217,0,0
1788429429.801848,iOS Bluetooth,218,71,0
1788429429.801848,iOS Bluetooth,218,0,0
1788429429.801848,iOS Bluetooth,235,25,63
1788429429.801848,iOS Bluetooth,215,0,0
1788429429.801848,iOS Bluetooth,215,0,0
1788429429.801848,iOS Bluetooth,135,69,64
1788429429.801848,iOS Bluetooth,225,0,64
1788429429.801848,iOS Bluetooth,145,69,96
1788429429.808671,iOS Bluetooth,219,5,0
1788429429.808671,iOS Bluetooth,219,0,0
1788429429.808671,iOS Bluetooth,236,103,62
1788429429.808671,iOS Bluetooth,236,0,0
1788429429.808671,iOS Bluetooth,236,0,50
1788429429.808671,iOS Bluetooth,236,14,64
1788429429.808671,iOS Bluetooth,221,106,0
1788429429.808671,iOS Bluetooth,221,0,0
1788429429.829831,iOS Bluetooth,238,33,65
1788429429.829831,iOS Bluetooth,222,8,0
1788429429.829831,iOS Bluetooth,222,0,0
1788429429.829831,iOS Bluetooth,222,0,0
1788429429.829831,iOS Bluetooth,222,0,0
1788429429.829831,iOS Bluetooth,222,0,0
1788429429.829831,iOS Bluetooth,223,66,0
1788429429.829831,iOS Bluetooth,223,0,0
1788429429.844636,iOS Bluetooth,225,109,62
1788429429.844636,iOS Bluetooth,209,15,0
1788429429.844636,iOS Bluetooth,209,0,0
1788429429.844636,iOS Bluetooth,229,77,64
1788429429.844636,iOS Bluetooth,229,0,0
1788429429.844636,iOS Bluetooth,229,0,82
1788429429.844636,iOS Bluetooth,229,103,62
1788429429.861708,iOS Bluetooth,232,26,64
1788429429.861708,iOS Bluetooth,216,20,0
1788429429.861708,iOS Bluetooth,216,0,0
1788429429.861708,iOS Bluetooth,233,35,65
1788429429.861708,iOS Bluetooth,233,0,0
1788429429.861708,iOS Bluetooth,233,0,98
1788429429.861708,iOS Bluetooth,233,79,0
1788429429.876684,iOS Bluetooth,235,7,63
1788429429.876684,iOS Bluetooth,219,1,0
1788429429.876684,iOS Bluetooth,219,0,0
1788429429.876684,iOS Bluetooth,219,0,0
1788429429.876684,iOS Bluetooth,219,0,0
1788429429.876684,iOS Bluetooth,219,0,0
1788429429.876684,iOS Bluetooth,219,0,0
1788429429.876684,iOS Bluetooth,219,0,0
1788429429.876684,iOS Bluetooth,219,0,0
1788429429.876684,iOS Bluetooth,237,36,64
1788429429.891480,iOS Bluetooth,221,101,0
1788429429.891480,iOS Bluetooth,221,0,0
1788429429.891480,iOS Bluetooth,238,36,65
1788429429.891480,iOS Bluetooth,238,0,0
1788429429.891480,iOS Bluetooth,238,0,0
1788429429.891480,iOS Bluetooth,238,0,0
1788429429.891480,iOS Bluetooth,223,59,0
1788429429.891480,iOS Bluetooth,223,0,0
1788429429.906603,iOS Bluetooth,225,120,62
1788429429.906603,iOS Bluetooth,209,11,0
1788429429.906603,iOS Bluetooth,209,0,0
1788429429.906603,iOS Bluetooth,209,0,0
1788429429.906603,iOS Bluetooth,209,0,0
1788429429.906603,iOS Bluetooth,209,0,0
1788429429.906603,iOS Bluetooth,209,0,0
1788429429.906603,iOS Bluetooth,209,0,0
1788429429.906603,iOS Bluetooth,209,0,0
1788429429.921808,iOS Bluetooth,232,50,64
1788429429.921808,iOS Bluetooth,216,33,0
1788429429.921808,iOS Bluetooth,216,0,0
1788429429.921808,iOS Bluetooth,233,37,65
1788429429.921808,iOS Bluetooth,234,48,64
1788429429.921808,iOS Bluetooth,218,82,0
1788429429.921808,iOS Bluetooth,218,0,0
1788429429.943594,iOS Bluetooth,235,121,62
1788429429.943594,iOS Bluetooth,219,0,0
1788429429.943594,iOS Bluetooth,219,0,0
1788429429.943594,iOS Bluetooth,236,125,62
1788429429.943594,iOS Bluetooth,220,43,0
1788429429.943594,iOS Bluetooth,220,0,0
1788429429.943594,iOS Bluetooth,237,57,64
1788429429.958580,iOS Bluetooth,221,88,0
1788429429.958580,iOS Bluetooth,221,0,0
1788429429.958580,iOS Bluetooth,222,2,0
1788429429.958580,iOS Bluetooth,222,0,0
1788429429.958580,iOS Bluetooth,239,115,62
1788429429.958580,iOS Bluetooth,223,53,0
1788429429.958580,iOS Bluetooth,223,0,0
1788429429.958580,iOS Bluetooth,225,4,63
1788429429.973692,iOS Bluetooth,209,7,0
1788429429.973692,iOS Bluetooth,209,0,0
1788429429.973692,iOS Bluetooth,229,33,64
1788429429.973692,iOS Bluetooth,213,59,0
1788429429.973692,iOS Bluetooth,213,0,0
1788429429.973692,iOS Bluetooth,232,70,64
1788429429.973692,iOS Bluetooth,216,44,0
1788429429.973692,iOS Bluetooth,216,0,0
1788429429.988569,iOS Bluetooth,233,35,65
1788429429.988569,iOS Bluetooth,234,29,64
1788429429.988569,iOS Bluetooth,218,68,0
1788429429.988569,iOS Bluetooth,218,0,0
1788429429.988569,iOS Bluetooth,235,111,62
1788429429.996707,iOS Bluetooth,220,52,0
1788429429.996707,iOS Bluetooth,220,0,0
1788429429.996707,iOS Bluetooth,237,75,64
1788429430.011688,iOS Bluetooth,221,72,0
1788429430.011688,iOS Bluetooth,221,0,0
1788429430.011688,iOS Bluetooth,238,34,65
1788429430.011688,iOS Bluetooth,238,0,0
1788429430.011688,iOS Bluetooth,238,0,122
1788429430.011688,iOS Bluetooth,238,106,62
1788429430.011688,iOS Bluetooth,223,48,0
1788429430.011688,iOS Bluetooth,223,0,0
1788429430.024901,iOS Bluetooth,225,19,63
1788429430.024901,iOS Bluetooth,209,4,0
1788429430.024901,iOS Bluetooth,209,0,0
1788429430.024901,iOS Bluetooth,209,0,0
1788429430.024901,iOS Bluetooth,209,0,0
1788429430.024901,iOS Bluetooth,209,0,0
1788429430.024901,iOS Bluetooth,213,67,0
1788429430.024901,iOS Bluetooth,213,0,0
1788429430.041905,iOS Bluetooth,232,89,64
1788429430.041905,iOS Bluetooth,216,46,0
1788429430.041905,iOS Bluetooth,216,0,0
1788429430.041905,iOS Bluetooth,233,31,65
1788429430.041905,iOS Bluetooth,233,0,0
1788429430.041905,iOS Bluetooth,233,0,26
1788429430.041905,iOS Bluetooth,233,7,64
1788429430.058444,iOS Bluetooth,218,52,0
1788429430.058444,iOS Bluetooth,218,0,0
1788429430.058444,iOS Bluetooth,235,102,62
1788429430.058444,iOS Bluetooth,219,2,0
1788429430.058444,iOS Bluetooth,219,0,0
1788429430.058444,iOS Bluetooth,219,0,0
1788429430.058444,iOS Bluetooth,219,0,0
1788429430.058444,iOS Bluetooth,219,0,0
1788429430.058444,iOS Bluetooth,220,64,0
1788429430.058444,iOS Bluetooth,220,0,0
1788429430.078592,iOS Bluetooth,237,96,64
1788429430.078592,iOS Bluetooth,221,55,0
1788429430.078592,iOS Bluetooth,221,0,0
1788429430.078592,iOS Bluetooth,221,0,0
1788429430.078592,iOS Bluetooth,221,0,0
1788429430.078592,iOS Bluetooth,221,0,0
1788429430.078592,iOS Bluetooth,221,0,0
1788429430.078592,iOS Bluetooth,221,0,0
1788429430.078592,iOS Bluetooth,221,0,0
1788429430.078592,iOS Bluetooth,223,42,0
1788429430.078592,iOS Bluetooth,223,0,0
1788429430.094401,iOS Bluetooth,225,37,63
1788429430.094401,iOS Bluetooth,209,1,0
1788429430.094401,iOS Bluetooth,209,0,0
1788429430.094401,iOS Bluetooth,209,0,0
1788429430.094401,iOS Bluetooth,209,0,0
1788429430.094401,iOS Bluetooth,209,0,0
1788429430.094401,iOS Bluetooth,209,0,0
1788429430.094401,iOS Bluetooth,209,0,0
1788429430.094401,iOS Bluetooth,209,0,0
1788429430.110551,iOS Bluetooth,232,107,64
1788429430.110551,iOS Bluetooth,233,24,65
1788429430.110551,iOS Bluetooth,234,118,63
1788429430.110551,iOS Bluetooth,234,0,0
1788429430.110551,iOS Bluetooth,234,0,0
1788429430.110551,iOS Bluetooth,234,0,0
1788429430.125537,iOS Bluetooth,219,4,0
1788429430.125537,iOS Bluetooth,219,0,0
1788429430.125537,iOS Bluetooth,236,44,63
1788429430.125537,iOS Bluetooth,220,76,0
1788429430.125537,iOS Bluetooth,220,0,0
1788429430.125537,iOS Bluetooth,237,111,64
1788429430.125537,iOS Bluetooth,221,43,0
1788429430.125537,iOS Bluetooth,221,0,0
1788429430.140548,iOS Bluetooth,238,20,65
1788429430.140548,iOS Bluetooth,222,1,0
1788429430.140548,iOS Bluetooth,222,0,0
1788429430.140548,iOS Bluetooth,239,93,62
1788429430.140548,iOS Bluetooth,223,37,0
1788429430.140548,iOS Bluetooth,223,0,0
1788429430.140548,iOS Bluetooth,225,54,63
1788429430.155476,iOS Bluetooth,209,0,0
1788429430.155476,iOS Bluetooth,209,0,0
1788429430.155476,iOS Bluetooth,229,101,63
1788429430.155476,iOS Bluetooth,213,91,0
1788429430.155476,iOS Bluetooth,213,0,0
1788429430.155476,iOS Bluetooth,232,121,64
1788429430.155476,iOS Bluetooth,216,47,0
1788429430.155476,iOS Bluetooth,216,0,0
1788429430.170646,iOS Bluetooth,233,14,65
1788429430.170646,iOS Bluetooth,234,98,63
1788429430.170646,iOS Bluetooth,218,34,0
1788429430.170646,iOS Bluetooth,218,0,0
1788429430.170646,iOS Bluetooth,235,92,62
1788429430.170646,iOS Bluetooth,219,7,0
1788429430.170646,iOS Bluetooth,219,0,0
1788429430.191811,iOS Bluetooth,236,64,63
1788429430.191811,iOS Bluetooth,220,91,0
1788429430.191811,iOS Bluetooth,220,0,0
1788429430.191811,iOS Bluetooth,237,126,64
1788429430.191811,iOS Bluetooth,221,32,0
1788429430.191811,iOS Bluetooth,221,0,0
1788429430.191811,iOS Bluetooth,221,0,0
1788429430.191811,iOS Bluetooth,221,0,0
1788429430.191811,iOS Bluetooth,221,0,0
1788429430.206697,iOS Bluetooth,222,3,0
1788429430.206697,iOS Bluetooth,222,0,0
1788429430.206697,iOS Bluetooth,239,92,62
1788429430.206697,iOS Bluetooth,223,32,0
1788429430.206697,iOS Bluetooth,223,0,0
1788429430.206697,iOS Bluetooth,225,77,63
1788429430.213571,iOS Bluetooth,229,79,63
1788429430.213571,iOS Bluetooth,213,99,0
1788429430.213571,iOS Bluetooth,213,0,0
1788429430.228499,iOS Bluetooth,232,7,65
1788429430.228499,iOS Bluetooth,233,3,65
1788429430.228499,iOS Bluetooth,233,0,0
1788429430.228499,iOS Bluetooth,233,0,82
1788429430.228499,iOS Bluetooth,233,76,63
1788429430.257261,iOS Bluetooth,218,26,0
1788429430.257261,iOS Bluetooth,218,0,0
1788429430.257261,iOS Bluetooth,235,91,62
1788429430.257261,iOS Bluetooth,219,11,0
1788429430.257261,iOS Bluetooth,219,0,0
1788429430.257261,iOS Bluetooth,219,0,0
1788429430.257261,iOS Bluetooth,219,0,0
1788429430.257261,iOS Bluetooth,219,0,0
1788429430.257261,iOS Bluetooth,220,107,0
1788429430.257261,iOS Bluetooth,220,0,0
1788429430.258511,iOS Bluetooth,237,11,65
1788429430.258511,iOS Bluetooth,221,23,0
1788429430.258511,iOS Bluetooth,221,0,0
1788429430.258511,iOS Bluetooth,238,126,64
1788429430.258511,iOS Bluetooth,238,0,0
1788429430.258511,iOS Bluetooth,238,0,114
1788429430.258511,iOS Bluetooth,238,28,0
1788429430.273446,iOS Bluetooth,225,101,63
1788429430.273446,iOS Bluetooth,209,3,0
1788429430.273446,iOS Bluetooth,209,0,0
1788429430.273446,iOS Bluetooth,209,0,0
1788429430.273446,iOS Bluetooth,209,0,0
1788429430.273446,iOS Bluetooth,209,0,0
1788429430.273446,iOS Bluetooth,209,0,0
1788429430.273446,iOS Bluetooth,209,0,0
1788429430.273446,iOS Bluetooth,209,0,0
1788429430.273446,iOS Bluetooth,232,17,65
1788429430.288633,iOS Bluetooth,216,48,0
1788429430.288633,iOS Bluetooth,216,0,0
1788429430.288633,iOS Bluetooth,233,117,64
1788429430.288633,iOS Bluetooth,233,0,0
1788429430.288633,iOS Bluetooth,233,0,0
1788429430.288633,iOS Bluetooth,233,0,0
1788429430.288633,iOS Bluetooth,218,19,0
1788429430.288633,iOS Bluetooth,218,0,0
1788429430.303775,iOS Bluetooth,235,94,62
1788429430.303775,iOS Bluetooth,219,16,0
1788429430.303775,iOS Bluetooth,219,0,0
1788429430.303775,iOS Bluetooth,236,106,63
1788429430.303775,iOS Bluetooth,220,110,0
1788429430.303775,iOS Bluetooth,220,0,0
1788429430.326902,iOS Bluetooth,237,22,65
1788429430.326902,iOS Bluetooth,221,16,0
1788429430.326902,iOS Bluetooth,221,0,0
1788429430.326902,iOS Bluetooth,238,111,64
1788429430.326902,iOS Bluetooth,222,15,0
1788429430.326902,iOS Bluetooth,222,0,0
1788429430.326902,iOS Bluetooth,239,96,62
1788429430.341879,iOS Bluetooth,223,23,0
1788429430.341879,iOS Bluetooth,223,0,0
1788429430.341879,iOS Bluetooth,225,124,63
1788429430.341879,iOS Bluetooth,229,41,63
1788429430.341879,iOS Bluetooth,213,77,0
1788429430.341879,iOS Bluetooth,213,0,0
1788429430.341879,iOS Bluetooth,232,26,65
1788429430.356725,iOS Bluetooth,233,100,64
1788429430.356725,iOS Bluetooth,234,36,63
1788429430.356725,iOS Bluetooth,218,9,0
1788429430.356725,iOS Bluetooth,218,0,0
1788429430.356725,iOS Bluetooth,235,98,62
1788429430.356725,iOS Bluetooth,219,21,0
1788429430.356725,iOS Bluetooth,219,0,0
1788429430.371622,iOS Bluetooth,236,126,63
1788429430.371622,iOS Bluetooth,220,108,0
1788429430.371622,iOS Bluetooth,220,0,0
1788429430.371622,iOS Bluetooth,237,29,65
1788429430.371622,iOS Bluetooth,221,11,0
1788429430.371622,iOS Bluetooth,221,0,0
1788429430.371622,iOS Bluetooth,238,96,64
1788429430.384572,iOS Bluetooth,222,24,0
1788429430.384572,iOS Bluetooth,222,0,0
1788429430.384572,iOS Bluetooth,239,101,62
1788429430.384572,iOS Bluetooth,223,19,0
1788429430.384572,iOS Bluetooth,223,0,0
1788429430.384572,iOS Bluetooth,225,3,64
1788429430.384572,iOS Bluetooth,225,0,0
1788429430.401838,iOS Bluetooth,229,23,63
1788429430.401838,iOS Bluetooth,213,69,0
1788429430.401838,iOS Bluetooth,213,0,0
1788429430.401838,iOS Bluetooth,216,0,0
1788429430.401838,iOS Bluetooth,216,0,0
1788429430.401838,iOS Bluetooth,136,72,64
1788429430.401838,iOS Bluetooth,226,0,64
1788429430.401838,iOS Bluetooth,146,72,96
1788429430.401838,iOS Bluetooth,232,32,65
1788429430.401838,iOS Bluetooth,233,84,64
1788429430.416729,iOS Bluetooth,218,4,0
1788429430.416729,iOS Bluetooth,218,0,0
1788429430.416729,iOS Bluetooth,235,104,62
1788429430.431697,iOS Bluetooth,219,28,0
1788429430.431697,iOS Bluetooth,219,0,0
1788429430.431697,iOS Bluetooth,236,17,64
1788429430.431697,iOS Bluetooth,236,0,0
1788429430.431697,iOS Bluetooth,236,0,26
1788429430.431697,iOS Bluetooth,236,34,65
1788429430.446732,iOS Bluetooth,221,7,0
1788429430.446732,iOS Bluetooth,221,0,0
1788429430.446732,iOS Bluetooth,238,77,64
1788429430.446732,iOS Bluetooth,222,37,0
1788429430.446732,iOS Bluetooth,222,0,0
1788429430.446732,iOS Bluetooth,222,0,0
1788429430.446732,iOS Bluetooth,222,0,0
1788429430.446732,iOS Bluetooth,222,0,0
1788429430.446732,iOS Bluetooth,223,15,0
1788429430.446732,iOS Bluetooth,223,0,0
1788429430.461852,iOS Bluetooth,225,26,64
1788429430.461852,iOS Bluetooth,209,20,0
1788429430.461852,iOS Bluetooth,209,0,0
1788429430.461852,iOS Bluetooth,226,35,65
1788429430.461852,iOS Bluetooth,226,0,0
1788429430.461852,iOS Bluetooth,226,0,58
1788429430.461852,iOS Bluetooth,226,7,63
1788429430.476697,iOS Bluetooth,213,61,0
1788429430.476697,iOS Bluetooth,213,0,0
1788429430.476697,iOS Bluetooth,233,63,64
1788429430.476697,iOS Bluetooth,233,0,0
1788429430.476697,iOS Bluetooth,233,0,0
1788429430.476697,iOS Bluetooth,233,0,0
1788429430.476697,iOS Bluetooth,218,1,0
1788429430.476697,iOS Bluetooth,218,0,0
1788429430.491634,iOS Bluetooth,235,115,62
1788429430.491634,iOS Bluetooth,219,35,0
1788429430.491634,iOS Bluetooth,219,0,0
1788429430.491634,iOS Bluetooth,219,0,0
1788429430.491634,iOS Bluetooth,219,0,0
1788429430.491634,iOS Bluetooth,219,0,0
1788429430.491634,iOS Bluetooth,219,0,0
1788429430.491634,iOS Bluetooth,219,0,0
1788429430.491634,iOS Bluetooth,219,0,0
1788429430.491634,iOS Bluetooth,237,36,65
1788429430.505210,iOS Bluetooth,221,3,0
1788429430.505210,iOS Bluetooth,221,0,0
1788429430.505210,iOS Bluetooth,238,55,64
1788429430.505210,iOS Bluetooth,238,0,0
1788429430.505210,iOS Bluetooth,238,0,0
1788429430.505210,iOS Bluetooth,238,0,0
1788429430.521510,iOS Bluetooth,223,10,0
1788429430.521510,iOS Bluetooth,223,0,0
1788429430.521510,iOS Bluetooth,225,50,64
1788429430.521510,iOS Bluetooth,209,33,0
1788429430.521510,iOS Bluetooth,209,0,0
1788429430.521510,iOS Bluetooth,226,37,65
1788429430.521510,iOS Bluetooth,229,121,62
1788429430.536649,iOS Bluetooth,213,55,0
1788429430.536649,iOS Bluetooth,213,0,0
1788429430.536649,iOS Bluetooth,233,40,64
1788429430.536649,iOS Bluetooth,217,28,0
1788429430.536649,iOS Bluetooth,217,0,0
1788429430.536649,iOS Bluetooth,234,118,62
1788429430.536649,iOS Bluetooth,218,0,0
1788429430.536649,iOS Bluetooth,218,0,0
1788429430.558502,iOS Bluetooth,235,0,63
1788429430.558502,iOS Bluetooth,219,44,0
1788429430.558502,iOS Bluetooth,219,0,0
1788429430.558502,iOS Bluetooth,236,62,64
1788429430.558502,iOS Bluetooth,220,86,0
1788429430.558502,iOS Bluetooth,220,0,0
1788429430.558502,iOS Bluetooth,221,1,0
1788429430.558502,iOS Bluetooth,221,0,0
1788429430.573631,iOS Bluetooth,238,33,64
1788429430.573631,iOS Bluetooth,222,58,0
1788429430.573631,iOS Bluetooth,222,0,0
1788429430.573631,iOS Bluetooth,239,8,63
1788429430.573631,iOS Bluetooth,223,7,0
1788429430.573631,iOS Bluetooth,223,0,0
1788429430.573631,iOS Bluetooth,225,70,64
1788429430.588447,iOS Bluetooth,209,46,0
1788429430.588447,iOS Bluetooth,209,0,0
1788429430.588447,iOS Bluetooth,226,35,65
1788429430.588447,iOS Bluetooth,229,110,62
1788429430.588447,iOS Bluetooth,213,50,0
1788429430.588447,iOS Bluetooth,213,0,0
1788429430.588447,iOS Bluetooth,213,0,0
1788429430.588447,iOS Bluetooth,213,0,0
1788429430.588447,iOS Bluetooth,213,0,0
1788429430.603586,iOS Bluetooth,217,15,0
1788429430.603586,iOS Bluetooth,217,0,0
1788429430.603586,iOS Bluetooth,234,108,62
1788429430.603586,iOS Bluetooth,176,118,11
1788429430.603586,iOS Bluetooth,235,13,63
1788429430.603586,iOS Bluetooth,219,53,0
1788429430.603586,iOS Bluetooth,219,0,0
1788429430.618650,iOS Bluetooth,220,70,0
1788429430.618650,iOS Bluetooth,220,0,0
1788429430.618650,iOS Bluetooth,237,34,65
1788429430.626761,iOS Bluetooth,221,0,0
1788429430.626761,iOS Bluetooth,221,0,0
1788429430.626761,iOS Bluetooth,238,15,64
1788429430.626761,iOS Bluetooth,238,0,0
1788429430.626761,iOS Bluetooth,238,0,98
1788429430.626761,iOS Bluetooth,238,22,63
1788429430.641945,iOS Bluetooth,223,3,0
1788429430.641945,iOS Bluetooth,223,0,0
1788429430.641945,iOS Bluetooth,225,89,64
1788429430.641945,iOS Bluetooth,226,31,65
1788429430.641945,iOS Bluetooth,226,0,0
1788429430.641945,iOS Bluetooth,226,0,114
1788429430.641945,iOS Bluetooth,226,102,62
1788429430.656870,iOS Bluetooth,213,44,0
1788429430.656870,iOS Bluetooth,213,0,0
1788429430.656870,iOS Bluetooth,233,0,64
1788429430.656870,iOS Bluetooth,217,0,0
1788429430.656870,iOS Bluetooth,217,0,0
1788429430.656870,iOS Bluetooth,217,0,0
1788429430.656870,iOS Bluetooth,217,0,0
1788429430.656870,iOS Bluetooth,217,0,0
1788429430.656870,iOS Bluetooth,218,2,0
1788429430.656870,iOS Bluetooth,218,0,0
1788429430.678595,iOS Bluetooth,235,30,63
1788429430.678595,iOS Bluetooth,219,65,0
1788429430.678595,iOS Bluetooth,219,0,0
1788429430.678595,iOS Bluetooth,219,0,0
1788429430.678595,iOS Bluetooth,219,0,0
1788429430.678595,iOS Bluetooth,219,0,0
1788429430.678595,iOS Bluetooth,219,0,0
1788429430.678595,iOS Bluetooth,219,0,0
1788429430.678595,iOS Bluetooth,219,0,0
1788429430.678595,iOS Bluetooth,237,28,65
1788429430.693599,iOS Bluetooth,238,123,63
1788429430.693599,iOS Bluetooth,222,77,0
1788429430.693599,iOS Bluetooth,222,0,0
1788429430.693599,iOS Bluetooth,222,0,0
1788429430.693599,iOS Bluetooth,222,0,0
1788429430.693599,iOS Bluetooth,222,0,0
1788429430.693599,iOS Bluetooth,222,0,0
1788429430.693599,iOS Bluetooth,222,0,0
1788429430.693599,iOS Bluetooth,222,0,0
1788429430.693599,iOS Bluetooth,225,105,64
1788429430.708583,iOS Bluetooth,226,24,65
1788429430.708583,iOS Bluetooth,229,96,62
1788429430.708583,iOS Bluetooth,229,0,0
1788429430.708583,iOS Bluetooth,229,0,0
1788429430.708583,iOS Bluetooth,229,0,0
1788429430.723673,iOS Bluetooth,217,4,0
1788429430.723673,iOS Bluetooth,217,0,0
1788429430.723673,iOS Bluetooth,234,95,62
1788429430.723673,iOS Bluetooth,218,4,0
1788429430.723673,iOS Bluetooth,218,0,0
1788429430.723673,iOS Bluetooth,235,46,63
1788429430.723673,iOS Bluetooth,219,77,0
1788429430.723673,iOS Bluetooth,219,0,0
1788429430.738612,iOS Bluetooth,236,113,64
1788429430.738612,iOS Bluetooth,220,42,0
1788429430.738612,iOS Bluetooth,220,0,0
1788429430.738612,iOS Bluetooth,237,20,65
1788429430.738612,iOS Bluetooth,221,1,0
1788429430.738612,iOS Bluetooth,221,0,0
1788429430.738612,iOS Bluetooth,238,104,63
1788429430.753598,iOS Bluetooth,222,90,0
1788429430.753598,iOS Bluetooth,222,0,0
1788429430.753598,iOS Bluetooth,239,57,63
1788429430.753598,iOS Bluetooth,223,0,0
1788429430.753598,iOS Bluetooth,223,0,0
1788429430.753598,iOS Bluetooth,225,121,64
1788429430.753598,iOS Bluetooth,209,47,0
1788429430.753598,iOS Bluetooth,209,0,0
1788429430.768673,iOS Bluetooth,226,14,65
1788429430.768673,iOS Bluetooth,229,92,62
1788429430.768673,iOS Bluetooth,213,35,0
1788429430.768673,iOS Bluetooth,213,0,0
1788429430.768673,iOS Bluetooth,233,94,63
1788429430.768673,iOS Bluetooth,217,2,0
1788429430.768673,iOS Bluetooth,217,0,0
1788429430.783671,iOS Bluetooth,234,92,62
1788429430.783671,iOS Bluetooth,218,8,0
1788429430.783671,iOS Bluetooth,218,0,0
1788429430.783671,iOS Bluetooth,235,69,63
1788429430.783671,iOS Bluetooth,219,93,0
1788429430.783671,iOS Bluetooth,219,0,0
1788429430.783671,iOS Bluetooth,219,0,0
1788429430.783671,iOS Bluetooth,219,0,0
1788429430.783671,iOS Bluetooth,219,0,0
1788429430.806570,iOS Bluetooth,220,31,0
1788429430.806570,iOS Bluetooth,220,0,0
1788429430.806570,iOS Bluetooth,237,10,65
1788429430.806570,iOS Bluetooth,221,4,0
1788429430.806570,iOS Bluetooth,221,0,0
1788429430.806570,iOS Bluetooth,238,81,63
1788429430.813466,iOS Bluetooth,239,80,63
1788429430.813466,iOS Bluetooth,223,1,0
1788429430.813466,iOS Bluetooth,223,0,0
1788429430.828739,iOS Bluetooth,225,7,65
1788429430.828739,iOS Bluetooth,226,3,65
1788429430.828739,iOS Bluetooth,226,0,0
1788429430.828739,iOS Bluetooth,226,0,42
1788429430.828739,iOS Bluetooth,226,91,62
1788429430.843757,iOS Bluetooth,213,30,0
1788429430.843757,iOS Bluetooth,213,0,0
1788429430.843757,iOS Bluetooth,233,70,63
1788429430.843757,iOS Bluetooth,217,0,0
1788429430.843757,iOS Bluetooth,217,0,0
1788429430.843757,iOS Bluetooth,217,0,0
1788429430.843757,iOS Bluetooth,217,0,0
1788429430.843757,iOS Bluetooth,217,0,0
1788429430.843757,iOS Bluetooth,235,85,63
1788429430.858545,iOS Bluetooth,219,109,0
1788429430.858545,iOS Bluetooth,219,0,0
1788429430.858545,iOS Bluetooth,236,11,65
1788429430.858545,iOS Bluetooth,236,0,0
1788429430.858545,iOS Bluetooth,236,0,0
1788429430.858545,iOS Bluetooth,236,0,0
1788429430.858545,iOS Bluetooth,221,8,0
1788429430.858545,iOS Bluetooth,221,0,0
1788429430.873533,iOS Bluetooth,238,61,63
1788429430.873533,iOS Bluetooth,222,88,0
1788429430.873533,iOS Bluetooth,222,0,0
1788429430.873533,iOS Bluetooth,222,0,0
1788429430.873533,iOS Bluetooth,222,0,0
1788429430.873533,iOS Bluetooth,222,0,0
1788429430.873533,iOS Bluetooth,222,0,0
1788429430.873533,iOS Bluetooth,222,0,0
1788429430.873533,iOS Bluetooth,222,0,0
1788429430.873533,iOS Bluetooth,225,17,65
1788429430.888472,iOS Bluetooth,209,48,0
1788429430.888472,iOS Bluetooth,209,0,0
1788429430.888472,iOS Bluetooth,226,117,64
1788429430.888472,iOS Bluetooth,226,0,0
1788429430.888472,iOS Bluetooth,226,0,0
1788429430.888472,iOS Bluetooth,226,0,0
1788429430.888472,iOS Bluetooth,213,25,0
1788429430.888472,iOS Bluetooth,213,0,0
1788429430.911629,iOS Bluetooth,233,48,63
1788429430.911629,iOS Bluetooth,234,94,62
1788429430.911629,iOS Bluetooth,234,0,0
1788429430.911629,iOS Bluetooth,234,0,0
1788429430.911629,iOS Bluetooth,234,0,0
1788429430.926799,iOS Bluetooth,219,110,0
1788429430.926799,iOS Bluetooth,219,0,0
1788429430.926799,iOS Bluetooth,236,22,65
1788429430.926799,iOS Bluetooth,220,16,0
1788429430.926799,iOS Bluetooth,220,0,0
1788429430.926799,iOS Bluetooth,237,109,64
1788429430.926799,iOS Bluetooth,221,15,0
1788429430.926799,iOS Bluetooth,221,0,0
1788429430.941779,iOS Bluetooth,238,41,63
1788429430.941779,iOS Bluetooth,222,78,0
1788429430.941779,iOS Bluetooth,222,0,0
1788429430.941779,iOS Bluetooth,239,124,63
1788429430.941779,iOS Bluetooth,223,2,0
1788429430.941779,iOS Bluetooth,223,0,0
1788429430.941779,iOS Bluetooth,225,26,65
1788429430.956742,iOS Bluetooth,226,100,64
1788429430.956742,iOS Bluetooth,229,98,62
1788429430.956742,iOS Bluetooth,213,21,0
1788429430.956742,iOS Bluetooth,213,0,0
1788429430.956742,iOS Bluetooth,233,32,63
1788429430.956742,iOS Bluetooth,217,2,0
1788429430.956742,iOS Bluetooth,217,0,0
1788429430.971694,iOS Bluetooth,234,99,62
1788429430.971694,iOS Bluetooth,218,22,0
1788429430.971694,iOS Bluetooth,218,0,0
1788429430.971694,iOS Bluetooth,235,0,64
1788429430.971694,iOS Bluetooth,219,108,0
1788429430.971694,iOS Bluetooth,219,0,0
1788429430.971694,iOS Bluetooth,236,29,65
1788429430.986793,iOS Bluetooth,220,11,0
1788429430.986793,iOS Bluetooth,220,0,0
1788429430.986793,iOS Bluetooth,237,93,64
1788429430.986793,iOS Bluetooth,221,26,0
1788429430.986793,iOS Bluetooth,221,0,0
1788429430.986793,iOS Bluetooth,238,25,63
1788429430.986793,iOS Bluetooth,238,0,0
1788429431.001745,iOS Bluetooth,239,6,64
1788429431.001745,iOS Bluetooth,223,8,0
1788429431.001745,iOS Bluetooth,223,0,0
1788429431.001745,iOS Bluetooth,217,0,0
1788429431.001745,iOS Bluetooth,217,0,0
1788429431.001745,iOS Bluetooth,137,75,64
1788429431.001745,iOS Bluetooth,227,0,64
1788429431.001745,iOS Bluetooth,147,75,96
1788429431.001745,iOS Bluetooth,225,32,65
1788429431.001745,iOS Bluetooth,209,49,0
1788429431.001745,iOS Bluetooth,209,0,0
1788429431.017183,iOS Bluetooth,227,17,63
1788429431.017183,iOS Bluetooth,211,5,0
1788429431.017183,iOS Bluetooth,211,0,0
1788429431.032048,iOS Bluetooth,229,106,62
1788429431.032048,iOS Bluetooth,213,16,0
1788429431.032048,iOS Bluetooth,213,0,0
1788429431.032048,iOS Bluetooth,213,0,0
1788429431.032048,iOS Bluetooth,213,0,0
1788429431.032048,iOS Bluetooth,213,0,0
1788429431.032048,iOS Bluetooth,234,108,62
1788429431.045458,iOS Bluetooth,218,29,0
1788429431.045458,iOS Bluetooth,218,0,0
1788429431.045458,iOS Bluetooth,235,22,64
1788429431.045458,iOS Bluetooth,219,104,0
1788429431.045458,iOS Bluetooth,219,0,0
1788429431.045458,iOS Bluetooth,219,0,0
1788429431.045458,iOS Bluetooth,219,0,0
1788429431.045458,iOS Bluetooth,219,0,0
1788429431.045458,iOS Bluetooth,220,6,0
1788429431.045458,iOS Bluetooth,220,0,0
1788429431.061566,iOS Bluetooth,237,72,64
1788429431.061566,iOS Bluetooth,221,41,0
1788429431.061566,iOS Bluetooth,221,0,0
1788429431.061566,iOS Bluetooth,221,0,0
1788429431.061566,iOS Bluetooth,221,0,0
1788429431.061566,iOS Bluetooth,221,0,0
1788429431.061566,iOS Bluetooth,221,0,0
1788429431.061566,iOS Bluetooth,221,0,0
1788429431.061566,iOS Bluetooth,221,0,0
1788429431.061566,iOS Bluetooth,239,29,64
1788429431.076566,iOS Bluetooth,223,23,0
1788429431.076566,iOS Bluetooth,223,0,0
1788429431.076566,iOS Bluetooth,225,36,65
1788429431.076566,iOS Bluetooth,225,0,0
1788429431.076566,iOS Bluetooth,225,0,0
1788429431.076566,iOS Bluetooth,225,0,0
1788429431.076566,iOS Bluetooth,227,2,63
1788429431.091702,iOS Bluetooth,211,9,0
1788429431.091702,iOS Bluetooth,211,0,0
1788429431.091702,iOS Bluetooth,229,117,62
1788429431.091702,iOS Bluetooth,229,0,0
1788429431.091702,iOS Bluetooth,229,0,0
1788429431.091702,iOS Bluetooth,229,0,0
1788429431.091702,iOS Bluetooth,218,36,0
1788429431.091702,iOS Bluetooth,218,0,0
1788429431.106888,iOS Bluetooth,235,44,64
1788429431.106888,iOS Bluetooth,219,99,0
1788429431.106888,iOS Bluetooth,219,0,0
1788429431.106888,iOS Bluetooth,236,37,65
1788429431.106888,iOS Bluetooth,220,3,0
1788429431.106888,iOS Bluetooth,220,0,0
1788429431.121822,iOS Bluetooth,237,50,64
1788429431.121822,iOS Bluetooth,221,51,0
1788429431.121822,iOS Bluetooth,221,0,0
1788429431.121822,iOS Bluetooth,238,123,62
1788429431.121822,iOS Bluetooth,222,56,0
1788429431.121822,iOS Bluetooth,222,0,0
1788429431.121822,iOS Bluetooth,239,53,64
1788429431.143659,iOS Bluetooth,223,36,0
1788429431.143659,iOS Bluetooth,223,0,0
1788429431.143659,iOS Bluetooth,226,40,64
1788429431.143659,iOS Bluetooth,210,28,0
1788429431.143659,iOS Bluetooth,210,0,0
1788429431.143659,iOS Bluetooth,227,117,62
1788429431.143659,iOS Bluetooth,211,12,0
1788429431.143659,iOS Bluetooth,211,0,0
1788429431.158755,iOS Bluetooth,229,2,63
1788429431.158755,iOS Bluetooth,213,8,0
1788429431.158755,iOS Bluetooth,213,0,0
1788429431.158755,iOS Bluetooth,234,4,63
1788429431.158755,iOS Bluetooth,218,46,0
1788429431.158755,iOS Bluetooth,218,0,0
1788429431.158755,iOS Bluetooth,235,62,64
1788429431.173771,iOS Bluetooth,219,84,0
1788429431.173771,iOS Bluetooth,219,0,0
1788429431.173771,iOS Bluetooth,236,36,65
1788429431.173771,iOS Bluetooth,220,1,0
1788429431.173771,iOS Bluetooth,220,0,0
1788429431.173771,iOS Bluetooth,237,31,64
1788429431.173771,iOS Bluetooth,221,59,0
1788429431.173771,iOS Bluetooth,221,0,0
1788429431.188719,iOS Bluetooth,238,111,62
1788429431.188719,iOS Bluetooth,222,51,0
1788429431.188719,iOS Bluetooth,222,0,0
1788429431.188719,iOS Bluetooth,239,75,64
1788429431.188719,iOS Bluetooth,223,46,0
1788429431.188719,iOS Bluetooth,223,0,0
1788429431.188719,iOS Bluetooth,223,0,0
1788429431.188719,iOS Bluetooth,223,0,0
1788429431.188719,iOS Bluetooth,223,0,0
1788429431.203613,iOS Bluetooth,226,16,64
1788429431.203613,iOS Bluetooth,210,15,0
1788429431.203613,iOS Bluetooth,210,0,0
1788429431.203613,iOS Bluetooth,227,106,62
1788429431.203613,iOS Bluetooth,211,16,0
1788429431.203613,iOS Bluetooth,211,0,0
1788429431.218593,iOS Bluetooth,213,5,0
1788429431.218593,iOS Bluetooth,213,0,0
1788429431.218593,iOS Bluetooth,234,17,63
1788429431.226864,iOS Bluetooth,218,56,0
1788429431.226864,iOS Bluetooth,218,0,0
1788429431.226864,iOS Bluetooth,235,82,64
1788429431.226864,iOS Bluetooth,235,0,0
1788429431.226864,iOS Bluetooth,235,0,58
1788429431.226864,iOS Bluetooth,235,32,65
1788429431.240581,iOS Bluetooth,220,0,0
1788429431.240581,iOS Bluetooth,220,0,0
1788429431.240581,iOS Bluetooth,237,10,64
1788429431.240581,iOS Bluetooth,221,69,0
1788429431.240581,iOS Bluetooth,221,0,0
1788429431.240581,iOS Bluetooth,221,0,0
1788429431.240581,iOS Bluetooth,221,0,0
1788429431.240581,iOS Bluetooth,221,0,0
1788429431.240581,iOS Bluetooth,222,45,0
1788429431.240581,iOS Bluetooth,222,0,0
1788429431.257240,iOS Bluetooth,239,94,64
1788429431.257240,iOS Bluetooth,225,29,65
1788429431.257240,iOS Bluetooth,209,48,0
1788429431.257240,iOS Bluetooth,209,0,0
1788429431.257240,iOS Bluetooth,209,0,0
1788429431.257240,iOS Bluetooth,209,0,0
1788429431.257240,iOS Bluetooth,209,0,0
1788429431.257240,iOS Bluetooth,210,0,0
1788429431.257240,iOS Bluetooth,210,0,0
1788429431.278550,iOS Bluetooth,227,98,62
1788429431.278550,iOS Bluetooth,211,21,0
1788429431.278550,iOS Bluetooth,211,0,0
1788429431.278550,iOS Bluetooth,211,0,0
1788429431.278550,iOS Bluetooth,211,0,0
1788429431.278550,iOS Bluetooth,211,0,0
1788429431.278550,iOS Bluetooth,211,0,0
1788429431.278550,iOS Bluetooth,211,0,0
1788429431.278550,iOS Bluetooth,211,0,0
1788429431.278550,iOS Bluetooth,234,35,63
1788429431.301797,iOS Bluetooth,218,69,0
1788429431.301797,iOS Bluetooth,218,0,0
1788429431.301797,iOS Bluetooth,235,101,64
1788429431.301797,iOS Bluetooth,235,0,0
1788429431.301797,iOS Bluetooth,235,0,0
1788429431.301797,iOS Bluetooth,235,0,0
1788429431.301797,iOS Bluetooth,237,120,63
1788429431.308685,iOS Bluetooth,221,80,0
1788429431.308685,iOS Bluetooth,221,0,0
1788429431.308685,iOS Bluetooth,238,96,62
1788429431.308685,iOS Bluetooth,238,0,0
1788429431.308685,iOS Bluetooth,238,0,0
1788429431.308685,iOS Bluetooth,238,0,0
1788429431.323787,iOS Bluetooth,225,22,65
1788429431.323787,iOS Bluetooth,226,115,63
1788429431.323787,iOS Bluetooth,210,4,0
1788429431.323787,iOS Bluetooth,210,0,0
1788429431.323787,iOS Bluetooth,227,94,62
1788429431.323787,iOS Bluetooth,211,25,0
1788429431.323787,iOS Bluetooth,211,0,0
1788429431.338635,iOS Bluetooth,229,51,63
1788429431.338635,iOS Bluetooth,213,0,0
1788429431.338635,iOS Bluetooth,213,0,0
1788429431.338635,iOS Bluetooth,234,51,63
1788429431.338635,iOS Bluetooth,218,81,0
1788429431.338635,iOS Bluetooth,218,0,0
1788429431.338635,iOS Bluetooth,235,115,64
1788429431.353654,iOS Bluetooth,219,39,0
1788429431.353654,iOS Bluetooth,219,0,0
1788429431.353654,iOS Bluetooth,236,18,65
1788429431.353654,iOS Bluetooth,220,2,0
1788429431.353654,iOS Bluetooth,220,0,0
1788429431.353654,iOS Bluetooth,237,98,63
1788429431.353654,iOS Bluetooth,221,91,0
1788429431.353654,iOS Bluetooth,221,0,0
1788429431.370901,iOS Bluetooth,238,92,62
1788429431.370901,iOS Bluetooth,222,35,0
1788429431.370901,iOS Bluetooth,222,0,0
1788429431.370901,iOS Bluetooth,239,125,64
1788429431.370901,iOS Bluetooth,223,47,0
1788429431.370901,iOS Bluetooth,223,0,0
1788429431.370901,iOS Bluetooth,225,13,65
1788429431.391924,iOS Bluetooth,209,47,0
1788429431.391924,iOS Bluetooth,209,0,0
1788429431.391924,iOS Bluetooth,226,91,63
1788429431.391924,iOS Bluetooth,210,2,0
1788429431.391924,iOS Bluetooth,210,0,0
1788429431.391924,iOS Bluetooth,227,92,62
1788429431.391924,iOS Bluetooth,227,0,0
1788429431.406811,iOS Bluetooth,229,74,63
1788429431.406811,iOS Bluetooth,234,71,63
1788429431.406811,iOS Bluetooth,218,97,0
1788429431.406811,iOS Bluetooth,218,0,0
1788429431.406811,iOS Bluetooth,235,2,65
1788429431.413603,iOS Bluetooth,236,7,65
1788429431.413603,iOS Bluetooth,220,4,0
1788429431.413603,iOS Bluetooth,220,0,0
1788429431.428786,iOS Bluetooth,237,76,63
1788429431.428786,iOS Bluetooth,221,97,0
1788429431.428786,iOS Bluetooth,221,0,0
1788429431.428786,iOS Bluetooth,221,0,0
1788429431.428786,iOS Bluetooth,221,0,0
1788429431.428786,iOS Bluetooth,221,0,0
1788429431.428786,iOS Bluetooth,222,30,0
1788429431.428786,iOS Bluetooth,222,0,0
1788429431.443690,iOS Bluetooth,239,10,65
1788429431.443690,iOS Bluetooth,225,0,65
1788429431.443690,iOS Bluetooth,226,70,63
1788429431.443690,iOS Bluetooth,226,0,0
1788429431.443690,iOS Bluetooth,226,0,18
1788429431.443690,iOS Bluetooth,226,34,0
1788429431.458553,iOS Bluetooth,229,95,63
1788429431.458553,iOS Bluetooth,213,2,0
1788429431.458553,iOS Bluetooth,213,0,0
1788429431.458553,iOS Bluetooth,234,90,63
1788429431.458553,iOS Bluetooth,234,0,0
1788429431.458553,iOS Bluetooth,234,0,34
1788429431.458553,iOS Bluetooth,234,13,65
1788429431.473571,iOS Bluetooth,219,21,0
1788429431.473571,iOS Bluetooth,219,0,0
1788429431.473571,iOS Bluetooth,236,122,64
1788429431.473571,iOS Bluetooth,236,0,0
1788429431.473571,iOS Bluetooth,236,0,0
1788429431.473571,iOS Bluetooth,236,0,0
1788429431.473571,iOS Bluetooth,221,87,0
1788429431.473571,iOS Bluetooth,221,0,0
1788429431.489916,iOS Bluetooth,238,93,62
1788429431.489916,iOS Bluetooth,222,26,0
1788429431.489916,iOS Bluetooth,222,0,0
1788429431.489916,iOS Bluetooth,222,0,0
1788429431.489916,iOS Bluetooth,222,0,0
1788429431.489916,iOS Bluetooth,222,0,0
1788429431.489916,iOS Bluetooth,222,0,0
1788429431.489916,iOS Bluetooth,222,0,0
1788429431.489916,iOS Bluetooth,222,0,0
1788429431.489916,iOS Bluetooth,225,115,64
1788429431.513414,iOS Bluetooth,209,46,0
1788429431.513414,iOS Bluetooth,209,0,0
1788429431.513414,iOS Bluetooth,226,48,63
1788429431.513414,iOS Bluetooth,226,0,0
1788429431.513414,iOS Bluetooth,226,0,0
1788429431.513414,iOS Bluetooth,226,0,0
1788429431.526847,iOS Bluetooth,211,40,0
1788429431.526847,iOS Bluetooth,211,0,0
1788429431.526847,iOS Bluetooth,229,119,63
1788429431.526847,iOS Bluetooth,213,4,0
1788429431.526847,iOS Bluetooth,213,0,0
1788429431.526847,iOS Bluetooth,234,114,63
1788429431.526847,iOS Bluetooth,218,110,0
1788429431.526847,iOS Bluetooth,218,0,0
1788429431.541798,iOS Bluetooth,235,24,65
1788429431.541798,iOS Bluetooth,219,15,0
1788429431.541798,iOS Bluetooth,219,0,0
1788429431.541798,iOS Bluetooth,236,107,64
1788429431.541798,iOS Bluetooth,220,17,0
1788429431.541798,iOS Bluetooth,220,0,0
1788429431.541798,iOS Bluetooth,237,39,63
1788429431.556860,iOS Bluetooth,221,76,0
1788429431.556860,iOS Bluetooth,221,0,0
1788429431.556860,iOS Bluetooth,238,98,62
1788429431.556860,iOS Bluetooth,222,21,0
1788429431.556860,iOS Bluetooth,222,0,0
1788429431.556860,iOS Bluetooth,239,28,65
1788429431.556860,iOS Bluetooth,225,98,64
1788429431.571698,iOS Bluetooth,226,30,63
1788429431.571698,iOS Bluetooth,210,2,0
1788429431.571698,iOS Bluetooth,210,0,0
1788429431.571698,iOS Bluetooth,227,101,62
1788429431.571698,iOS Bluetooth,211,45,0
1788429431.571698,iOS Bluetooth,211,0,0
1788429431.571698,iOS Bluetooth,229,0,64
1788429431.586617,iOS Bluetooth,213,3,0
1788429431.586617,iOS Bluetooth,213,0,0
1788429431.586617,iOS Bluetooth,234,6,64
1788429431.586617,iOS Bluetooth,218,107,0
1788429431.586617,iOS Bluetooth,218,0,0
1788429431.586617,iOS Bluetooth,235,30,65
1788429431.586617,iOS Bluetooth,235,0,0
1788429431.601763,iOS Bluetooth,218,0,0
1788429431.601763,iOS Bluetooth,218,0,0
1788429431.601763,iOS Bluetooth,138,48,64
1788429431.601763,iOS Bluetooth,228,0,64
1788429431.601763,iOS Bluetooth,148,48,96
1788429431.601763,iOS Bluetooth,236,89,64
1788429431.601763,iOS Bluetooth,220,27,0
1788429431.601763,iOS Bluetooth,220,0,0
1788429431.601763,iOS Bluetooth,176,118,12
1788429431.601763,iOS Bluetooth,237,21,63
1788429431.601763,iOS Bluetooth,221,69,0
1788429431.601763,iOS Bluetooth,221,0,0
1788429431.616694,iOS Bluetooth,222,17,0
1788429431.616694,iOS Bluetooth,222,0,0
1788429431.616694,iOS Bluetooth,239,33,65
1788429431.631930,iOS Bluetooth,223,49,0
1788429431.631930,iOS Bluetooth,223,0,0
1788429431.631930,iOS Bluetooth,225,79,64
1788429431.631930,iOS Bluetooth,225,0,0
1788429431.631930,iOS Bluetooth,225,0,74
1788429431.631930,iOS Bluetooth,225,5,0
1788429431.646875,iOS Bluetooth,227,110,62
1788429431.646875,iOS Bluetooth,211,50,0
1788429431.646875,iOS Bluetooth,211,0,0
1788429431.646875,iOS Bluetooth,228,25,64
1788429431.646875,iOS Bluetooth,228,0,0
1788429431.646875,iOS Bluetooth,228,0,90
1788429431.646875,iOS Bluetooth,228,23,64
1788429431.661517,iOS Bluetooth,213,20,0
1788429431.661517,iOS Bluetooth,213,0,0
1788429431.661517,iOS Bluetooth,234,8,64
1788429431.661517,iOS Bluetooth,235,35,65
1788429431.661517,iOS Bluetooth,235,0,0
1788429431.661517,iOS Bluetooth,235,0,106
1788429431.661517,iOS Bluetooth,235,69,64
1788429431.676664,iOS Bluetooth,220,44,0
1788429431.676664,iOS Bluetooth,220,0,0
1788429431.676664,iOS Bluetooth,237,5,63
1788429431.676664,iOS Bluetooth,237,0,0
1788429431.676664,iOS Bluetooth,237,0,0
1788429431.676664,iOS Bluetooth,237,0,0
1788429431.676664,iOS Bluetooth,222,13,0
1788429431.676664,iOS Bluetooth,222,0,0
1788429431.691629,iOS Bluetooth,239,36,65
1788429431.691629,iOS Bluetooth,225,58,64
1788429431.691629,iOS Bluetooth,225,0,0
1788429431.691629,iOS Bluetooth,225,0,0
1788429431.691629,iOS Bluetooth,225,0,0
1788429431.691629,iOS Bluetooth,210,9,0
1788429431.691629,iOS Bluetooth,210,0,0
1788429431.706627,iOS Bluetooth,227,122,62
1788429431.706627,iOS Bluetooth,211,56,0
1788429431.706627,iOS Bluetooth,211,0,0
1788429431.706627,iOS Bluetooth,211,0,0
1788429431.706627,iOS Bluetooth,211,0,0
1788429431.706627,iOS Bluetooth,211,0,0
1788429431.706627,iOS Bluetooth,211,0,0
1788429431.706627,iOS Bluetooth,211,0,0
1788429431.706627,iOS Bluetooth,211,0,0
1788429431.722712,iOS Bluetooth,229,50,64
1788429431.722712,iOS Bluetooth,213,33,0
1788429431.722712,iOS Bluetooth,213,0,0
1788429431.722712,iOS Bluetooth,235,37,65
1788429431.722712,iOS Bluetooth,219,2,0
1788429431.722712,iOS Bluetooth,219,0,0
1788429431.722712,iOS Bluetooth,236,47,64
1788429431.743753,iOS Bluetooth,220,53,0
1788429431.743753,iOS Bluetooth,220,0,0
1788429431.743753,iOS Bluetooth,237,120,62
1788429431.743753,iOS Bluetooth,221,55,0
1788429431.743753,iOS Bluetooth,221,0,0
1788429431.743753,iOS Bluetooth,238,0,63
1788429431.743753,iOS Bluetooth,222,9,0
1788429431.743753,iOS Bluetooth,222,0,0
1788429431.758732,iOS Bluetooth,225,34,64
1788429431.758732,iOS Bluetooth,209,25,0
1788429431.758732,iOS Bluetooth,209,0,0
1788429431.758732,iOS Bluetooth,226,114,62
1788429431.758732,iOS Bluetooth,210,13,0
1788429431.758732,iOS Bluetooth,210,0,0
1788429431.758732,iOS Bluetooth,227,6,63
1788429431.774083,iOS Bluetooth,211,62,0
1788429431.774083,iOS Bluetooth,211,0,0
1788429431.774083,iOS Bluetooth,228,67,64
1788429431.774083,iOS Bluetooth,212,81,0
1788429431.774083,iOS Bluetooth,212,0,0
1788429431.774083,iOS Bluetooth,229,70,64
1788429431.774083,iOS Bluetooth,213,44,0
1788429431.774083,iOS Bluetooth,213,0,0
1788429431.788736,iOS Bluetooth,236,25,64
1788429431.788736,iOS Bluetooth,220,61,0
1788429431.788736,iOS Bluetooth,220,0,0
1788429431.797180,iOS Bluetooth,221,49,0
1788429431.797180,iOS Bluetooth,221,0,0
1788429431.797180,iOS Bluetooth,238,13,63
1788429431.811911,iOS Bluetooth,222,5,0
1788429431.811911,iOS Bluetooth,222,0,0
1788429431.811911,iOS Bluetooth,239,34,65
1788429431.811911,iOS Bluetooth,239,0,0
1788429431.811911,iOS Bluetooth,239,0,2
1788429431.811911,iOS Bluetooth,239,12,0
1788429431.811911,iOS Bluetooth,226,105,62
1788429431.827256,iOS Bluetooth,210,18,0
1788429431.827256,iOS Bluetooth,210,0,0
1788429431.827256,iOS Bluetooth,227,22,63
1788429431.827256,iOS Bluetooth,227,0,0
1788429431.827256,iOS Bluetooth,227,0,18
1788429431.827256,iOS Bluetooth,227,87,64
1788429431.841963,iOS Bluetooth,212,63,0
1788429431.841963,iOS Bluetooth,212,0,0
1788429431.841963,iOS Bluetooth,229,89,64
1788429431.841963,iOS Bluetooth,213,46,0
1788429431.841963,iOS Bluetooth,213,0,0
1788429431.841963,iOS Bluetooth,213,0,0
1788429431.841963,iOS Bluetooth,213,0,0
1788429431.841963,iOS Bluetooth,213,0,0
1788429431.841963,iOS Bluetooth,219,0,0
1788429431.841963,iOS Bluetooth,219,0,0
1788429431.856945,iOS Bluetooth,236,5,64
1788429431.856945,iOS Bluetooth,220,71,0
1788429431.856945,iOS Bluetooth,220,0,0
1788429431.856945,iOS Bluetooth,220,0,0
1788429431.856945,iOS Bluetooth,220,0,0
1788429431.856945,iOS Bluetooth,220,0,0
1788429431.856945,iOS Bluetooth,220,0,0
1788429431.856945,iOS Bluetooth,220,0,0
1788429431.856945,iOS Bluetooth,220,0,0
1788429431.856945,iOS Bluetooth,238,30,63
1788429431.878652,iOS Bluetooth,222,2,0
1788429431.878652,iOS Bluetooth,222,0,0
1788429431.878652,iOS Bluetooth,239,28,65
1788429431.878652,iOS Bluetooth,239,0,0
1788429431.878652,iOS Bluetooth,239,0,0
1788429431.878652,iOS Bluetooth,239,0,0
1788429431.878652,iOS Bluetooth,209,1,0
1788429431.878652,iOS Bluetooth,209,0,0
1788429431.893741,iOS Bluetooth,226,97,62
1788429431.893741,iOS Bluetooth,210,22,0
1788429431.893741,iOS Bluetooth,210,0,0
1788429431.893741,iOS Bluetooth,210,0,0
1788429431.893741,iOS Bluetooth,210,0,0
1788429431.893741,iOS Bluetooth,210,0,0
1788429431.893741,iOS Bluetooth,210,0,0
1788429431.893741,iOS Bluetooth,210,0,0
1788429431.893741,iOS Bluetooth,210,0,0
1788429431.893741,iOS Bluetooth,228,105,64
1788429431.908918,iOS Bluetooth,212,48,0
1788429431.908918,iOS Bluetooth,212,0,0
1788429431.908918,iOS Bluetooth,229,107,64
1788429431.908918,iOS Bluetooth,229,0,0
1788429431.908918,iOS Bluetooth,229,0,0
1788429431.908918,iOS Bluetooth,229,0,0
1788429431.924367,iOS Bluetooth,220,84,0
1788429431.924367,iOS Bluetooth,220,0,0
1788429431.924367,iOS Bluetooth,237,95,62
1788429431.924367,iOS Bluetooth,221,39,0
1788429431.924367,iOS Bluetooth,221,0,0
1788429431.924367,iOS Bluetooth,238,49,63
1788429431.924367,iOS Bluetooth,222,0,0
1788429431.924367,iOS Bluetooth,222,0,0
1788429431.938788,iOS Bluetooth,239,19,65
1788429431.938788,iOS Bluetooth,225,109,63
1788429431.938788,iOS Bluetooth,209,4,0
1788429431.938788,iOS Bluetooth,209,0,0
1788429431.938788,iOS Bluetooth,226,93,62
1788429431.938788,iOS Bluetooth,210,26,0
1788429431.938788,iOS Bluetooth,210,0,0
1788429431.953666,iOS Bluetooth,227,59,63
1788429431.953666,iOS Bluetooth,211,87,0
1788429431.953666,iOS Bluetooth,211,0,0
1788429431.953666,iOS Bluetooth,228,121,64
1788429431.953666,iOS Bluetooth,212,38,0
1788429431.953666,iOS Bluetooth,212,0,0
1788429431.953666,iOS Bluetooth,229,121,64
1788429431.968821,iOS Bluetooth,213,47,0
1788429431.968821,iOS Bluetooth,213,0,0
1788429431.968821,iOS Bluetooth,235,15,65
1788429431.968821,iOS Bluetooth,219,2,0
1788429431.968821,iOS Bluetooth,219,0,0
1788429431.968821,iOS Bluetooth,236,93,63
1788429431.968821,iOS Bluetooth,220,94,0
1788429431.968821,iOS Bluetooth,220,0,0
1788429431.991674,iOS Bluetooth,237,92,62
1788429431.991674,iOS Bluetooth,221,34,0
1788429431.991674,iOS Bluetooth,221,0,0
1788429431.991674,iOS Bluetooth,238,71,63
1788429431.991674,iOS Bluetooth,239,10,65
1788429431.991674,iOS Bluetooth,239,0,0
1788429432.006711,iOS Bluetooth,225,85,63
1788429432.006711,iOS Bluetooth,209,1,0
1788429432.006711,iOS Bluetooth,209,0,0
1788429432.006711,iOS Bluetooth,226,91,62
1788429432.006711,iOS Bluetooth,210,31,0
1788429432.006711,iOS Bluetooth,210,0,0
1788429432.014202,iOS Bluetooth,211,99,0
1788429432.014202,iOS Bluetooth,211,0,0
1788429432.014202,iOS Bluetooth,228,5,65
1788429432.030560,iOS Bluetooth,212,28,0
1788429432.030560,iOS Bluetooth,212,0,0
1788429432.030560,iOS Bluetooth,229,7,65
1788429432.030560,iOS Bluetooth,229,0,0
1788429432.030560,iOS Bluetooth,229,0,90
1788429432.030560,iOS Bluetooth,229,5,0
1788429432.045608,iOS Bluetooth,236,71,63
1788429432.045608,iOS Bluetooth,221,30,0
1788429432.045608,iOS Bluetooth,221,0,0
1788429432.045608,iOS Bluetooth,238,89,63
1788429432.045608,iOS Bluetooth,238,0,0
1788429432.045608,iOS Bluetooth,238,0,106
1788429432.045608,iOS Bluetooth,238,126,64
1788429432.060714,iOS Bluetooth,225,65,63
1788429432.060714,iOS Bluetooth,209,0,0
1788429432.060714,iOS Bluetooth,209,0,0
1788429432.060714,iOS Bluetooth,226,92,62
1788429432.060714,iOS Bluetooth,226,0,0
1788429432.060714,iOS Bluetooth,226,0,122
1788429432.060714,iOS Bluetooth,226,96,63
1788429432.075571,iOS Bluetooth,211,91,0
1788429432.075571,iOS Bluetooth,211,0,0
1788429432.075571,iOS Bluetooth,228,16,65
1788429432.075571,iOS Bluetooth,228,0,0
1788429432.075571,iOS Bluetooth,228,0,0
1788429432.075571,iOS Bluetooth,228,0,0
1788429432.075571,iOS Bluetooth,213,48,0
1788429432.075571,iOS Bluetooth,213,0,0
1788429432.090739,iOS Bluetooth,235,119,64
1788429432.090739,iOS Bluetooth,219,10,0
1788429432.090739,iOS Bluetooth,219,0,0
1788429432.090739,iOS Bluetooth,219,0,0
1788429432.090739,iOS Bluetooth,219,0,0
1788429432.090739,iOS Bluetooth,219,0,0
1788429432.090739,iOS Bluetooth,219,0,0
1788429432.090739,iOS Bluetooth,219,0,0
1788429432.090739,iOS Bluetooth,219,0,0
1788429432.090739,iOS Bluetooth,237,94,62
1788429432.111345,iOS Bluetooth,221,25,0
1788429432.111345,iOS Bluetooth,221,0,0
1788429432.111345,iOS Bluetooth,238,113,63
1788429432.111345,iOS Bluetooth,238,0,0
1788429432.111345,iOS Bluetooth,238,0,0
1788429432.111345,iOS Bluetooth,238,0,0
1788429432.125788,iOS Bluetooth,223,46,0
1788429432.125788,iOS Bluetooth,223,0,0
1788429432.125788,iOS Bluetooth,225,43,63
1788429432.125788,iOS Bluetooth,209,1,0
1788429432.125788,iOS Bluetooth,209,0,0
1788429432.125788,iOS Bluetooth,226,96,62
1788429432.125788,iOS Bluetooth,210,41,0
1788429432.125788,iOS Bluetooth,210,0,0
1788429432.142812,iOS Bluetooth,227,120,63
1788429432.142812,iOS Bluetooth,211,79,0
1788429432.142812,iOS Bluetooth,211,0,0
1788429432.142812,iOS Bluetooth,228,25,65
1788429432.142812,iOS Bluetooth,212,14,0
1788429432.142812,iOS Bluetooth,212,0,0
1788429432.142812,iOS Bluetooth,229,26,65
1788429432.158206,iOS Bluetooth,235,102,64
1788429432.158206,iOS Bluetooth,219,18,0
1788429432.158206,iOS Bluetooth,219,0,0
1788429432.158206,iOS Bluetooth,236,34,63
1788429432.158206,iOS Bluetooth,220,75,0
1788429432.158206,iOS Bluetooth,220,0,0
1788429432.158206,iOS Bluetooth,237,99,62
1788429432.173426,iOS Bluetooth,221,20,0
1788429432.173426,iOS Bluetooth,221,0,0
1788429432.173426,iOS Bluetooth,238,0,64
1788429432.173426,iOS Bluetooth,222,1,0
1788429432.173426,iOS Bluetooth,222,0,0
1788429432.173426,iOS Bluetooth,239,93,64
1788429432.173426,iOS Bluetooth,225,27,63
1788429432.188277,iOS Bluetooth,209,3,0
1788429432.188277,iOS Bluetooth,209,0,0
1788429432.188277,iOS Bluetooth,226,102,62
1788429432.188277,iOS Bluetooth,210,46,0
1788429432.188277,iOS Bluetooth,210,0,0
1788429432.188277,iOS Bluetooth,227,10,64
1788429432.188277,iOS Bluetooth,227,0,0
1788429432.203174,iOS Bluetooth,228,32,65
1788429432.203174,iOS Bluetooth,212,9,0
1788429432.203174,iOS Bluetooth,212,0,0
1788429432.203174,iOS Bluetooth,219,0,0
1788429432.203174,iOS Bluetooth,219,0,0
1788429432.203174,iOS Bluetooth,139,51,64
1788429432.203174,iOS Bluetooth,230,0,64
1788429432.203174,iOS Bluetooth,150,51,96
1788429432.203174,iOS Bluetooth,229,32,65
1788429432.203174,iOS Bluetooth,213,49,0
1788429432.203174,iOS Bluetooth,213,0,0
1788429432.218320,iOS Bluetooth,214,31,0
1788429432.218320,iOS Bluetooth,214,0,0
1788429432.234058,iOS Bluetooth,235,89,64
1788429432.234058,iOS Bluetooth,236,17,63
1788429432.234058,iOS Bluetooth,220,67,0
1788429432.234058,iOS Bluetooth,220,0,0
1788429432.234058,iOS Bluetooth,220,0,0
1788429432.234058,iOS Bluetooth,220,0,0
1788429432.234058,iOS Bluetooth,220,0,0
1788429432.234058,iOS Bluetooth,221,16,0
1788429432.234058,iOS Bluetooth,221,0,0
1788429432.248489,iOS Bluetooth,238,20,64
1788429432.248489,iOS Bluetooth,222,17,0
1788429432.248489,iOS Bluetooth,222,0,0
1788429432.248489,iOS Bluetooth,239,74,64
1788429432.248489,iOS Bluetooth,239,0,0
1788429432.248489,iOS Bluetooth,239,0,50
1788429432.248489,iOS Bluetooth,239,9,63
1788429432.263490,iOS Bluetooth,209,7,0
1788429432.263490,iOS Bluetooth,209,0,0
1788429432.263490,iOS Bluetooth,226,113,62
1788429432.263490,iOS Bluetooth,210,52,0
1788429432.263490,iOS Bluetooth,210,0,0
1788429432.263490,iOS Bluetooth,210,0,0
1788429432.263490,iOS Bluetooth,210,0,0
1788429432.263490,iOS Bluetooth,210,0,0
1788429432.263490,iOS Bluetooth,211,58,0
1788429432.263490,iOS Bluetooth,211,0,0
1788429432.278592,iOS Bluetooth,228,36,65
1788429432.278592,iOS Bluetooth,212,4,0
1788429432.278592,iOS Bluetooth,212,0,0
1788429432.278592,iOS Bluetooth,212,0,0
1788429432.278592,iOS Bluetooth,212,0,0
1788429432.278592,iOS Bluetooth,212,0,0
1788429432.278592,iOS Bluetooth,212,0,0
1788429432.278592,iOS Bluetooth,212,0,0
1788429432.278592,iOS Bluetooth,212,0,0
1788429432.278592,iOS Bluetooth,214,45,0
1788429432.278592,iOS Bluetooth,214,0,0
1788429432.293364,iOS Bluetooth,236,2,63
1788429432.293364,iOS Bluetooth,220,60,0
1788429432.293364,iOS Bluetooth,220,0,0
1788429432.293364,iOS Bluetooth,220,0,0
1788429432.293364,iOS Bluetooth,220,0,0
1788429432.293364,iOS Bluetooth,220,0,0
1788429432.293364,iOS Bluetooth,220,0,0
1788429432.293364,iOS Bluetooth,220,0,0
1788429432.293364,iOS Bluetooth,220,0,0
1788429432.308523,iOS Bluetooth,238,44,64
1788429432.308523,iOS Bluetooth,222,30,0
1788429432.308523,iOS Bluetooth,222,0,0
1788429432.308523,iOS Bluetooth,239,52,64
1788429432.308523,iOS Bluetooth,223,32,0
1788429432.308523,iOS Bluetooth,223,0,0
1788429432.308523,iOS Bluetooth,225,123,62
1788429432.323676,iOS Bluetooth,209,11,0
1788429432.323676,iOS Bluetooth,209,0,0
1788429432.323676,iOS Bluetooth,226,125,62
1788429432.323676,iOS Bluetooth,210,58,0
1788429432.323676,iOS Bluetooth,210,0,0
1788429432.323676,iOS Bluetooth,227,56,64
1788429432.323676,iOS Bluetooth,211,48,0
1788429432.323676,iOS Bluetooth,211,0,0
1788429432.351730,iOS Bluetooth,212,2,0
1788429432.351730,iOS Bluetooth,212,0,0
1788429432.351730,iOS Bluetooth,230,41,64
1788429432.351730,iOS Bluetooth,214,53,0
1788429432.351730,iOS Bluetooth,214,0,0
1788429432.351730,iOS Bluetooth,236,118,62
1788429432.351730,iOS Bluetooth,220,54,0
1788429432.351730,iOS Bluetooth,220,0,0
1788429432.358598,iOS Bluetooth,237,2,63
1788429432.358598,iOS Bluetooth,221,8,0
1788429432.358598,iOS Bluetooth,221,0,0
1788429432.358598,iOS Bluetooth,238,64,64
1788429432.358598,iOS Bluetooth,222,41,0
1788429432.358598,iOS Bluetooth,222,0,0
1788429432.358598,iOS Bluetooth,239,31,64
1788429432.373707,iOS Bluetooth,223,22,0
1788429432.373707,iOS Bluetooth,223,0,0
1788429432.373707,iOS Bluetooth,225,112,62
1788429432.373707,iOS Bluetooth,209,14,0
1788429432.373707,iOS Bluetooth,209,0,0
1788429432.373707,iOS Bluetooth,226,9,63
1788429432.373707,iOS Bluetooth,210,63,0
1788429432.373707,iOS Bluetooth,210,0,0
1788429432.388728,iOS Bluetooth,227,75,64
1788429432.388728,iOS Bluetooth,211,39,0
1788429432.388728,iOS Bluetooth,211,0,0
1788429432.388728,iOS Bluetooth,228,34,65
1788429432.388728,iOS Bluetooth,212,1,0
1788429432.388728,iOS Bluetooth,212,0,0
1788429432.388728,iOS Bluetooth,212,0,0
1788429432.388728,iOS Bluetooth,212,0,0
1788429432.388728,iOS Bluetooth,212,0,0
1788429432.405503,iOS Bluetooth,230,23,64
1788429432.405503,iOS Bluetooth,214,62,0
1788429432.405503,iOS Bluetooth,214,0,0
1788429432.405503,iOS Bluetooth,236,107,62
1788429432.405503,iOS Bluetooth,220,49,0
1788429432.405503,iOS Bluetooth,220,0,0
1788429432.419294,iOS Bluetooth,221,5,0
1788429432.419294,iOS Bluetooth,221,0,0
1788429432.419294,iOS Bluetooth,238,82,64
1788429432.428188,iOS Bluetooth,222,46,0
1788429432.428188,iOS Bluetooth,222,0,0
1788429432.428188,iOS Bluetooth,239,8,64
1788429432.428188,iOS Bluetooth,239,0,0
1788429432.428188,iOS Bluetooth,239,0,106
1788429432.428188,iOS Bluetooth,239,103,62
1788429432.442495,iOS Bluetooth,209,19,0
1788429432.442495,iOS Bluetooth,209,0,0
1788429432.442495,iOS Bluetooth,226,26,63
1788429432.442495,iOS Bluetooth,210,71,0
1788429432.442495,iOS Bluetooth,210,0,0
1788429432.442495,iOS Bluetooth,210,0,0
1788429432.442495,iOS Bluetooth,210,0,0
1788429432.442495,iOS Bluetooth,210,0,0
1788429432.442495,iOS Bluetooth,211,24,0
1788429432.442495,iOS Bluetooth,211,0,0
1788429432.457032,iOS Bluetooth,228,29,65
1788429432.457032,iOS Bluetooth,212,0,0
1788429432.457032,iOS Bluetooth,212,0,0
1788429432.457032,iOS Bluetooth,229,29,65
1788429432.457032,iOS Bluetooth,229,0,0
1788429432.457032,iOS Bluetooth,229,0,10
1788429432.457032,iOS Bluetooth,229,0,64
1788429432.478607,iOS Bluetooth,214,74,0
1788429432.478607,iOS Bluetooth,214,0,0
1788429432.478607,iOS Bluetooth,236,99,62
1788429432.478607,iOS Bluetooth,236,0,0
1788429432.478607,iOS Bluetooth,236,0,0
1788429432.478607,iOS Bluetooth,236,0,0
1788429432.478607,iOS Bluetooth,221,2,0
1788429432.478607,iOS Bluetooth,221,0,0
1788429432.493687,iOS Bluetooth,238,103,64
1788429432.493687,iOS Bluetooth,239,126,63
1788429432.493687,iOS Bluetooth,239,0,0
1788429432.493687,iOS Bluetooth,239,0,0
1788429432.493687,iOS Bluetooth,239,0,0
1788429432.493687,iOS Bluetooth,209,23,0
1788429432.493687,iOS Bluetooth,209,0,0
1788429432.508664,iOS Bluetooth,226,44,63
1788429432.508664,iOS Bluetooth,210,79,0
1788429432.508664,iOS Bluetooth,210,0,0
1788429432.508664,iOS Bluetooth,210,0,0
1788429432.508664,iOS Bluetooth,210,0,0
1788429432.508664,iOS Bluetooth,210,0,0
1788429432.508664,iOS Bluetooth,210,0,0
1788429432.508664,iOS Bluetooth,210,0,0
1788429432.508664,iOS Bluetooth,210,0,0
1788429432.523738,iOS Bluetooth,228,22,65
1788429432.523738,iOS Bluetooth,212,1,0
1788429432.523738,iOS Bluetooth,212,0,0
1788429432.523738,iOS Bluetooth,229,22,65
1788429432.523738,iOS Bluetooth,230,109,63
1788429432.523738,iOS Bluetooth,214,85,0
1788429432.523738,iOS Bluetooth,214,0,0
1788429432.540521,iOS Bluetooth,236,94,62
1788429432.540521,iOS Bluetooth,220,38,0
1788429432.540521,iOS Bluetooth,220,0,0
1788429432.540521,iOS Bluetooth,237,51,63
1788429432.540521,iOS Bluetooth,221,0,0
1788429432.540521,iOS Bluetooth,221,0,0
1788429432.540521,iOS Bluetooth,238,117,64
1788429432.555452,iOS Bluetooth,239,103,63
1788429432.555452,iOS Bluetooth,225,93,62
1788429432.555452,iOS Bluetooth,209,27,0
1788429432.555452,iOS Bluetooth,209,0,0
1788429432.555452,iOS Bluetooth,226,61,63
1788429432.555452,iOS Bluetooth,210,89,0
1788429432.555452,iOS Bluetooth,210,0,0
1788429432.569733,iOS Bluetooth,227,125,64
1788429432.569733,iOS Bluetooth,211,8,0
1788429432.569733,iOS Bluetooth,211,0,0
1788429432.569733,iOS Bluetooth,228,13,65
1788429432.569733,iOS Bluetooth,212,2,0
1788429432.569733,iOS Bluetooth,212,0,0
1788429432.569733,iOS Bluetooth,229,13,65
1788429432.593504,iOS Bluetooth,213,47,0
1788429432.593504,iOS Bluetooth,213,0,0
1788429432.593504,iOS Bluetooth,230,90,63
1788429432.593504,iOS Bluetooth,214,96,0
1788429432.593504,iOS Bluetooth,214,0,0
1788429432.593504,iOS Bluetooth,236,92,62
1788429432.600371,iOS Bluetooth,237,74,63
1788429432.600371,iOS Bluetooth,238,2,65
1788429432.600371,iOS Bluetooth,176,118,13
1788429432.615481,iOS Bluetooth,222,47,0
1788429432.615481,iOS Bluetooth,222,0,0
1788429432.615481,iOS Bluetooth,239,82,63
1788429432.615481,iOS Bluetooth,239,0,0
1788429432.615481,iOS Bluetooth,239,0,34
1788429432.615481,iOS Bluetooth,239,91,62
1788429432.615481,iOS Bluetooth,209,32,0
1788429432.615481,iOS Bluetooth,209,0,0
1788429432.630630,iOS Bluetooth,226,82,63
1788429432.630630,iOS Bluetooth,210,99,0
1788429432.630630,iOS Bluetooth,210,0,0
1788429432.630630,iOS Bluetooth,210,0,0
1788429432.630630,iOS Bluetooth,210,0,0
1788429432.630630,iOS Bluetooth,210,0,0
1788429432.630630,iOS Bluetooth,211,3,0
1788429432.630630,iOS Bluetooth,211,0,0
1788429432.645554,iOS Bluetooth,228,0,65
1788429432.645554,iOS Bluetooth,212,6,0
1788429432.645554,iOS Bluetooth,212,0,0
1788429432.645554,iOS Bluetooth,229,0,65
1788429432.645554,iOS Bluetooth,229,0,0
1788429432.645554,iOS Bluetooth,229,0,66
1788429432.645554,iOS Bluetooth,229,93,0
1788429432.660502,iOS Bluetooth,220,29,0
1788429432.660502,iOS Bluetooth,220,0,0
1788429432.660502,iOS Bluetooth,237,95,63
1788429432.660502,iOS Bluetooth,221,2,0
1788429432.660502,iOS Bluetooth,221,0,0
1788429432.660502,iOS Bluetooth,221,0,0
1788429432.660502,iOS Bluetooth,221,0,0
1788429432.660502,iOS Bluetooth,221,0,0
1788429432.660502,iOS Bluetooth,222,48,0
1788429432.660502,iOS Bluetooth,222,0,0
1788429432.673721,iOS Bluetooth,239,59,63
1788429432.673721,iOS Bluetooth,223,0,0
1788429432.673721,iOS Bluetooth,223,0,0
1788429432.673721,iOS Bluetooth,223,0,0
1788429432.673721,iOS Bluetooth,223,0,0
1788429432.673721,iOS Bluetooth,223,0,0
1788429432.673721,iOS Bluetooth,223,0,0
1788429432.673721,iOS Bluetooth,223,0,0
1788429432.673721,iOS Bluetooth,223,0,0
1788429432.673721,iOS Bluetooth,226,102,63
1788429432.690622,iOS Bluetooth,210,88,0
1788429432.690622,iOS Bluetooth,210,0,0
1788429432.690622,iOS Bluetooth,227,20,65
1788429432.690622,iOS Bluetooth,227,0,0
1788429432.690622,iOS Bluetooth,227,0,0
1788429432.690622,iOS Bluetooth,227,0,0
1788429432.690622,iOS Bluetooth,212,11,0
1788429432.690622,iOS Bluetooth,212,0,0
1788429432.712564,iOS Bluetooth,229,113,64
1788429432.712564,iOS Bluetooth,213,46,0
1788429432.712564,iOS Bluetooth,213,0,0
1788429432.712564,iOS Bluetooth,213,0,0
1788429432.712564,iOS Bluetooth,213,0,0
1788429432.712564,iOS Bluetooth,213,0,0
1788429432.712564,iOS Bluetooth,213,0,0
1788429432.712564,iOS Bluetooth,213,0,0
1788429432.712564,iOS Bluetooth,213,0,0
1788429432.728154,iOS Bluetooth,236,95,62
1788429432.728154,iOS Bluetooth,220,24,0
1788429432.728154,iOS Bluetooth,220,0,0
1788429432.728154,iOS Bluetooth,237,119,63
1788429432.728154,iOS Bluetooth,221,4,0
1788429432.728154,iOS Bluetooth,221,0,0
1788429432.728154,iOS Bluetooth,238,24,65
1788429432.743076,iOS Bluetooth,239,39,63
1788429432.743076,iOS Bluetooth,223,1,0
1788429432.743076,iOS Bluetooth,223,0,0
1788429432.743076,iOS Bluetooth,225,98,62
1788429432.743076,iOS Bluetooth,209,42,0
1788429432.743076,iOS Bluetooth,209,0,0
1788429432.743076,iOS Bluetooth,226,123,63
1788429432.757565,iOS Bluetooth,210,76,0
1788429432.757565,iOS Bluetooth,210,0,0
1788429432.757565,iOS Bluetooth,227,28,65
1788429432.757565,iOS Bluetooth,211,0,0
1788429432.757565,iOS Bluetooth,211,0,0
1788429432.757565,iOS Bluetooth,228,98,64
1788429432.757565,iOS Bluetooth,212,20,0
1788429432.757565,iOS Bluetooth,212,0,0
1788429432.771937,iOS Bluetooth,229,96,64
1788429432.771937,iOS Bluetooth,230,32,63
1788429432.771937,iOS Bluetooth,214,72,0
1788429432.771937,iOS Bluetooth,214,0,0
1788429432.771937,iOS Bluetooth,236,100,62
1788429432.771937,iOS Bluetooth,220,20,0
1788429432.771937,iOS Bluetooth,220,0,0
1788429432.786814,iOS Bluetooth,238,31,65
1788429432.786814,iOS Bluetooth,222,49,0
1788429432.786814,iOS Bluetooth,222,0,0
1788429432.801607,iOS Bluetooth,223,4,0
1788429432.801607,iOS Bluetooth,223,0,0
1788429432.801607,iOS Bluetooth,225,104,62
1788429432.801607,iOS Bluetooth,220,0,0
1788429432.801607,iOS Bluetooth,220,0,0
1788429432.801607,iOS Bluetooth,140,54,64
1788429432.801607,iOS Bluetooth,231,0,64
1788429432.801607,iOS Bluetooth,151,54,96
1788429432.808553,iOS Bluetooth,209,47,0
1788429432.808553,iOS Bluetooth,209,0,0
1788429432.808553,iOS Bluetooth,226,16,64
1788429432.808553,iOS Bluetooth,226,0,0
1788429432.808553,iOS Bluetooth,226,0,106
1788429432.808553,iOS Bluetooth,226,34,65
1788429432.808553,iOS Bluetooth,228,82,64
1788429432.831730,iOS Bluetooth,212,33,0
1788429432.831730,iOS Bluetooth,212,0,0
1788429432.831730,iOS Bluetooth,229,79,64
1788429432.831730,iOS Bluetooth,229,0,0
1788429432.831730,iOS Bluetooth,229,0,122
1788429432.831730,iOS Bluetooth,229,66,0
1788429432.846771,iOS Bluetooth,231,109,62
1788429432.846771,iOS Bluetooth,215,15,0
1788429432.846771,iOS Bluetooth,215,0,0
1788429432.846771,iOS Bluetooth,236,103,62
1788429432.846771,iOS Bluetooth,236,0,0
1788429432.846771,iOS Bluetooth,236,0,10
1788429432.846771,iOS Bluetooth,236,19,0
1788429432.861616,iOS Bluetooth,238,35,65
1788429432.861616,iOS Bluetooth,239,7,63
1788429432.861616,iOS Bluetooth,223,7,0
1788429432.861616,iOS Bluetooth,223,0,0
1788429432.861616,iOS Bluetooth,223,0,0
1788429432.861616,iOS Bluetooth,223,0,0
1788429432.861616,iOS Bluetooth,223,0,0
1788429432.861616,iOS Bluetooth,209,52,0
1788429432.861616,iOS Bluetooth,209,0,0
1788429432.876493,iOS Bluetooth,226,37,64
1788429432.876493,iOS Bluetooth,210,57,0
1788429432.876493,iOS Bluetooth,210,0,0
1788429432.876493,iOS Bluetooth,210,0,0
1788429432.876493,iOS Bluetooth,210,0,0
1788429432.876493,iOS Bluetooth,210,0,0
1788429432.876493,iOS Bluetooth,210,0,0
1788429432.876493,iOS Bluetooth,210,0,0
1788429432.876493,iOS Bluetooth,210,0,0
1788429432.876493,iOS Bluetooth,228,61,64
1788429432.891584,iOS Bluetooth,212,46,0
1788429432.891584,iOS Bluetooth,212,0,0
1788429432.891584,iOS Bluetooth,229,58,64
1788429432.891584,iOS Bluetooth,229,0,0
1788429432.891584,iOS Bluetooth,229,0,0
1788429432.891584,iOS Bluetooth,229,0,0
1788429432.891584,iOS Bluetooth,214,59,0
1788429432.891584,iOS Bluetooth,214,0,0
1788429432.906740,iOS Bluetooth,231,120,62
1788429432.906740,iOS Bluetooth,215,11,0
1788429432.906740,iOS Bluetooth,215,0,0
1788429432.906740,iOS Bluetooth,215,0,0
1788429432.906740,iOS Bluetooth,215,0,0
1788429432.906740,iOS Bluetooth,215,0,0
1788429432.906740,iOS Bluetooth,215,0,0
1788429432.906740,iOS Bluetooth,215,0,0
1788429432.906740,iOS Bluetooth,215,0,0
1788429432.921962,iOS Bluetooth,238,37,65
1788429432.921962,iOS Bluetooth,239,121,62
1788429432.921962,iOS Bluetooth,223,11,0
1788429432.921962,iOS Bluetooth,223,0,0
1788429432.921962,iOS Bluetooth,225,126,62
1788429432.921962,iOS Bluetooth,209,58,0
1788429432.921962,iOS Bluetooth,209,0,0
1788429432.936653,iOS Bluetooth,226,58,64
1788429432.936653,iOS Bluetooth,210,47,0
1788429432.936653,iOS Bluetooth,210,0,0
1788429432.936653,iOS Bluetooth,211,4,0
1788429432.936653,iOS Bluetooth,211,0,0
1788429432.936653,iOS Bluetooth,228,39,64
1788429432.936653,iOS Bluetooth,212,55,0
1788429432.936653,iOS Bluetooth,212,0,0
1788429432.958721,iOS Bluetooth,229,34,64
1788429432.958721,iOS Bluetooth,213,25,0
1788429432.958721,iOS Bluetooth,213,0,0
1788429432.958721,iOS Bluetooth,230,115,62
1788429432.958721,iOS Bluetooth,214,53,0
1788429432.958721,iOS Bluetooth,214,0,0
1788429432.958721,iOS Bluetooth,231,4,63
1788429432.973600,iOS Bluetooth,215,7,0
1788429432.973600,iOS Bluetooth,215,0,0
1788429432.973600,iOS Bluetooth,237,67,64
1788429432.973600,iOS Bluetooth,221,44,0
1788429432.973600,iOS Bluetooth,221,0,0
1788429432.973600,iOS Bluetooth,238,35,65
1788429432.973600,iOS Bluetooth,239,111,62
1788429432.988649,iOS Bluetooth,223,15,0
1788429432.988649,iOS Bluetooth,223,0,0
1788429432.988649,iOS Bluetooth,225,11,63
1788429432.988649,iOS Bluetooth,209,65,0
1788429432.988649,iOS Bluetooth,209,0,0
1788429432.988649,iOS Bluetooth,226,77,64
1788429432.988649,iOS Bluetooth,226,0,0
1788429433.003607,iOS Bluetooth,227,34,65
1788429433.003607,iOS Bluetooth,211,7,0
1788429433.003607,iOS Bluetooth,211,0,0
1788429433.003607,iOS Bluetooth,228,18,64
1788429433.003607,iOS Bluetooth,212,64,0
1788429433.003607,iOS Bluetooth,212,0,0
1788429433.018527,iOS Bluetooth,213,12,0
1788429433.018527,iOS Bluetooth,213,0,0
1788429433.018527,iOS Bluetooth,230,106,62
1788429433.026743,iOS Bluetooth,214,47,0
1788429433.026743,iOS Bluetooth,214,0,0
1788429433.026743,iOS Bluetooth,231,19,63
1788429433.026743,iOS Bluetooth,231,0,0
1788429433.026743,iOS Bluetooth,231,0,66
1788429433.026743,iOS Bluetooth,231,87,64
1788429433.041763,iOS Bluetooth,221,46,0
1788429433.041763,iOS Bluetooth,221,0,0
1788429433.041763,iOS Bluetooth,238,31,65
1788429433.041763,iOS Bluetooth,239,102,62
1788429433.041763,iOS Bluetooth,239,0,0
1788429433.041763,iOS Bluetooth,239,0,82
1788429433.041763,iOS Bluetooth,239,28,63
1788429433.056830,iOS Bluetooth,209,73,0
1788429433.056830,iOS Bluetooth,209,0,0
1788429433.056830,iOS Bluetooth,226,96,64
1788429433.056830,iOS Bluetooth,210,22,0
1788429433.056830,iOS Bluetooth,210,0,0
1788429433.056830,iOS Bluetooth,210,0,0
1788429433.056830,iOS Bluetooth,210,0,0
1788429433.056830,iOS Bluetooth,210,0,0
1788429433.056830,iOS Bluetooth,211,12,0
1788429433.056830,iOS Bluetooth,211,0,0
1788429433.078652,iOS Bluetooth,228,125,63
1788429433.078652,iOS Bluetooth,212,74,0
1788429433.078652,iOS Bluetooth,212,0,0
1788429433.078652,iOS Bluetooth,212,0,0
1788429433.078652,iOS Bluetooth,212,0,0
1788429433.078652,iOS Bluetooth,212,0,0
1788429433.078652,iOS Bluetooth,212,0,0
1788429433.078652,iOS Bluetooth,212,0,0
1788429433.078652,iOS Bluetooth,212,0,0
1788429433.078652,iOS Bluetooth,230,98,62
1788429433.093587,iOS Bluetooth,214,42,0
1788429433.093587,iOS Bluetooth,214,0,0
1788429433.093587,iOS Bluetooth,231,37,63
1788429433.093587,iOS Bluetooth,231,0,0
1788429433.093587,iOS Bluetooth,231,0,0
1788429433.093587,iOS Bluetooth,231,0,0
1788429433.093587,iOS Bluetooth,238,25,65
1788429433.108574,iOS Bluetooth,222,48,0
1788429433.108574,iOS Bluetooth,222,0,0
1788429433.108574,iOS Bluetooth,239,96,62
1788429433.108574,iOS Bluetooth,239,0,0
1788429433.108574,iOS Bluetooth,239,0,0
1788429433.108574,iOS Bluetooth,239,0,0
1788429433.123877,iOS Bluetooth,209,82,0
1788429433.123877,iOS Bluetooth,209,0,0
1788429433.123877,iOS Bluetooth,226,113,64
1788429433.123877,iOS Bluetooth,210,12,0
1788429433.123877,iOS Bluetooth,210,0,0
1788429433.123877,iOS Bluetooth,227,19,65
1788429433.123877,iOS Bluetooth,211,18,0
1788429433.123877,iOS Bluetooth,211,0,0
1788429433.138553,iOS Bluetooth,228,104,63
1788429433.138553,iOS Bluetooth,212,86,0
1788429433.138553,iOS Bluetooth,212,0,0
1788429433.138553,iOS Bluetooth,229,109,63
1788429433.138553,iOS Bluetooth,213,4,0
1788429433.138553,iOS Bluetooth,213,0,0
1788429433.138553,iOS Bluetooth,230,93,62
1788429433.153559,iOS Bluetooth,214,37,0
1788429433.153559,iOS Bluetooth,214,0,0
1788429433.153559,iOS Bluetooth,231,57,63
1788429433.153559,iOS Bluetooth,215,0,0
1788429433.153559,iOS Bluetooth,215,0,0
1788429433.153559,iOS Bluetooth,237,121,64
1788429433.153559,iOS Bluetooth,221,47,0
1788429433.153559,iOS Bluetooth,221,0,0
1788429433.168861,iOS Bluetooth,238,14,65
1788429433.168861,iOS Bluetooth,239,92,62
1788429433.168861,iOS Bluetooth,223,29,0
1788429433.168861,iOS Bluetooth,223,0,0
1788429433.168861,iOS Bluetooth,225,66,63
1788429433.168861,iOS Bluetooth,209,91,0
1788429433.168861,iOS Bluetooth,209,0,0
1788429433.191868,iOS Bluetooth,226,0,65
1788429433.191868,iOS Bluetooth,210,6,0
1788429433.191868,iOS Bluetooth,210,0,0
1788429433.191868,iOS Bluetooth,227,8,65
1788429433.191868,iOS Bluetooth,211,26,0
1788429433.191868,iOS Bluetooth,211,0,0
1788429433.191868,iOS Bluetooth,211,0,0
1788429433.191868,iOS Bluetooth,211,0,0
1788429433.191868,iOS Bluetooth,211,0,0
1788429433.207548,iOS Bluetooth,212,98,0
1788429433.207548,iOS Bluetooth,212,0,0
1788429433.207548,iOS Bluetooth,229,85,63
1788429433.207548,iOS Bluetooth,213,1,0
1788429433.207548,iOS Bluetooth,213,0,0
1788429433.207548,iOS Bluetooth,230,91,62
1788429433.215210,iOS Bluetooth,231,80,63
1788429433.215210,iOS Bluetooth,215,1,0
1788429433.215210,iOS Bluetooth,215,0,0
1788429433.230228,iOS Bluetooth,237,7,65
1788429433.230228,iOS Bluetooth,238,3,65
1788429433.230228,iOS Bluetooth,238,0,0
1788429433.230228,iOS Bluetooth,238,0,10
1788429433.230228,iOS Bluetooth,238,33,0
1788429433.245417,iOS Bluetooth,225,88,63
1788429433.245417,iOS Bluetooth,209,96,0
1788429433.245417,iOS Bluetooth,209,0,0
1788429433.245417,iOS Bluetooth,226,11,65
1788429433.245417,iOS Bluetooth,226,0,0
1788429433.245417,iOS Bluetooth,226,0,26
1788429433.245417,iOS Bluetooth,226,124,64
1788429433.260409,iOS Bluetooth,211,35,0
1788429433.260409,iOS Bluetooth,211,0,0
1788429433.260409,iOS Bluetooth,228,63,63
1788429433.260409,iOS Bluetooth,212,91,0
1788429433.260409,iOS Bluetooth,212,0,0
1788429433.260409,iOS Bluetooth,212,0,0
1788429433.260409,iOS Bluetooth,212,0,0
1788429433.260409,iOS Bluetooth,212,0,0
1788429433.260409,iOS Bluetooth,213,0,0
1788429433.260409,iOS Bluetooth,213,0,0
1788429433.275263,iOS Bluetooth,230,92,62
1788429433.275263,iOS Bluetooth,214,27,0
1788429433.275263,iOS Bluetooth,214,0,0
1788429433.275263,iOS Bluetooth,214,0,0
1788429433.275263,iOS Bluetooth,214,0,0
1788429433.275263,iOS Bluetooth,214,0,0
1788429433.275263,iOS Bluetooth,214,0,0
1788429433.275263,iOS Bluetooth,214,0,0
1788429433.275263,iOS Bluetooth,214,0,0
1788429433.275263,iOS Bluetooth,237,17,65
1788429433.290594,iOS Bluetooth,221,48,0
1788429433.290594,iOS Bluetooth,221,0,0
1788429433.290594,iOS Bluetooth,238,117,64
1788429433.290594,iOS Bluetooth,238,0,0
1788429433.290594,iOS Bluetooth,238,0,0
1788429433.290594,iOS Bluetooth,238,0,0
1788429433.290594,iOS Bluetooth,223,38,0
1788429433.290594,iOS Bluetooth,223,0,0
1788429433.311991,iOS Bluetooth,225,110,63
1788429433.311991,iOS Bluetooth,209,85,0
1788429433.311991,iOS Bluetooth,209,0,0
1788429433.311991,iOS Bluetooth,209,0,0
1788429433.311991,iOS Bluetooth,209,0,0
1788429433.311991,iOS Bluetooth,209,0,0
1788429433.311991,iOS Bluetooth,209,0,0
1788429433.311991,iOS Bluetooth,209,0,0
1788429433.311991,iOS Bluetooth,209,0,0
1788429433.326895,iOS Bluetooth,227,107,64
1788429433.326895,iOS Bluetooth,211,47,0
1788429433.326895,iOS Bluetooth,211,0,0
1788429433.326895,iOS Bluetooth,228,43,63
1788429433.326895,iOS Bluetooth,212,79,0
1788429433.326895,iOS Bluetooth,212,0,0
1788429433.326895,iOS Bluetooth,229,41,63
1788429433.341790,iOS Bluetooth,213,1,0
1788429433.341790,iOS Bluetooth,213,0,0
1788429433.341790,iOS Bluetooth,230,96,62
1788429433.341790,iOS Bluetooth,214,23,0
1788429433.341790,iOS Bluetooth,214,0,0
1788429433.341790,iOS Bluetooth,231,126,63
1788429433.341790,iOS Bluetooth,215,2,0
1788429433.341790,iOS Bluetooth,215,0,0
1788429433.356759,iOS Bluetooth,237,27,65
1788429433.356759,iOS Bluetooth,238,100,64
1788429433.356759,iOS Bluetooth,239,99,62
1788429433.356759,iOS Bluetooth,223,43,0
1788429433.356759,iOS Bluetooth,223,0,0
1788429433.356759,iOS Bluetooth,225,0,64
1788429433.371950,iOS Bluetooth,209,73,0
1788429433.371950,iOS Bluetooth,209,0,0
1788429433.371950,iOS Bluetooth,226,30,65
1788429433.371950,iOS Bluetooth,210,0,0
1788429433.371950,iOS Bluetooth,210,0,0
1788429433.371950,iOS Bluetooth,227,91,64
1788429433.371950,iOS Bluetooth,211,60,0
1788429433.371950,iOS Bluetooth,211,0,0
1788429433.399825,iOS Bluetooth,228,25,63
1788429433.399825,iOS Bluetooth,212,71,0
1788429433.399825,iOS Bluetooth,212,0,0
1788429433.399825,iOS Bluetooth,229,23,63
1788429433.399825,iOS Bluetooth,213,3,0
1788429433.399825,iOS Bluetooth,213,0,0
1788429433.401566,iOS Bluetooth,214,18,0
1788429433.401566,iOS Bluetooth,214,0,0
1788429433.401566,iOS Bluetooth,231,6,64
1788429433.401566,iOS Bluetooth,221,0,0
1788429433.401566,iOS Bluetooth,221,0,0
1788429433.401566,iOS Bluetooth,141,57,64
1788429433.401566,iOS Bluetooth,232,0,64
1788429433.401566,iOS Bluetooth,152,57,96
1788429433.408650,iOS Bluetooth,215,10,0
1788429433.408650,iOS Bluetooth,215,0,0
1788429433.408650,iOS Bluetooth,232,32,65
1788429433.408650,iOS Bluetooth,232,0,0
1788429433.408650,iOS Bluetooth,232,0,66
1788429433.408650,iOS Bluetooth,232,32,65
1788429433.408650,iOS Bluetooth,238,82,64
1788429433.431917,iOS Bluetooth,239,108,62
1788429433.431917,iOS Bluetooth,223,49,0
1788429433.431917,iOS Bluetooth,223,0,0
1788429433.431917,iOS Bluetooth,223,0,0
1788429433.431917,iOS Bluetooth,223,0,0
1788429433.431917,iOS Bluetooth,223,0,0
1788429433.431917,iOS Bluetooth,209,62,0
1788429433.431917,iOS Bluetooth,209,0,0
1788429433.446859,iOS Bluetooth,226,35,65
1788429433.446859,iOS Bluetooth,210,1,0
1788429433.446859,iOS Bluetooth,210,0,0
1788429433.446859,iOS Bluetooth,227,72,64
1788429433.446859,iOS Bluetooth,227,0,0
1788429433.446859,iOS Bluetooth,227,0,98
1788429433.446859,iOS Bluetooth,227,9,63
1788429433.461717,iOS Bluetooth,212,63,0
1788429433.461717,iOS Bluetooth,212,0,0
1788429433.461717,iOS Bluetooth,229,7,63
1788429433.461717,iOS Bluetooth,213,7,0
1788429433.461717,iOS Bluetooth,213,0,0
1788429433.461717,iOS Bluetooth,213,0,0
1788429433.461717,iOS Bluetooth,213,0,0
1788429433.461717,iOS Bluetooth,213,0,0
1788429433.461717,iOS Bluetooth,214,14,0
1788429433.461717,iOS Bluetooth,214,0,0
1788429433.476584,iOS Bluetooth,231,32,64
1788429433.476584,iOS Bluetooth,215,23,0
1788429433.476584,iOS Bluetooth,215,0,0
1788429433.476584,iOS Bluetooth,215,0,0
1788429433.476584,iOS Bluetooth,215,0,0
1788429433.476584,iOS Bluetooth,215,0,0
1788429433.476584,iOS Bluetooth,215,0,0
1788429433.476584,iOS Bluetooth,215,0,0
1788429433.476584,iOS Bluetooth,215,0,0
1788429433.476584,iOS Bluetooth,222,39,0
1788429433.476584,iOS Bluetooth,222,0,0
1788429433.491778,iOS Bluetooth,239,118,62
1788429433.491778,iOS Bluetooth,223,55,0
1788429433.491778,iOS Bluetooth,223,0,0
1788429433.491778,iOS Bluetooth,223,0,0
1788429433.491778,iOS Bluetooth,223,0,0
1788429433.491778,iOS Bluetooth,223,0,0
1788429433.491778,iOS Bluetooth,223,0,0
1788429433.491778,iOS Bluetooth,223,0,0
1788429433.491778,iOS Bluetooth,223,0,0
1788429433.491778,iOS Bluetooth,226,37,65
1788429433.506789,iOS Bluetooth,210,3,0
1788429433.506789,iOS Bluetooth,210,0,0
1788429433.506789,iOS Bluetooth,227,51,64
1788429433.506789,iOS Bluetooth,227,0,0
1788429433.506789,iOS Bluetooth,227,0,0
1788429433.506789,iOS Bluetooth,227,0,0
1788429433.521816,iOS Bluetooth,212,57,0
1788429433.521816,iOS Bluetooth,212,0,0
1788429433.521816,iOS Bluetooth,229,121,62
1788429433.521816,iOS Bluetooth,213,11,0
1788429433.521816,iOS Bluetooth,213,0,0
1788429433.521816,iOS Bluetooth,230,125,62
1788429433.521816,iOS Bluetooth,214,9,0
1788429433.521816,iOS Bluetooth,214,0,0
1788429433.536666,iOS Bluetooth,231,55,64
1788429433.536666,iOS Bluetooth,215,36,0
1788429433.536666,iOS Bluetooth,215,0,0
1788429433.536666,iOS Bluetooth,238,40,64
1788429433.536666,iOS Bluetooth,222,26,0
1788429433.536666,iOS Bluetooth,222,0,0
1788429433.536666,iOS Bluetooth,239,2,63
1788429433.558580,iOS Bluetooth,223,61,0
1788429433.558580,iOS Bluetooth,223,0,0
1788429433.558580,iOS Bluetooth,225,64,64
1788429433.558580,iOS Bluetooth,209,43,0
1788429433.558580,iOS Bluetooth,209,0,0
1788429433.558580,iOS Bluetooth,226,36,65
1788429433.558580,iOS Bluetooth,210,5,0
1788429433.558580,iOS Bluetooth,210,0,0
1788429433.573726,iOS Bluetooth,227,30,64
1788429433.573726,iOS Bluetooth,211,103,0
1788429433.573726,iOS Bluetooth,211,0,0
1788429433.573726,iOS Bluetooth,228,111,62
1788429433.573726,iOS Bluetooth,212,51,0
1788429433.573726,iOS Bluetooth,212,0,0
1788429433.573726,iOS Bluetooth,229,111,62
1788429433.588754,iOS Bluetooth,213,15,0
1788429433.588754,iOS Bluetooth,213,0,0
1788429433.588754,iOS Bluetooth,230,9,63
1788429433.588754,iOS Bluetooth,214,6,0
1788429433.588754,iOS Bluetooth,214,0,0
1788429433.588754,iOS Bluetooth,231,75,64
1788429433.588754,iOS Bluetooth,231,0,0
1788429433.603570,iOS Bluetooth,232,34,65
1788429433.603570,iOS Bluetooth,238,16,64
1788429433.603570,iOS Bluetooth,176,118,14
1788429433.603570,iOS Bluetooth,222,13,0
1788429433.603570,iOS Bluetooth,222,0,0
1788429433.603570,iOS Bluetooth,239,17,63
1788429433.618869,iOS Bluetooth,225,84,64
1788429433.618869,iOS Bluetooth,209,31,0
1788429433.618869,iOS Bluetooth,209,0,0
1788429433.626755,iOS Bluetooth,226,32,65
1788429433.626755,iOS Bluetooth,210,9,0
1788429433.626755,iOS Bluetooth,210,0,0
1788429433.626755,iOS Bluetooth,210,0,0
1788429433.626755,iOS Bluetooth,210,0,0
1788429433.626755,iOS Bluetooth,210,0,0
1788429433.626755,iOS Bluetooth,211,107,0
1788429433.626755,iOS Bluetooth,211,0,0
1788429433.641858,iOS Bluetooth,228,102,62
1788429433.641858,iOS Bluetooth,212,46,0
1788429433.641858,iOS Bluetooth,212,0,0
1788429433.641858,iOS Bluetooth,229,102,62
1788429433.641858,iOS Bluetooth,229,0,0
1788429433.641858,iOS Bluetooth,229,0,42
1788429433.641858,iOS Bluetooth,229,26,63
1788429433.656853,iOS Bluetooth,214,3,0
1788429433.656853,iOS Bluetooth,214,0,0
1788429433.656853,iOS Bluetooth,231,94,64
1788429433.656853,iOS Bluetooth,232,29,65
1788429433.656853,iOS Bluetooth,232,0,0
1788429433.656853,iOS Bluetooth,232,0,58
1788429433.656853,iOS Bluetooth,232,0,64
1788429433.678729,iOS Bluetooth,222,0,0
1788429433.678729,iOS Bluetooth,222,0,0
1788429433.678729,iOS Bluetooth,239,35,63
1788429433.678729,iOS Bluetooth,239,0,0
1788429433.678729,iOS Bluetooth,239,0,0
1788429433.678729,iOS Bluetooth,239,0,0
1788429433.678729,iOS Bluetooth,209,18,0
1788429433.678729,iOS Bluetooth,209,0,0
1788429433.693727,iOS Bluetooth,226,25,65
1788429433.693727,iOS Bluetooth,210,14,0
1788429433.693727,iOS Bluetooth,210,0,0
1788429433.693727,iOS Bluetooth,210,0,0
1788429433.693727,iOS Bluetooth,210,0,0
1788429433.693727,iOS Bluetooth,210,0,0
1788429433.693727,iOS Bluetooth,210,0,0
1788429433.693727,iOS Bluetooth,210,0,0
1788429433.693727,iOS Bluetooth,210,0,0
1788429433.693727,iOS Bluetooth,228,96,62
1788429433.707942,iOS Bluetooth,212,40,0
1788429433.707942,iOS Bluetooth,212,0,0
1788429433.707942,iOS Bluetooth,229,96,62
1788429433.707942,iOS Bluetooth,229,0,0
1788429433.707942,iOS Bluetooth,229,0,0
1788429433.707942,iOS Bluetooth,229,0,0
1788429433.723789,iOS Bluetooth,214,1,0
1788429433.723789,iOS Bluetooth,214,0,0
1788429433.723789,iOS Bluetooth,231,111,64
1788429433.723789,iOS Bluetooth,232,22,65
1788429433.723789,iOS Bluetooth,238,112,63
1788429433.723789,iOS Bluetooth,222,4,0
1788429433.723789,iOS Bluetooth,222,0,0
1788429433.739325,iOS Bluetooth,239,54,63
1788429433.739325,iOS Bluetooth,223,84,0
1788429433.739325,iOS Bluetooth,223,0,0
1788429433.739325,iOS Bluetooth,225,119,64
1788429433.739325,iOS Bluetooth,209,10,0
1788429433.739325,iOS Bluetooth,209,0,0
1788429433.739325,iOS Bluetooth,226,17,65
1788429433.753709,iOS Bluetooth,210,21,0
1788429433.753709,iOS Bluetooth,210,0,0
1788429433.753709,iOS Bluetooth,227,95,63
1788429433.753709,iOS Bluetooth,211,111,0
1788429433.753709,iOS Bluetooth,211,0,0
1788429433.753709,iOS Bluetooth,228,92,62
1788429433.753709,iOS Bluetooth,212,36,0
1788429433.753709,iOS Bluetooth,212,0,0
1788429433.768671,iOS Bluetooth,229,92,62
1788429433.768671,iOS Bluetooth,213,28,0
1788429433.768671,iOS Bluetooth,213,0,0
1788429433.768671,iOS Bluetooth,230,65,63
1788429433.768671,iOS Bluetooth,214,0,0
1788429433.768671,iOS Bluetooth,214,0,0
1788429433.768671,iOS Bluetooth,231,125,64
1788429433.783826,iOS Bluetooth,216,47,0
1788429433.783826,iOS Bluetooth,216,0,0
1788429433.783826,iOS Bluetooth,238,88,63
1788429433.798622,iOS Bluetooth,239,74,63
1788429433.798622,iOS Bluetooth,223,96,0
1788429433.798622,iOS Bluetooth,223,0,0
1788429433.813612,iOS Bluetooth,225,5,65
1788429433.813612,iOS Bluetooth,209,5,0
1788429433.813612,iOS Bluetooth,209,0,0
1788429433.813612,iOS Bluetooth,209,0,0
1788429433.813612,iOS Bluetooth,209,0,0
1788429433.813612,iOS Bluetooth,209,0,0
1788429433.813612,iOS Bluetooth,210,29,0
1788429433.813612,iOS Bluetooth,210,0,0
1788429433.813612,iOS Bluetooth,227,74,63
1788429433.828796,iOS Bluetooth,211,96,0
1788429433.828796,iOS Bluetooth,211,0,0
1788429433.828796,iOS Bluetooth,228,91,62
1788429433.828796,iOS Bluetooth,228,0,0
1788429433.828796,iOS Bluetooth,228,0,98
1788429433.828796,iOS Bluetooth,228,33,0
1788429433.843675,iOS Bluetooth,230,89,63
1788429433.843675,iOS Bluetooth,214,2,0
1788429433.843675,iOS Bluetooth,214,0,0
1788429433.843675,iOS Bluetooth,231,10,65
1788429433.843675,iOS Bluetooth,231,0,0
1788429433.843675,iOS Bluetooth,231,0,114
1788429433.843675,iOS Bluetooth,231,68,63
1788429433.858772,iOS Bluetooth,222,0,0
1788429433.858772,iOS Bluetooth,222,0,0
1788429433.858772,iOS Bluetooth,239,93,63
1788429433.858772,iOS Bluetooth,223,94,0
1788429433.858772,iOS Bluetooth,223,0,0
1788429433.858772,iOS Bluetooth,223,0,0
1788429433.858772,iOS Bluetooth,223,0,0
1788429433.858772,iOS Bluetooth,223,0,0
1788429433.858772,iOS Bluetooth,209,2,0
1788429433.858772,iOS Bluetooth,209,0,0
1788429433.873672,iOS Bluetooth,226,119,64
1788429433.873672,iOS Bluetooth,210,38,0
1788429433.873672,iOS Bluetooth,210,0,0
1788429433.873672,iOS Bluetooth,210,0,0
1788429433.873672,iOS Bluetooth,210,0,0
1788429433.873672,iOS Bluetooth,210,0,0
1788429433.873672,iOS Bluetooth,210,0,0
1788429433.873672,iOS Bluetooth,210,0,0
1788429433.873672,iOS Bluetooth,210,0,0
1788429433.873672,iOS Bluetooth,228,93,62
1788429433.888615,iOS Bluetooth,212,26,0
1788429433.888615,iOS Bluetooth,212,0,0
1788429433.888615,iOS Bluetooth,229,93,62
1788429433.888615,iOS Bluetooth,229,0,0
1788429433.888615,iOS Bluetooth,229,0,0
1788429433.888615,iOS Bluetooth,229,0,0
1788429433.888615,iOS Bluetooth,214,4,0
1788429433.888615,iOS Bluetooth,214,0,0
1788429433.911688,iOS Bluetooth,231,21,65
1788429433.911688,iOS Bluetooth,215,48,0
1788429433.911688,iOS Bluetooth,215,0,0
1788429433.911688,iOS Bluetooth,215,0,0
1788429433.911688,iOS Bluetooth,215,0,0
1788429433.911688,iOS Bluetooth,215,0,0
1788429433.911688,iOS Bluetooth,215,0,0
1788429433.911688,iOS Bluetooth,215,0,0
1788429433.911688,iOS Bluetooth,215,0,0
1788429433.926758,iOS Bluetooth,238,43,63
1788429433.926758,iOS Bluetooth,222,1,0
1788429433.926758,iOS Bluetooth,222,0,0
1788429433.926758,iOS Bluetooth,239,115,63
1788429433.926758,iOS Bluetooth,223,80,0
1788429433.926758,iOS Bluetooth,223,0,0
1788429433.926758,iOS Bluetooth,225,25,65
1788429433.941702,iOS Bluetooth,209,0,0
1788429433.941702,iOS Bluetooth,209,0,0
1788429433.941702,iOS Bluetooth,226,102,64
1788429433.941702,iOS Bluetooth,210,50,0
1788429433.941702,iOS Bluetooth,210,0,0
1788429433.941702,iOS Bluetooth,227,34,63
1788429433.941702,iOS Bluetooth,211,68,0
1788429433.941702,iOS Bluetooth,211,0,0
1788429433.956845,iOS Bluetooth,228,99,62
1788429433.956845,iOS Bluetooth,212,21,0
1788429433.956845,iOS Bluetooth,212,0,0
1788429433.956845,iOS Bluetooth,229,99,62
1788429433.956845,iOS Bluetooth,213,43,0
1788429433.956845,iOS Bluetooth,213,0,0
1788429433.956845,iOS Bluetooth,230,0,64
1788429433.971595,iOS Bluetooth,214,0,0
1788429433.971595,iOS Bluetooth,214,0,0
1788429433.971595,iOS Bluetooth,231,29,65
1788429433.971595,iOS Bluetooth,232,93,64
1788429433.971595,iOS Bluetooth,238,27,63
1788429433.971595,iOS Bluetooth,222,3,0
1788429433.971595,iOS Bluetooth,222,0,0
1788429433.986873,iOS Bluetooth,239,8,64
1788429433.986873,iOS Bluetooth,223,70,0
1788429433.986873,iOS Bluetooth,223,0,0
1788429433.986873,iOS Bluetooth,225,32,65
1788429433.986873,iOS Bluetooth,226,86,64
1788429433.986873,iOS Bluetooth,226,0,0
1788429434.000362,iOS Bluetooth,227,19,63
1788429434.000362,iOS Bluetooth,211,57,0
1788429434.000362,iOS Bluetooth,211,0,0
1788429434.000362,iOS Bluetooth,222,0,0
1788429434.000362,iOS Bluetooth,222,0,0
1788429434.000362,iOS Bluetooth,142,60,64
1788429434.000362,iOS Bluetooth,233,0,64
1788429434.000362,iOS Bluetooth,153,60,96
1788429434.000362,iOS Bluetooth,228,105,62
1788429434.000362,iOS Bluetooth,212,17,0
1788429434.000362,iOS Bluetooth,212,0,0
1788429434.016410,iOS Bluetooth,213,48,0
1788429434.016410,iOS Bluetooth,213,0,0
1788429434.016410,iOS Bluetooth,230,11,64
1788429434.031718,iOS Bluetooth,214,14,0
1788429434.031718,iOS Bluetooth,214,0,0
1788429434.031718,iOS Bluetooth,231,34,65
1788429434.031718,iOS Bluetooth,231,0,0
1788429434.031718,iOS Bluetooth,231,0,42
1788429434.031718,iOS Bluetooth,231,77,64
1788429434.047085,iOS Bluetooth,233,11,63
1788429434.047085,iOS Bluetooth,217,6,0
1788429434.047085,iOS Bluetooth,217,0,0
1788429434.047085,iOS Bluetooth,238,21,63
1788429434.047085,iOS Bluetooth,238,0,0
1788429434.047085,iOS Bluetooth,238,0,58
1788429434.047085,iOS Bluetooth,238,60,0
1788429434.061868,iOS Bluetooth,225,36,65
1788429434.061868,iOS Bluetooth,209,1,0
1788429434.061868,iOS Bluetooth,209,0,0
1788429434.061868,iOS Bluetooth,226,67,64
1788429434.061868,iOS Bluetooth,226,0,0
1788429434.061868,iOS Bluetooth,226,0,74
1788429434.061868,iOS Bluetooth,226,3,63
1788429434.076662,iOS Bluetooth,211,45,0
1788429434.076662,iOS Bluetooth,211,0,0
1788429434.076662,iOS Bluetooth,228,115,62
1788429434.076662,iOS Bluetooth,228,0,0
1788429434.076662,iOS Bluetooth,228,0,0
1788429434.076662,iOS Bluetooth,228,0,0
1788429434.076662,iOS Bluetooth,213,54,0
1788429434.076662,iOS Bluetooth,213,0,0
1788429434.091695,iOS Bluetooth,230,38,64
1788429434.091695,iOS Bluetooth,214,27,0
1788429434.091695,iOS Bluetooth,214,0,0
1788429434.091695,iOS Bluetooth,214,0,0
1788429434.091695,iOS Bluetooth,214,0,0
1788429434.091695,iOS Bluetooth,214,0,0
1788429434.091695,iOS Bluetooth,214,0,0
1788429434.091695,iOS Bluetooth,214,0,0
1788429434.091695,iOS Bluetooth,214,0,0
1788429434.091695,iOS Bluetooth,216,35,0
1788429434.091695,iOS Bluetooth,216,0,0
1788429434.106595,iOS Bluetooth,233,124,62
1788429434.106595,iOS Bluetooth,217,10,0
1788429434.106595,iOS Bluetooth,217,0,0
1788429434.106595,iOS Bluetooth,217,0,0
1788429434.106595,iOS Bluetooth,217,0,0
1788429434.106595,iOS Bluetooth,217,0,0
1788429434.106595,iOS Bluetooth,217,0,0
1788429434.106595,iOS Bluetooth,217,0,0
1788429434.106595,iOS Bluetooth,217,0,0
1788429434.122046,iOS Bluetooth,225,37,65
1788429434.122046,iOS Bluetooth,209,3,0
1788429434.122046,iOS Bluetooth,209,0,0
1788429434.122046,iOS Bluetooth,226,46,64
1788429434.122046,iOS Bluetooth,210,100,0
1788429434.122046,iOS Bluetooth,210,0,0
1788429434.122046,iOS Bluetooth,227,118,62
1788429434.136653,iOS Bluetooth,211,36,0
1788429434.136653,iOS Bluetooth,211,0,0
1788429434.136653,iOS Bluetooth,228,0,63
1788429434.136653,iOS Bluetooth,212,9,0
1788429434.136653,iOS Bluetooth,212,0,0
1788429434.136653,iOS Bluetooth,229,2,63
1788429434.136653,iOS Bluetooth,213,60,0
1788429434.136653,iOS Bluetooth,213,0,0
1788429434.158848,iOS Bluetooth,230,61,64
1788429434.158848,iOS Bluetooth,214,39,0
1788429434.158848,iOS Bluetooth,214,0,0
1788429434.158848,iOS Bluetooth,232,31,64
1788429434.158848,iOS Bluetooth,216,23,0
1788429434.158848,iOS Bluetooth,216,0,0
1788429434.158848,iOS Bluetooth,233,114,62
1788429434.173934,iOS Bluetooth,217,14,0
1788429434.173934,iOS Bluetooth,217,0,0
1788429434.173934,iOS Bluetooth,239,70,64
1788429434.173934,iOS Bluetooth,223,41,0
1788429434.173934,iOS Bluetooth,223,0,0
1788429434.173934,iOS Bluetooth,225,35,65
1788429434.173934,iOS Bluetooth,209,6,0
1788429434.173934,iOS Bluetooth,209,0,0
1788429434.188623,iOS Bluetooth,226,24,64
1788429434.188623,iOS Bluetooth,210,104,0
1788429434.188623,iOS Bluetooth,210,0,0
1788429434.188623,iOS Bluetooth,227,107,62
1788429434.188623,iOS Bluetooth,211,29,0
1788429434.188623,iOS Bluetooth,211,0,0
1788429434.196605,iOS Bluetooth,212,5,0
1788429434.196605,iOS Bluetooth,212,0,0
1788429434.196605,iOS Bluetooth,229,15,63
1788429434.210459,iOS Bluetooth,213,67,0
1788429434.210459,iOS Bluetooth,213,0,0
1788429434.210459,iOS Bluetooth,230,80,64
1788429434.210459,iOS Bluetooth,230,0,0
1788429434.210459,iOS Bluetooth,230,0,98
1788429434.210459,iOS Bluetooth,230,33,65
1788429434.210459,iOS Bluetooth,232,11,64
1788429434.226842,iOS Bluetooth,216,10,0
1788429434.226842,iOS Bluetooth,216,0,0
1788429434.226842,iOS Bluetooth,233,104,62
1788429434.226842,iOS Bluetooth,233,0,0
1788429434.226842,iOS Bluetooth,233,0,114
1788429434.226842,iOS Bluetooth,233,89,64
1788429434.242189,iOS Bluetooth,223,25,0
1788429434.242189,iOS Bluetooth,223,0,0
1788429434.242189,iOS Bluetooth,225,30,65
1788429434.242189,iOS Bluetooth,209,10,0
1788429434.242189,iOS Bluetooth,209,0,0
1788429434.242189,iOS Bluetooth,209,0,0
1788429434.242189,iOS Bluetooth,209,0,0
1788429434.242189,iOS Bluetooth,209,0,0
1788429434.242189,iOS Bluetooth,210,107,0
1788429434.242189,iOS Bluetooth,210,0,0
1788429434.256834,iOS Bluetooth,227,99,62
1788429434.256834,iOS Bluetooth,211,22,0
1788429434.256834,iOS Bluetooth,211,0,0
1788429434.256834,iOS Bluetooth,228,30,63
1788429434.256834,iOS Bluetooth,228,0,0
1788429434.256834,iOS Bluetooth,228,0,18
1788429434.256834,iOS Bluetooth,228,32,63
1788429434.278496,iOS Bluetooth,213,75,0
1788429434.278496,iOS Bluetooth,213,0,0
1788429434.278496,iOS Bluetooth,230,98,64
1788429434.278496,iOS Bluetooth,230,0,0
1788429434.278496,iOS Bluetooth,230,0,0
1788429434.278496,iOS Bluetooth,230,0,0
1788429434.278496,iOS Bluetooth,232,0,64
1788429434.293615,iOS Bluetooth,216,2,0
1788429434.293615,iOS Bluetooth,216,0,0
1788429434.293615,iOS Bluetooth,233,97,62
1788429434.293615,iOS Bluetooth,233,0,0
1788429434.293615,iOS Bluetooth,233,0,0
1788429434.293615,iOS Bluetooth,233,0,0
1788429434.308616,iOS Bluetooth,223,14,0
1788429434.308616,iOS Bluetooth,223,0,0
1788429434.308616,iOS Bluetooth,225,23,65
1788429434.308616,iOS Bluetooth,209,16,0
1788429434.308616,iOS Bluetooth,209,0,0
1788429434.308616,iOS Bluetooth,209,0,0
1788429434.308616,iOS Bluetooth,209,0,0
1788429434.308616,iOS Bluetooth,209,0,0
1788429434.308616,iOS Bluetooth,209,0,0
1788429434.308616,iOS Bluetooth,209,0,0
1788429434.308616,iOS Bluetooth,209,0,0
1788429434.323716,iOS Bluetooth,227,94,62
1788429434.323716,iOS Bluetooth,211,16,0
1788429434.323716,iOS Bluetooth,211,0,0
1788429434.323716,iOS Bluetooth,228,49,63
1788429434.323716,iOS Bluetooth,212,0,0
1788429434.323716,iOS Bluetooth,212,0,0
1788429434.323716,iOS Bluetooth,229,51,63
1788429434.338709,iOS Bluetooth,213,84,0
1788429434.338709,iOS Bluetooth,213,0,0
1788429434.338709,iOS Bluetooth,230,115,64
1788429434.338709,iOS Bluetooth,231,19,65
1788429434.338709,iOS Bluetooth,232,106,63
1788429434.338709,iOS Bluetooth,216,4,0
1788429434.338709,iOS Bluetooth,216,0,0
1788429434.353546,iOS Bluetooth,233,93,62
1788429434.353546,iOS Bluetooth,217,27,0
1788429434.353546,iOS Bluetooth,217,0,0
1788429434.353546,iOS Bluetooth,239,123,64
1788429434.353546,iOS Bluetooth,223,8,0
1788429434.353546,iOS Bluetooth,223,0,0
1788429434.353546,iOS Bluetooth,225,14,65
1788429434.368660,iOS Bluetooth,209,23,0
1788429434.368660,iOS Bluetooth,209,0,0
1788429434.368660,iOS Bluetooth,226,89,63
1788429434.368660,iOS Bluetooth,210,109,0
1788429434.368660,iOS Bluetooth,210,0,0
1788429434.368660,iOS Bluetooth,227,92,62
1788429434.368660,iOS Bluetooth,211,12,0
1788429434.368660,iOS Bluetooth,211,0,0
1788429434.383628,iOS Bluetooth,228,71,63
1788429434.383628,iOS Bluetooth,229,69,63
1788429434.383628,iOS Bluetooth,213,94,0
1788429434.383628,iOS Bluetooth,213,0,0
1788429434.383628,iOS Bluetooth,230,0,65
1788429434.398566,iOS Bluetooth,231,8,65
1788429434.398566,iOS Bluetooth,215,47,0
1788429434.398566,iOS Bluetooth,215,0,0
1788429434.413555,iOS Bluetooth,232,82,63
1788429434.413555,iOS Bluetooth,216,1,0
1788429434.413555,iOS Bluetooth,216,0,0
1788429434.413555,iOS Bluetooth,216,0,0
1788429434.413555,iOS Bluetooth,216,0,0
1788429434.413555,iOS Bluetooth,216,0,0
1788429434.413555,iOS Bluetooth,217,32,0
1788429434.413555,iOS Bluetooth,217,0,0
1788429434.413555,iOS Bluetooth,239,7,65
1788429434.428649,iOS Bluetooth,223,4,0
1788429434.428649,iOS Bluetooth,223,0,0
1788429434.428649,iOS Bluetooth,225,1,65
1788429434.428649,iOS Bluetooth,225,0,0
1788429434.428649,iOS Bluetooth,225,0,58
1788429434.428649,iOS Bluetooth,225,68,63
1788429434.451733,iOS Bluetooth,210,92,0
1788429434.451733,iOS Bluetooth,210,0,0
1788429434.451733,iOS Bluetooth,211,8,0
1788429434.451733,iOS Bluetooth,211,0,0
1788429434.451733,iOS Bluetooth,228,92,63
1788429434.451733,iOS Bluetooth,228,0,0
1788429434.451733,iOS Bluetooth,228,0,74
1788429434.451733,iOS Bluetooth,228,90,63
1788429434.458673,iOS Bluetooth,213,93,0
1788429434.458673,iOS Bluetooth,213,0,0
1788429434.458673,iOS Bluetooth,230,13,65
1788429434.458673,iOS Bluetooth,231,124,64
1788429434.458673,iOS Bluetooth,231,0,0
1788429434.458673,iOS Bluetooth,231,0,90
1788429434.458673,iOS Bluetooth,231,0,0
1788429434.473627,iOS Bluetooth,233,93,62
1788429434.473627,iOS Bluetooth,217,36,0
1788429434.473627,iOS Bluetooth,217,0,0
1788429434.473627,iOS Bluetooth,217,0,0
1788429434.473627,iOS Bluetooth,217,0,0
1788429434.473627,iOS Bluetooth,217,0,0
1788429434.473627,iOS Bluetooth,217,0,0
1788429434.473627,iOS Bluetooth,217,0,0
1788429434.473627,iOS Bluetooth,217,0,0
1788429434.473627,iOS Bluetooth,225,117,64
1788429434.488600,iOS Bluetooth,209,41,0
1788429434.488600,iOS Bluetooth,209,0,0
1788429434.488600,iOS Bluetooth,226,51,63
1788429434.488600,iOS Bluetooth,226,0,0
1788429434.488600,iOS Bluetooth,226,0,0
1788429434.488600,iOS Bluetooth,226,0,0
1788429434.488600,iOS Bluetooth,211,5,0
1788429434.488600,iOS Bluetooth,211,0,0
1788429434.511927,iOS Bluetooth,228,116,63
1788429434.511927,iOS Bluetooth,212,4,0
1788429434.511927,iOS Bluetooth,212,0,0
1788429434.511927,iOS Bluetooth,212,0,0
1788429434.511927,iOS Bluetooth,212,0,0
1788429434.511927,iOS Bluetooth,212,0,0
1788429434.511927,iOS Bluetooth,212,0,0
1788429434.511927,iOS Bluetooth,212,0,0
1788429434.511927,iOS Bluetooth,212,0,0
1788429434.526878,iOS Bluetooth,230,23,65
1788429434.526878,iOS Bluetooth,214,48,0
1788429434.526878,iOS Bluetooth,214,0,0
1788429434.526878,iOS Bluetooth,231,109,64
1788429434.526878,iOS Bluetooth,215,46,0
1788429434.526878,iOS Bluetooth,215,0,0
1788429434.526878,iOS Bluetooth,232,41,63
1788429434.541653,iOS Bluetooth,216,1,0
1788429434.541653,iOS Bluetooth,216,0,0
1788429434.541653,iOS Bluetooth,233,97,62
1788429434.541653,iOS Bluetooth,217,41,0
1788429434.541653,iOS Bluetooth,217,0,0
1788429434.541653,iOS Bluetooth,239,27,65
1788429434.541653,iOS Bluetooth,223,0,0
1788429434.541653,iOS Bluetooth,223,0,0
1788429434.556902,iOS Bluetooth,225,98,64
1788429434.556902,iOS Bluetooth,209,54,0
1788429434.556902,iOS Bluetooth,209,0,0
1788429434.556902,iOS Bluetooth,226,30,63
1788429434.556902,iOS Bluetooth,210,65,0
1788429434.556902,iOS Bluetooth,210,0,0
1788429434.556902,iOS Bluetooth,227,100,62
1788429434.571874,iOS Bluetooth,211,2,0
1788429434.571874,iOS Bluetooth,211,0,0
1788429434.571874,iOS Bluetooth,228,0,64
1788429434.571874,iOS Bluetooth,212,1,0
1788429434.571874,iOS Bluetooth,212,0,0
1788429434.571874,iOS Bluetooth,229,5,64
1788429434.571874,iOS Bluetooth,213,71,0
1788429434.571874,iOS Bluetooth,213,0,0
1788429434.586959,iOS Bluetooth,230,30,65
1788429434.586959,iOS Bluetooth,231,91,64
1788429434.586959,iOS Bluetooth,232,23,63
1788429434.586959,iOS Bluetooth,216,3,0
1788429434.586959,iOS Bluetooth,216,0,0
1788429434.586959,iOS Bluetooth,216,0,0
1788429434.586959,iOS Bluetooth,216,0,0
1788429434.586959,iOS Bluetooth,216,0,0
1788429434.601880,iOS Bluetooth,217,47,0
1788429434.601880,iOS Bluetooth,217,0,0
1788429434.601880,iOS Bluetooth,239,32,65
1788429434.601880,iOS Bluetooth,213,0,0
1788429434.601880,iOS Bluetooth,213,0,0
1788429434.601880,iOS Bluetooth,133,63,64
1788429434.601880,iOS Bluetooth,234,0,64
1788429434.601880,iOS Bluetooth,154,63,96
1788429434.601880,iOS Bluetooth,176,118,15
1788429434.601880,iOS Bluetooth,225,82,64
1788429434.601880,iOS Bluetooth,209,68,0
1788429434.601880,iOS Bluetooth,209,0,0
1788429434.616773,iOS Bluetooth,210,55,0
1788429434.616773,iOS Bluetooth,210,0,0
1788429434.616773,iOS Bluetooth,227,108,62
1788429434.631785,iOS Bluetooth,211,0,0
1788429434.631785,iOS Bluetooth,211,0,0
1788429434.631785,iOS Bluetooth,228,17,64
1788429434.631785,iOS Bluetooth,228,0,0
1788429434.631785,iOS Bluetooth,228,0,2
1788429434.631785,iOS Bluetooth,228,13,64
1788429434.647018,iOS Bluetooth,230,35,65
1788429434.647018,iOS Bluetooth,214,49,0
1788429434.647018,iOS Bluetooth,214,0,0
1788429434.647018,iOS Bluetooth,231,74,64
1788429434.647018,iOS Bluetooth,231,0,0
1788429434.647018,iOS Bluetooth,231,0,18
1788429434.647018,iOS Bluetooth,231,9,63
1788429434.661743,iOS Bluetooth,216,7,0
1788429434.661743,iOS Bluetooth,216,0,0
1788429434.661743,iOS Bluetooth,233,113,62
1788429434.661743,iOS Bluetooth,217,52,0
1788429434.661743,iOS Bluetooth,217,0,0
1788429434.661743,iOS Bluetooth,217,0,0
1788429434.661743,iOS Bluetooth,217,0,0
1788429434.661743,iOS Bluetooth,217,0,0
1788429434.661743,iOS Bluetooth,218,58,0
1788429434.661743,iOS Bluetooth,218,0,0
1788429434.676903,iOS Bluetooth,239,36,65
1788429434.676903,iOS Bluetooth,223,1,0
1788429434.676903,iOS Bluetooth,223,0,0
1788429434.676903,iOS Bluetooth,223,0,0
1788429434.676903,iOS Bluetooth,223,0,0
1788429434.676903,iOS Bluetooth,223,0,0
1788429434.676903,iOS Bluetooth,223,0,0
1788429434.676903,iOS Bluetooth,223,0,0
1788429434.676903,iOS Bluetooth,223,0,0
1788429434.676903,iOS Bluetooth,226,0,63
1788429434.691776,iOS Bluetooth,210,43,0
1788429434.691776,iOS Bluetooth,210,0,0
1788429434.691776,iOS Bluetooth,227,120,62
1788429434.691776,iOS Bluetooth,227,0,0
1788429434.691776,iOS Bluetooth,227,0,0
1788429434.691776,iOS Bluetooth,227,0,0
1788429434.691776,iOS Bluetooth,230,36,65
1788429434.706561,iOS Bluetooth,231,52,64
1788429434.706561,iOS Bluetooth,215,34,0
1788429434.706561,iOS Bluetooth,215,0,0
1788429434.706561,iOS Bluetooth,215,0,0
1788429434.706561,iOS Bluetooth,215,0,0
1788429434.706561,iOS Bluetooth,215,0,0
1788429434.706561,iOS Bluetooth,215,0,0
1788429434.706561,iOS Bluetooth,215,0,0
1788429434.706561,iOS Bluetooth,215,0,0
1788429434.721677,iOS Bluetooth,233,125,62
1788429434.721677,iOS Bluetooth,217,58,0
1788429434.721677,iOS Bluetooth,217,0,0
1788429434.721677,iOS Bluetooth,234,53,64
1788429434.721677,iOS Bluetooth,218,48,0
1788429434.721677,iOS Bluetooth,218,0,0
1788429434.721677,iOS Bluetooth,223,3,0
1788429434.721677,iOS Bluetooth,223,0,0
1788429434.736683,iOS Bluetooth,225,41,64
1788429434.736683,iOS Bluetooth,209,100,0
1788429434.736683,iOS Bluetooth,209,0,0
1788429434.736683,iOS Bluetooth,226,117,62
1788429434.736683,iOS Bluetooth,210,35,0
1788429434.736683,iOS Bluetooth,210,0,0
1788429434.736683,iOS Bluetooth,227,4,63
1788429434.759034,iOS Bluetooth,211,1,0
1788429434.759034,iOS Bluetooth,211,0,0
1788429434.759034,iOS Bluetooth,228,64,64
1788429434.759034,iOS Bluetooth,212,41,0
1788429434.759034,iOS Bluetooth,212,0,0
1788429434.759034,iOS Bluetooth,231,31,64
1788429434.759034,iOS Bluetooth,215,23,0
1788429434.759034,iOS Bluetooth,215,0,0
1788429434.773854,iOS Bluetooth,232,112,62
1788429434.773854,iOS Bluetooth,216,14,0
1788429434.773854,iOS Bluetooth,216,0,0
1788429434.773854,iOS Bluetooth,233,9,63
1788429434.773854,iOS Bluetooth,217,63,0
1788429434.773854,iOS Bluetooth,217,0,0
1788429434.773854,iOS Bluetooth,234,72,64
1788429434.788787,iOS Bluetooth,223,7,0
1788429434.788787,iOS Bluetooth,223,0,0
1788429434.788787,iOS Bluetooth,225,22,64
1788429434.796749,iOS Bluetooth,226,106,62
1788429434.796749,iOS Bluetooth,210,28,0
1788429434.796749,iOS Bluetooth,210,0,0
1788429434.811855,iOS Bluetooth,227,19,63
1788429434.811855,iOS Bluetooth,211,4,0
1788429434.811855,iOS Bluetooth,211,0,0
1788429434.811855,iOS Bluetooth,211,0,0
1788429434.811855,iOS Bluetooth,211,0,0
1788429434.811855,iOS Bluetooth,211,0,0
1788429434.811855,iOS Bluetooth,212,46,0
1788429434.811855,iOS Bluetooth,212,0,0
1788429434.811855,iOS Bluetooth,230,33,65
1788429434.826826,iOS Bluetooth,231,8,64
1788429434.826826,iOS Bluetooth,215,10,0
1788429434.826826,iOS Bluetooth,215,0,0
1788429434.826826,iOS Bluetooth,215,0,0
1788429434.826826,iOS Bluetooth,215,0,0
1788429434.826826,iOS Bluetooth,215,0,0
1788429434.826826,iOS Bluetooth,216,18,0
1788429434.826826,iOS Bluetooth,216,0,0
1788429434.842058,iOS Bluetooth,233,26,63
1788429434.842058,iOS Bluetooth,217,71,0
1788429434.842058,iOS Bluetooth,217,0,0
1788429434.842058,iOS Bluetooth,234,92,64
1788429434.842058,iOS Bluetooth,234,0,0
1788429434.842058,iOS Bluetooth,234,0,90
1788429434.842058,iOS Bluetooth,234,29,65
1788429434.856832,iOS Bluetooth,223,11,0
1788429434.856832,iOS Bluetooth,223,0,0
1788429434.856832,iOS Bluetooth,225,0,64
1788429434.856832,iOS Bluetooth,209,108,0
1788429434.856832,iOS Bluetooth,209,0,0
1788429434.856832,iOS Bluetooth,209,0,0
1788429434.856832,iOS Bluetooth,209,0,0
1788429434.856832,iOS Bluetooth,209,0,0
1788429434.856832,iOS Bluetooth,210,21,0
1788429434.856832,iOS Bluetooth,210,0,0
1788429434.878647,iOS Bluetooth,227,37,63
1788429434.878647,iOS Bluetooth,211,10,0
1788429434.878647,iOS Bluetooth,211,0,0
1788429434.878647,iOS Bluetooth,211,0,0
1788429434.878647,iOS Bluetooth,211,0,0
1788429434.878647,iOS Bluetooth,211,0,0
1788429434.878647,iOS Bluetooth,211,0,0
1788429434.878647,iOS Bluetooth,211,0,0
1788429434.878647,iOS Bluetooth,211,0,0
1788429434.878647,iOS Bluetooth,214,48,0
1788429434.878647,iOS Bluetooth,214,0,0
1788429434.893615,iOS Bluetooth,231,126,63
1788429434.893615,iOS Bluetooth,215,2,0
1788429434.893615,iOS Bluetooth,215,0,0
1788429434.893615,iOS Bluetooth,215,0,0
1788429434.893615,iOS Bluetooth,215,0,0
1788429434.893615,iOS Bluetooth,215,0,0
1788429434.893615,iOS Bluetooth,215,0,0
1788429434.893615,iOS Bluetooth,215,0,0
1788429434.893615,iOS Bluetooth,215,0,0
1788429434.893615,iOS Bluetooth,233,42,63
1788429434.908654,iOS Bluetooth,217,79,0
1788429434.908654,iOS Bluetooth,217,0,0
1788429434.908654,iOS Bluetooth,234,109,64
1788429434.908654,iOS Bluetooth,234,0,0
1788429434.908654,iOS Bluetooth,234,0,0
1788429434.908654,iOS Bluetooth,234,0,0
1788429434.923764,iOS Bluetooth,223,17,0
1788429434.923764,iOS Bluetooth,223,0,0
1788429434.923764,iOS Bluetooth,225,106,63
1788429434.923764,iOS Bluetooth,209,110,0
1788429434.923764,iOS Bluetooth,209,0,0
1788429434.923764,iOS Bluetooth,226,93,62
1788429434.923764,iOS Bluetooth,210,16,0
1788429434.923764,iOS Bluetooth,210,0,0
1788429434.938515,iOS Bluetooth,227,57,63
1788429434.938515,iOS Bluetooth,211,19,0
1788429434.938515,iOS Bluetooth,211,0,0
1788429434.938515,iOS Bluetooth,228,117,64
1788429434.938515,iOS Bluetooth,230,18,65
1788429434.938515,iOS Bluetooth,231,106,63
1788429434.953595,iOS Bluetooth,215,3,0
1788429434.953595,iOS Bluetooth,215,0,0
1788429434.953595,iOS Bluetooth,232,93,62
1788429434.953595,iOS Bluetooth,216,27,0
1788429434.953595,iOS Bluetooth,216,0,0
1788429434.953595,iOS Bluetooth,233,61,63
1788429434.953595,iOS Bluetooth,217,89,0
1788429434.953595,iOS Bluetooth,217,0,0
1788429434.968804,iOS Bluetooth,234,125,64
1788429434.968804,iOS Bluetooth,218,8,0
1788429434.968804,iOS Bluetooth,218,0,0
1788429434.968804,iOS Bluetooth,239,11,65
1788429434.968804,iOS Bluetooth,223,24,0
1788429434.968804,iOS Bluetooth,223,0,0
1788429434.968804,iOS Bluetooth,225,87,63
1788429434.983643,iOS Bluetooth,209,107,0
1788429434.983643,iOS Bluetooth,209,0,0
1788429434.983643,iOS Bluetooth,226,92,62
1788429434.983643,iOS Bluetooth,210,11,0
1788429434.983643,iOS Bluetooth,210,0,0
1788429434.983643,iOS Bluetooth,227,76,63
1788429434.983643,iOS Bluetooth,227,0,0
1788429435.006845,iOS Bluetooth,228,4,65
1788429435.006845,iOS Bluetooth,212,47,0
1788429435.006845,iOS Bluetooth,212,0,0
1788429435.006845,iOS Bluetooth,230,6,65
1788429435.006845,iOS Bluetooth,214,47,0
1788429435.006845,iOS Bluetooth,214,0,0
1788429435.013682,iOS Bluetooth,215,1,0
1788429435.013682,iOS Bluetooth,215,0,0
1788429435.013682,iOS Bluetooth,232,91,62
1788429435.028793,iOS Bluetooth,216,32,0
1788429435.028793,iOS Bluetooth,216,0,0
1788429435.028793,iOS Bluetooth,233,82,63
1788429435.028793,iOS Bluetooth,233,0,0
1788429435.028793,iOS Bluetooth,233,0,18
1788429435.028793,iOS Bluetooth,233,10,65
1788429435.044040,iOS Bluetooth,218,3,0
1788429435.044040,iOS Bluetooth,218,0,0
1788429435.044040,iOS Bluetooth,239,126,64
1788429435.044040,iOS Bluetooth,223,33,0
1788429435.044040,iOS Bluetooth,223,0,0
1788429435.044040,iOS Bluetooth,223,0,0
1788429435.044040,iOS Bluetooth,223,0,0
1788429435.044040,iOS Bluetooth,223,0,0
1788429435.044040,iOS Bluetooth,209,90,0
1788429435.044040,iOS Bluetooth,209,0,0
1788429435.058809,iOS Bluetooth,210,7,0
1788429435.058809,iOS Bluetooth,210,0,0
1788429435.058809,iOS Bluetooth,227,99,63
1788429435.058809,iOS Bluetooth,211,34,0
1788429435.058809,iOS Bluetooth,211,0,0
1788429435.058809,iOS Bluetooth,211,0,0
1788429435.058809,iOS Bluetooth,211,0,0
1788429435.058809,iOS Bluetooth,211,0,0
1788429435.058809,iOS Bluetooth,212,48,0
1788429435.058809,iOS Bluetooth,212,0,0
1788429435.073518,iOS Bluetooth,230,121,64
1788429435.073518,iOS Bluetooth,231,59,63
1788429435.073518,iOS Bluetooth,231,0,0
1788429435.073518,iOS Bluetooth,231,0,0
1788429435.073518,iOS Bluetooth,231,0,0
1788429435.073518,iOS Bluetooth,216,37,0
1788429435.073518,iOS Bluetooth,216,0,0
1788429435.088553,iOS Bluetooth,233,104,63
1788429435.088553,iOS Bluetooth,217,88,0
1788429435.088553,iOS Bluetooth,217,0,0
1788429435.088553,iOS Bluetooth,217,0,0
1788429435.088553,iOS Bluetooth,217,0,0
1788429435.088553,iOS Bluetooth,217,0,0
1788429435.088553,iOS Bluetooth,217,0,0
1788429435.088553,iOS Bluetooth,217,0,0
1788429435.088553,iOS Bluetooth,217,0,0
1788429435.088553,iOS Bluetooth,239,113,64
1788429435.111699,iOS Bluetooth,223,44,0
1788429435.111699,iOS Bluetooth,223,0,0
1788429435.111699,iOS Bluetooth,225,46,63
1788429435.111699,iOS Bluetooth,225,0,0
1788429435.111699,iOS Bluetooth,225,0,0
1788429435.111699,iOS Bluetooth,225,0,0
1788429435.127057,iOS Bluetooth,210,3,0
1788429435.127057,iOS Bluetooth,210,0,0
1788429435.127057,iOS Bluetooth,227,119,63
1788429435.127057,iOS Bluetooth,211,42,0
1788429435.127057,iOS Bluetooth,211,0,0
1788429435.127057,iOS Bluetooth,228,25,65
1788429435.127057,iOS Bluetooth,230,107,64
1788429435.148619,iOS Bluetooth,214,46,0
1788429435.148619,iOS Bluetooth,214,0,0
1788429435.148619,iOS Bluetooth,231,39,63
1788429435.148619,iOS Bluetooth,215,1,0
1788429435.148619,iOS Bluetooth,215,0,0
1788429435.148619,iOS Bluetooth,232,98,62
1788429435.148619,iOS Bluetooth,216,42,0
1788429435.148619,iOS Bluetooth,216,0,0
1788429435.156805,iOS Bluetooth,233,126,63
1788429435.156805,iOS Bluetooth,217,76,0
1788429435.156805,iOS Bluetooth,217,0,0
1788429435.156805,iOS Bluetooth,234,29,65
1788429435.156805,iOS Bluetooth,218,0,0
1788429435.156805,iOS Bluetooth,218,0,0
1788429435.156805,iOS Bluetooth,239,96,64
1788429435.171755,iOS Bluetooth,223,58,0
1788429435.171755,iOS Bluetooth,223,0,0
1788429435.171755,iOS Bluetooth,225,27,63
1788429435.171755,iOS Bluetooth,209,62,0
1788429435.171755,iOS Bluetooth,209,0,0
1788429435.171755,iOS Bluetooth,226,102,62
1788429435.171755,iOS Bluetooth,210,1,0
1788429435.171755,iOS Bluetooth,210,0,0
1788429435.186907,iOS Bluetooth,227,10,64
1788429435.186907,iOS Bluetooth,211,55,0
1788429435.186907,iOS Bluetooth,211,0,0
1788429435.186907,iOS Bluetooth,228,32,65
1788429435.186907,iOS Bluetooth,212,49,0
1788429435.186907,iOS Bluetooth,212,0,0
1788429435.186907,iOS Bluetooth,212,0,0
1788429435.186907,iOS Bluetooth,212,0,0
1788429435.186907,iOS Bluetooth,212,0,0
1788429435.201740,iOS Bluetooth,231,21,63
1788429435.201740,iOS Bluetooth,215,4,0
1788429435.201740,iOS Bluetooth,215,0,0
1788429435.201740,iOS Bluetooth,223,0,0
1788429435.201740,iOS Bluetooth,223,0,0
1788429435.201740,iOS Bluetooth,143,66,64
1788429435.201740,iOS Bluetooth,235,0,64
1788429435.201740,iOS Bluetooth,155,66,96
1788429435.201740,iOS Bluetooth,232,105,62
1788429435.201740,iOS Bluetooth,216,47,0
1788429435.201740,iOS Bluetooth,216,0,0
1788429435.216751,iOS Bluetooth,217,65,0
1788429435.216751,iOS Bluetooth,217,0,0
1788429435.216751,iOS Bluetooth,234,34,65
1788429435.231740,iOS Bluetooth,235,77,64
1788429435.231740,iOS Bluetooth,219,72,0
1788429435.231740,iOS Bluetooth,219,0,0
1788429435.231740,iOS Bluetooth,219,0,0
1788429435.231740,iOS Bluetooth,219,0,0
1788429435.231740,iOS Bluetooth,219,0,0
1788429435.231740,iOS Bluetooth,225,11,63
1788429435.246748,iOS Bluetooth,209,50,0
1788429435.246748,iOS Bluetooth,209,0,0
1788429435.246748,iOS Bluetooth,226,111,62
1788429435.246748,iOS Bluetooth,210,0,0
1788429435.246748,iOS Bluetooth,210,0,0
1788429435.246748,iOS Bluetooth,210,0,0
1788429435.246748,iOS Bluetooth,210,0,0
1788429435.246748,iOS Bluetooth,210,0,0
1788429435.246748,iOS Bluetooth,211,70,0
1788429435.246748,iOS Bluetooth,211,0,0
1788429435.261937,iOS Bluetooth,228,36,65
1788429435.261937,iOS Bluetooth,230,69,64
1788429435.261937,iOS Bluetooth,230,0,0
1788429435.261937,iOS Bluetooth,230,0,0
1788429435.261937,iOS Bluetooth,230,0,0
1788429435.261937,iOS Bluetooth,215,7,0
1788429435.261937,iOS Bluetooth,215,0,0
1788429435.276597,iOS Bluetooth,232,115,62
1788429435.276597,iOS Bluetooth,216,53,0
1788429435.276597,iOS Bluetooth,216,0,0
1788429435.276597,iOS Bluetooth,216,0,0
1788429435.276597,iOS Bluetooth,216,0,0
1788429435.276597,iOS Bluetooth,216,0,0
1788429435.276597,iOS Bluetooth,216,0,0
1788429435.276597,iOS Bluetooth,216,0,0
1788429435.276597,iOS Bluetooth,216,0,0
1788429435.276597,iOS Bluetooth,234,36,65
1788429435.291655,iOS Bluetooth,218,2,0
1788429435.291655,iOS Bluetooth,218,0,0
1788429435.291655,iOS Bluetooth,235,57,64
1788429435.291655,iOS Bluetooth,235,0,0
1788429435.291655,iOS Bluetooth,235,0,0
1788429435.291655,iOS Bluetooth,235,0,0
1788429435.291655,iOS Bluetooth,209,42,0
1788429435.291655,iOS Bluetooth,209,0,0
1788429435.306607,iOS Bluetooth,226,123,62
1788429435.306607,iOS Bluetooth,227,52,64
1788429435.306607,iOS Bluetooth,227,0,0
1788429435.306607,iOS Bluetooth,227,0,0
1788429435.306607,iOS Bluetooth,227,0,0
1788429435.322074,iOS Bluetooth,230,43,64
1788429435.322074,iOS Bluetooth,214,31,0
1788429435.322074,iOS Bluetooth,214,0,0
1788429435.322074,iOS Bluetooth,231,121,62
1788429435.322074,iOS Bluetooth,215,11,0
1788429435.322074,iOS Bluetooth,215,0,0
1788429435.322074,iOS Bluetooth,232,127,62
1788429435.336843,iOS Bluetooth,216,59,0
1788429435.336843,iOS Bluetooth,216,0,0
1788429435.336843,iOS Bluetooth,233,58,64
1788429435.336843,iOS Bluetooth,217,47,0
1788429435.336843,iOS Bluetooth,217,0,0
1788429435.336843,iOS Bluetooth,218,4,0
1788429435.336843,iOS Bluetooth,218,0,0
1788429435.336843,iOS Bluetooth,235,38,64
1788429435.358721,iOS Bluetooth,219,102,0
1788429435.358721,iOS Bluetooth,219,0,0
1788429435.358721,iOS Bluetooth,225,114,62
1788429435.358721,iOS Bluetooth,209,33,0
1788429435.358721,iOS Bluetooth,209,0,0
1788429435.358721,iOS Bluetooth,226,8,63
1788429435.358721,iOS Bluetooth,210,1,0
1788429435.358721,iOS Bluetooth,210,0,0
1788429435.373810,iOS Bluetooth,227,72,64
1788429435.373810,iOS Bluetooth,211,78,0
1788429435.373810,iOS Bluetooth,211,0,0
1788429435.373810,iOS Bluetooth,228,35,65
1788429435.373810,iOS Bluetooth,230,22,64
1788429435.373810,iOS Bluetooth,214,20,0
1788429435.373810,iOS Bluetooth,214,0,0
1788429435.388717,iOS Bluetooth,231,110,62
1788429435.388717,iOS Bluetooth,215,15,0
1788429435.388717,iOS Bluetooth,215,0,0
1788429435.388717,iOS Bluetooth,232,13,63
1788429435.388717,iOS Bluetooth,216,65,0
1788429435.388717,iOS Bluetooth,216,0,0
1788429435.388717,iOS Bluetooth,216,0,0
1788429435.388717,iOS Bluetooth,216,0,0
1788429435.388717,iOS Bluetooth,216,0,0
1788429435.403531,iOS Bluetooth,217,35,0
1788429435.403531,iOS Bluetooth,217,0,0
1788429435.403531,iOS Bluetooth,234,34,65
1788429435.403531,iOS Bluetooth,218,8,0
1788429435.403531,iOS Bluetooth,218,0,0
1788429435.403531,iOS Bluetooth,235,16,64
1788429435.418561,iOS Bluetooth,225,104,62
1788429435.418561,iOS Bluetooth,209,26,0
1788429435.418561,iOS Bluetooth,209,0,0
1788429435.426870,iOS Bluetooth,226,24,63
1788429435.426870,iOS Bluetooth,210,5,0
1788429435.426870,iOS Bluetooth,210,0,0
1788429435.426870,iOS Bluetooth,210,0,0
1788429435.426870,iOS Bluetooth,210,0,0
1788429435.426870,iOS Bluetooth,210,0,0
1788429435.426870,iOS Bluetooth,211,71,0
1788429435.426870,iOS Bluetooth,211,0,0
1788429435.442015,iOS Bluetooth,228,30,65
1788429435.442015,iOS Bluetooth,230,3,64
1788429435.442015,iOS Bluetooth,214,5,0
1788429435.442015,iOS Bluetooth,214,0,0
1788429435.442015,iOS Bluetooth,214,0,0
1788429435.442015,iOS Bluetooth,214,0,0
1788429435.442015,iOS Bluetooth,214,0,0
1788429435.442015,iOS Bluetooth,215,19,0
1788429435.442015,iOS Bluetooth,215,0,0
1788429435.457050,iOS Bluetooth,232,30,63
1788429435.457050,iOS Bluetooth,216,73,0
1788429435.457050,iOS Bluetooth,216,0,0
1788429435.457050,iOS Bluetooth,233,96,64
1788429435.457050,iOS Bluetooth,233,0,0
1788429435.457050,iOS Bluetooth,233,0,66
1788429435.457050,iOS Bluetooth,233,28,65
1788429435.499800,iOS Bluetooth,218,13,0
1788429435.499800,iOS Bluetooth,218,0,0
1788429435.499800,iOS Bluetooth,235,122,63
1788429435.499800,iOS Bluetooth,235,0,0
1788429435.499800,iOS Bluetooth,235,0,0
1788429435.499800,iOS Bluetooth,235,0,0
1788429435.499800,iOS Bluetooth,209,20,0
1788429435.499800,iOS Bluetooth,209,0,0
1788429435.501774,iOS Bluetooth,226,42,63
1788429435.501774,iOS Bluetooth,210,12,0
1788429435.501774,iOS Bluetooth,210,0,0
1788429435.501774,iOS Bluetooth,210,0,0
1788429435.501774,iOS Bluetooth,210,0,0
1788429435.501774,iOS Bluetooth,210,0,0
1788429435.501774,iOS Bluetooth,210,0,0
1788429435.501774,iOS Bluetooth,210,0,0
1788429435.501774,iOS Bluetooth,210,0,0
1788429435.501774,iOS Bluetooth,228,24,65
1788429435.508891,iOS Bluetooth,212,48,0
1788429435.508891,iOS Bluetooth,212,0,0
1788429435.508891,iOS Bluetooth,230,121,63
1788429435.508891,iOS Bluetooth,230,0,0
1788429435.508891,iOS Bluetooth,230,0,0
1788429435.508891,iOS Bluetooth,230,0,0
1788429435.523818,iOS Bluetooth,215,24,0
1788429435.523818,iOS Bluetooth,215,0,0
1788429435.523818,iOS Bluetooth,232,49,63
1788429435.523818,iOS Bluetooth,216,82,0
1788429435.523818,iOS Bluetooth,216,0,0
1788429435.523818,iOS Bluetooth,233,115,64
1788429435.523818,iOS Bluetooth,217,12,0
1788429435.523818,iOS Bluetooth,217,0,0
1788429435.538713,iOS Bluetooth,234,18,65
1788429435.538713,iOS Bluetooth,218,19,0
1788429435.538713,iOS Bluetooth,218,0,0
1788429435.538713,iOS Bluetooth,235,101,63
1788429435.538713,iOS Bluetooth,219,111,0
1788429435.538713,iOS Bluetooth,219,0,0
1788429435.538713,iOS Bluetooth,225,93,62
1788429435.553752,iOS Bluetooth,209,14,0
1788429435.553752,iOS Bluetooth,209,0,0
1788429435.553752,iOS Bluetooth,226,62,63
1788429435.553752,iOS Bluetooth,210,22,0
1788429435.553752,iOS Bluetooth,210,0,0
1788429435.553752,iOS Bluetooth,227,125,64
1788429435.553752,iOS Bluetooth,211,61,0
1788429435.553752,iOS Bluetooth,211,0,0
1788429435.568825,iOS Bluetooth,228,13,65
1788429435.568825,iOS Bluetooth,230,97,63
1788429435.568825,iOS Bluetooth,214,2,0
1788429435.568825,iOS Bluetooth,214,0,0
1788429435.568825,iOS Bluetooth,231,92,62
1788429435.568825,iOS Bluetooth,215,29,0
1788429435.568825,iOS Bluetooth,215,0,0
1788429435.583773,iOS Bluetooth,232,69,63
1788429435.583773,iOS Bluetooth,216,93,0
1788429435.583773,iOS Bluetooth,216,0,0
1788429435.583773,iOS Bluetooth,233,2,65
1788429435.583773,iOS Bluetooth,217,6,0
1788429435.583773,iOS Bluetooth,217,0,0
1788429435.598527,iOS Bluetooth,218,27,0
1788429435.598527,iOS Bluetooth,218,0,0
1788429435.598527,iOS Bluetooth,235,79,63
1788429435.598527,iOS Bluetooth,176,118,16
1788429435.613615,iOS Bluetooth,219,100,0
1788429435.613615,iOS Bluetooth,219,0,0
1788429435.613615,iOS Bluetooth,225,91,62
1788429435.613615,iOS Bluetooth,225,0,0
1788429435.613615,iOS Bluetooth,225,0,90
1788429435.613615,iOS Bluetooth,225,85,63
1788429435.613615,iOS Bluetooth,210,30,0
1788429435.613615,iOS Bluetooth,210,0,0
1788429435.628615,iOS Bluetooth,227,10,65
1788429435.628615,iOS Bluetooth,211,57,0
1788429435.628615,iOS Bluetooth,211,0,0
1788429435.628615,iOS Bluetooth,211,0,0
1788429435.628615,iOS Bluetooth,211,0,0
1788429435.628615,iOS Bluetooth,211,0,0
1788429435.628615,iOS Bluetooth,212,47,0
1788429435.628615,iOS Bluetooth,212,0,0
1788429435.645530,iOS Bluetooth,230,70,63
1788429435.645530,iOS Bluetooth,214,0,0
1788429435.645530,iOS Bluetooth,214,0,0
1788429435.645530,iOS Bluetooth,215,34,0
1788429435.645530,iOS Bluetooth,215,0,0
1788429435.645530,iOS Bluetooth,215,0,0
1788429435.645530,iOS Bluetooth,215,0,0
1788429435.645530,iOS Bluetooth,215,0,0
1788429435.645530,iOS Bluetooth,216,95,0
1788429435.645530,iOS Bluetooth,216,0,0
1788429435.658764,iOS Bluetooth,233,14,65
1788429435.658764,iOS Bluetooth,217,2,0
1788429435.658764,iOS Bluetooth,217,0,0
1788429435.658764,iOS Bluetooth,234,122,64
1788429435.658764,iOS Bluetooth,234,0,0
1788429435.658764,iOS Bluetooth,234,0,10
1788429435.658764,iOS Bluetooth,234,58,63
1788429435.675526,iOS Bluetooth,219,84,0
1788429435.675526,iOS Bluetooth,219,0,0
1788429435.675526,iOS Bluetooth,225,93,62
1788429435.675526,iOS Bluetooth,225,0,0
1788429435.675526,iOS Bluetooth,225,0,0
1788429435.675526,iOS Bluetooth,225,0,0
1788429435.675526,iOS Bluetooth,210,37,0
1788429435.675526,iOS Bluetooth,210,0,0
1788429435.688818,iOS Bluetooth,227,21,65
1788429435.688818,iOS Bluetooth,211,53,0
1788429435.688818,iOS Bluetooth,211,0,0
1788429435.688818,iOS Bluetooth,211,0,0
1788429435.688818,iOS Bluetooth,211,0,0
1788429435.688818,iOS Bluetooth,211,0,0
1788429435.688818,iOS Bluetooth,211,0,0
1788429435.688818,iOS Bluetooth,211,0,0
1788429435.688818,iOS Bluetooth,211,0,0
1788429435.688818,iOS Bluetooth,230,51,63
1788429435.711788,iOS Bluetooth,231,94,62
1788429435.711788,iOS Bluetooth,215,39,0
1788429435.711788,iOS Bluetooth,215,0,0
1788429435.711788,iOS Bluetooth,215,0,0
1788429435.711788,iOS Bluetooth,215,0,0
1788429435.711788,iOS Bluetooth,215,0,0
1788429435.711788,iOS Bluetooth,215,0,0
1788429435.711788,iOS Bluetooth,215,0,0
1788429435.711788,iOS Bluetooth,215,0,0
1788429435.726734,iOS Bluetooth,233,24,65
1788429435.726734,iOS Bluetooth,217,0,0
1788429435.726734,iOS Bluetooth,217,0,0
1788429435.726734,iOS Bluetooth,234,107,64
1788429435.726734,iOS Bluetooth,218,49,0
1788429435.726734,iOS Bluetooth,218,0,0
1788429435.726734,iOS Bluetooth,235,39,63
1788429435.741888,iOS Bluetooth,219,70,0
1788429435.741888,iOS Bluetooth,219,0,0
1788429435.741888,iOS Bluetooth,225,98,62
1788429435.741888,iOS Bluetooth,209,3,0
1788429435.741888,iOS Bluetooth,209,0,0
1788429435.741888,iOS Bluetooth,226,126,63
1788429435.741888,iOS Bluetooth,210,46,0
1788429435.741888,iOS Bluetooth,210,0,0
1788429435.756835,iOS Bluetooth,227,29,65
1788429435.756835,iOS Bluetooth,211,49,0
1788429435.756835,iOS Bluetooth,211,0,0
1788429435.756835,iOS Bluetooth,228,96,64
1788429435.756835,iOS Bluetooth,230,32,63
1788429435.756835,iOS Bluetooth,214,2,0
1788429435.756835,iOS Bluetooth,214,0,0
1788429435.772032,iOS Bluetooth,231,100,62
1788429435.772032,iOS Bluetooth,215,44,0
1788429435.772032,iOS Bluetooth,215,0,0
1788429435.772032,iOS Bluetooth,232,5,64
1788429435.772032,iOS Bluetooth,216,71,0
1788429435.772032,iOS Bluetooth,216,0,0
1788429435.772032,iOS Bluetooth,233,30,65
1788429435.786979,iOS Bluetooth,235,21,63
1788429435.786979,iOS Bluetooth,219,59,0
1788429435.786979,iOS Bluetooth,219,0,0
1788429435.802018,iOS Bluetooth,209,1,0
1788429435.802018,iOS Bluetooth,209,0,0
1788429435.802018,iOS Bluetooth,226,15,64
1788429435.802018,iOS Bluetooth,209,0,0
1788429435.802018,iOS Bluetooth,209,0,0
1788429435.802018,iOS Bluetooth,129,69,64
1788429435.802018,iOS Bluetooth,236,0,64
1788429435.802018,iOS Bluetooth,156,69,96
1788429435.808763,iOS Bluetooth,210,60,0
1788429435.808763,iOS Bluetooth,210,0,0
1788429435.808763,iOS Bluetooth,227,34,65
1788429435.808763,iOS Bluetooth,227,0,0
1788429435.808763,iOS Bluetooth,227,0,34
1788429435.808763,iOS Bluetooth,227,79,64
1788429435.808763,iOS Bluetooth,230,17,63
1788429435.823617,iOS Bluetooth,214,5,0
1788429435.823617,iOS Bluetooth,214,0,0
1788429435.823617,iOS Bluetooth,231,108,62
1788429435.823617,iOS Bluetooth,231,0,0
1788429435.823617,iOS Bluetooth,231,0,50
1788429435.823617,iOS Bluetooth,231,23,64
1788429435.846820,iOS Bluetooth,216,61,0
1788429435.846820,iOS Bluetooth,216,0,0
1788429435.846820,iOS Bluetooth,233,35,65
1788429435.846820,iOS Bluetooth,217,1,0
1788429435.846820,iOS Bluetooth,217,0,0
1788429435.846820,iOS Bluetooth,217,0,0
1788429435.846820,iOS Bluetooth,217,0,0
1788429435.846820,iOS Bluetooth,217,0,0
1788429435.846820,iOS Bluetooth,218,79,0
1788429435.846820,iOS Bluetooth,218,0,0
1788429435.861756,iOS Bluetooth,235,5,63
1788429435.861756,iOS Bluetooth,219,48,0
1788429435.861756,iOS Bluetooth,219,0,0
1788429435.861756,iOS Bluetooth,219,0,0
1788429435.861756,iOS Bluetooth,219,0,0
1788429435.861756,iOS Bluetooth,219,0,0
1788429435.861756,iOS Bluetooth,219,0,0
1788429435.861756,iOS Bluetooth,219,0,0
1788429435.861756,iOS Bluetooth,219,0,0
1788429435.861756,iOS Bluetooth,210,73,0
1788429435.861756,iOS Bluetooth,210,0,0
1788429435.876729,iOS Bluetooth,227,36,65
1788429435.876729,iOS Bluetooth,211,42,0
1788429435.876729,iOS Bluetooth,211,0,0
1788429435.876729,iOS Bluetooth,211,0,0
1788429435.876729,iOS Bluetooth,211,0,0
1788429435.876729,iOS Bluetooth,211,0,0
1788429435.876729,iOS Bluetooth,211,0,0
1788429435.876729,iOS Bluetooth,211,0,0
1788429435.876729,iOS Bluetooth,211,0,0
1788429435.876729,iOS Bluetooth,230,2,63
1788429435.891805,iOS Bluetooth,214,9,0
1788429435.891805,iOS Bluetooth,214,0,0
1788429435.891805,iOS Bluetooth,231,118,62
1788429435.891805,iOS Bluetooth,231,0,0
1788429435.891805,iOS Bluetooth,231,0,0
1788429435.891805,iOS Bluetooth,231,0,0
1788429435.891805,iOS Bluetooth,216,53,0
1788429435.891805,iOS Bluetooth,216,0,0
1788429435.906635,iOS Bluetooth,233,37,65
1788429435.906635,iOS Bluetooth,217,3,0
1788429435.906635,iOS Bluetooth,217,0,0
1788429435.906635,iOS Bluetooth,217,0,0
1788429435.906635,iOS Bluetooth,217,0,0
1788429435.906635,iOS Bluetooth,217,0,0
1788429435.906635,iOS Bluetooth,217,0,0
1788429435.906635,iOS Bluetooth,217,0,0
1788429435.906635,iOS Bluetooth,217,0,0
1788429435.921646,iOS Bluetooth,235,120,62
1788429435.921646,iOS Bluetooth,219,38,0
1788429435.921646,iOS Bluetooth,219,0,0
1788429435.921646,iOS Bluetooth,236,127,62
1788429435.921646,iOS Bluetooth,220,1,0
1788429435.921646,iOS Bluetooth,220,0,0
1788429435.921646,iOS Bluetooth,226,60,64
1788429435.936822,iOS Bluetooth,210,83,0
1788429435.936822,iOS Bluetooth,210,0,0
1788429435.936822,iOS Bluetooth,211,39,0
1788429435.936822,iOS Bluetooth,211,0,0
1788429435.936822,iOS Bluetooth,228,37,64
1788429435.936822,iOS Bluetooth,212,26,0
1788429435.936822,iOS Bluetooth,212,0,0
1788429435.936822,iOS Bluetooth,230,117,62
1788429435.958692,iOS Bluetooth,214,13,0
1788429435.958692,iOS Bluetooth,214,0,0
1788429435.958692,iOS Bluetooth,231,4,63
1788429435.958692,iOS Bluetooth,215,62,0
1788429435.958692,iOS Bluetooth,215,0,0
1788429435.958692,iOS Bluetooth,232,67,64
1788429435.958692,iOS Bluetooth,216,43,0
1788429435.958692,iOS Bluetooth,216,0,0
1788429435.973864,iOS Bluetooth,233,35,65
1788429435.973864,iOS Bluetooth,217,5,0
1788429435.973864,iOS Bluetooth,217,0,0
1788429435.973864,iOS Bluetooth,234,27,64
1788429435.973864,iOS Bluetooth,218,103,0
1788429435.973864,iOS Bluetooth,218,0,0
1788429435.973864,iOS Bluetooth,235,110,62
1788429435.988647,iOS Bluetooth,219,30,0
1788429435.988647,iOS Bluetooth,219,0,0
1788429435.988647,iOS Bluetooth,236,13,63
1788429435.988647,iOS Bluetooth,220,3,0
1788429435.988647,iOS Bluetooth,220,0,0
1788429435.988647,iOS Bluetooth,226,80,64
1788429435.996746,iOS Bluetooth,227,33,65
1788429435.996746,iOS Bluetooth,211,35,0
1788429435.996746,iOS Bluetooth,211,0,0
1788429436.011643,iOS Bluetooth,228,11,64
1788429436.011643,iOS Bluetooth,212,13,0
1788429436.011643,iOS Bluetooth,212,0,0
1788429436.011643,iOS Bluetooth,212,0,0
1788429436.011643,iOS Bluetooth,212,0,0
1788429436.011643,iOS Bluetooth,212,0,0
1788429436.011643,iOS Bluetooth,214,17,0
1788429436.011643,iOS Bluetooth,214,0,0
1788429436.011643,iOS Bluetooth,231,19,63
1788429436.025650,iOS Bluetooth,215,69,0
1788429436.025650,iOS Bluetooth,215,0,0
1788429436.025650,iOS Bluetooth,232,87,64
1788429436.025650,iOS Bluetooth,232,0,0
1788429436.025650,iOS Bluetooth,232,0,122
1788429436.025650,iOS Bluetooth,232,31,65
1788429436.041772,iOS Bluetooth,217,10,0
1788429436.041772,iOS Bluetooth,217,0,0
1788429436.041772,iOS Bluetooth,234,5,64
1788429436.041772,iOS Bluetooth,218,107,0
1788429436.041772,iOS Bluetooth,218,0,0
1788429436.041772,iOS Bluetooth,218,0,0
1788429436.041772,iOS Bluetooth,218,0,0
1788429436.041772,iOS Bluetooth,218,0,0
1788429436.041772,iOS Bluetooth,219,23,0
1788429436.041772,iOS Bluetooth,219,0,0
1788429436.057192,iOS Bluetooth,236,32,63
1788429436.057192,iOS Bluetooth,220,8,0
1788429436.057192,iOS Bluetooth,220,0,0
1788429436.057192,iOS Bluetooth,220,0,0
1788429436.057192,iOS Bluetooth,220,0,0
1788429436.057192,iOS Bluetooth,220,0,0
1788429436.057192,iOS Bluetooth,220,0,0
1788429436.057192,iOS Bluetooth,220,0,0
1788429436.057192,iOS Bluetooth,220,0,0
1788429436.057192,iOS Bluetooth,227,27,65
1788429436.078772,iOS Bluetooth,211,30,0
1788429436.078772,iOS Bluetooth,211,0,0
1788429436.078772,iOS Bluetooth,228,0,64
1788429436.078772,iOS Bluetooth,228,0,0
1788429436.078772,iOS Bluetooth,228,0,0
1788429436.078772,iOS Bluetooth,228,0,0
1788429436.078772,iOS Bluetooth,214,22,0
1788429436.078772,iOS Bluetooth,214,0,0
1788429436.093734,iOS Bluetooth,231,39,63
1788429436.093734,iOS Bluetooth,215,77,0
1788429436.093734,iOS Bluetooth,215,0,0
1788429436.093734,iOS Bluetooth,215,0,0
1788429436.093734,iOS Bluetooth,215,0,0
1788429436.093734,iOS Bluetooth,215,0,0
1788429436.093734,iOS Bluetooth,215,0,0
1788429436.093734,iOS Bluetooth,215,0,0
1788429436.093734,iOS Bluetooth,215,0,0
1788429436.093734,iOS Bluetooth,233,24,65
1788429436.108796,iOS Bluetooth,217,16,0
1788429436.108796,iOS Bluetooth,217,0,0
1788429436.108796,iOS Bluetooth,234,111,63
1788429436.108796,iOS Bluetooth,234,0,0
1788429436.108796,iOS Bluetooth,234,0,0
1788429436.108796,iOS Bluetooth,234,0,0
1788429436.123809,iOS Bluetooth,219,16,0
1788429436.123809,iOS Bluetooth,219,0,0
1788429436.123809,iOS Bluetooth,236,51,63
1788429436.123809,iOS Bluetooth,220,17,0
1788429436.123809,iOS Bluetooth,220,0,0
1788429436.123809,iOS Bluetooth,226,117,64
1788429436.123809,iOS Bluetooth,210,63,0
1788429436.123809,iOS Bluetooth,210,0,0
1788429436.138645,iOS Bluetooth,227,17,65
1788429436.138645,iOS Bluetooth,211,26,0
1788429436.138645,iOS Bluetooth,211,0,0
1788429436.138645,iOS Bluetooth,228,106,63
1788429436.138645,iOS Bluetooth,212,4,0
1788429436.138645,iOS Bluetooth,212,0,0
1788429436.138645,iOS Bluetooth,230,93,62
1788429436.154044,iOS Bluetooth,214,27,0
1788429436.154044,iOS Bluetooth,214,0,0
1788429436.154044,iOS Bluetooth,231,59,63
1788429436.154044,iOS Bluetooth,215,89,0
1788429436.154044,iOS Bluetooth,215,0,0
1788429436.154044,iOS Bluetooth,232,123,64
1788429436.154044,iOS Bluetooth,216,8,0
1788429436.154044,iOS Bluetooth,216,0,0
1788429436.168828,iOS Bluetooth,233,13,65
1788429436.168828,iOS Bluetooth,217,23,0
1788429436.168828,iOS Bluetooth,217,0,0
1788429436.168828,iOS Bluetooth,234,87,63
1788429436.168828,iOS Bluetooth,218,109,0
1788429436.168828,iOS Bluetooth,218,0,0
1788429436.168828,iOS Bluetooth,235,92,62
1788429436.183942,iOS Bluetooth,219,11,0
1788429436.183942,iOS Bluetooth,219,0,0
1788429436.183942,iOS Bluetooth,236,74,63
1788429436.183942,iOS Bluetooth,220,26,0
1788429436.183942,iOS Bluetooth,220,0,0
1788429436.183942,iOS Bluetooth,226,3,65
1788429436.183942,iOS Bluetooth,226,0,0
1788429436.206776,iOS Bluetooth,227,5,65
1788429436.206776,iOS Bluetooth,211,22,0
1788429436.206776,iOS Bluetooth,211,0,0
1788429436.206776,iOS Bluetooth,228,79,63
1788429436.206776,iOS Bluetooth,212,1,0
1788429436.206776,iOS Bluetooth,212,0,0
1788429436.213604,iOS Bluetooth,214,32,0
1788429436.213604,iOS Bluetooth,214,0,0
1788429436.213604,iOS Bluetooth,231,79,63
1788429436.228559,iOS Bluetooth,215,99,0
1788429436.228559,iOS Bluetooth,215,0,0
1788429436.228559,iOS Bluetooth,232,8,65
1788429436.228559,iOS Bluetooth,232,0,0
1788429436.228559,iOS Bluetooth,232,0,66
1788429436.228559,iOS Bluetooth,232,0,65
1788429436.243580,iOS Bluetooth,217,33,0
1788429436.243580,iOS Bluetooth,217,0,0
1788429436.243580,iOS Bluetooth,234,66,63
1788429436.243580,iOS Bluetooth,218,92,0
1788429436.243580,iOS Bluetooth,218,0,0
1788429436.243580,iOS Bluetooth,218,0,0
1788429436.243580,iOS Bluetooth,218,0,0
1788429436.243580,iOS Bluetooth,218,0,0
1788429436.243580,iOS Bluetooth,236,96,63
1788429436.258554,iOS Bluetooth,220,34,0
1788429436.258554,iOS Bluetooth,220,0,0
1788429436.258554,iOS Bluetooth,226,16,65
1788429436.258554,iOS Bluetooth,210,55,0
1788429436.258554,iOS Bluetooth,210,0,0
1788429436.258554,iOS Bluetooth,210,0,0
1788429436.258554,iOS Bluetooth,210,0,0
1788429436.258554,iOS Bluetooth,210,0,0
1788429436.258554,iOS Bluetooth,211,18,0
1788429436.258554,iOS Bluetooth,211,0,0
1788429436.273658,iOS Bluetooth,228,56,63
1788429436.273658,iOS Bluetooth,212,0,0
1788429436.273658,iOS Bluetooth,212,0,0
1788429436.273658,iOS Bluetooth,212,0,0
1788429436.273658,iOS Bluetooth,212,0,0
1788429436.273658,iOS Bluetooth,212,0,0
1788429436.273658,iOS Bluetooth,212,0,0
1788429436.273658,iOS Bluetooth,212,0,0
1788429436.273658,iOS Bluetooth,212,0,0
1788429436.273658,iOS Bluetooth,231,102,63
1788429436.288836,iOS Bluetooth,215,88,0
1788429436.288836,iOS Bluetooth,215,0,0
1788429436.288836,iOS Bluetooth,232,20,65
1788429436.288836,iOS Bluetooth,232,0,0
1788429436.288836,iOS Bluetooth,232,0,0
1788429436.288836,iOS Bluetooth,232,0,0
1788429436.288836,iOS Bluetooth,217,42,0
1788429436.288836,iOS Bluetooth,217,0,0
1788429436.311794,iOS Bluetooth,234,46,63
1788429436.311794,iOS Bluetooth,218,77,0
1788429436.311794,iOS Bluetooth,218,0,0
1788429436.311794,iOS Bluetooth,218,0,0
1788429436.311794,iOS Bluetooth,218,0,0
1788429436.311794,iOS Bluetooth,218,0,0
1788429436.311794,iOS Bluetooth,218,0,0
1788429436.311794,iOS Bluetooth,218,0,0
1788429436.311794,iOS Bluetooth,218,0,0
1788429436.326874,iOS Bluetooth,236,119,63
1788429436.326874,iOS Bluetooth,220,42,0
1788429436.326874,iOS Bluetooth,220,0,0
1788429436.326874,iOS Bluetooth,226,25,65
1788429436.326874,iOS Bluetooth,210,50,0
1788429436.326874,iOS Bluetooth,210,0,0
1788429436.326874,iOS Bluetooth,227,102,64
1788429436.341801,iOS Bluetooth,211,13,0
1788429436.341801,iOS Bluetooth,211,0,0
1788429436.341801,iOS Bluetooth,228,36,63
1788429436.341801,iOS Bluetooth,212,1,0
1788429436.341801,iOS Bluetooth,212,0,0
1788429436.341801,iOS Bluetooth,230,98,62
1788429436.341801,iOS Bluetooth,214,42,0
1788429436.341801,iOS Bluetooth,214,0,0
1788429436.356849,iOS Bluetooth,231,126,63
1788429436.356849,iOS Bluetooth,215,76,0
1788429436.356849,iOS Bluetooth,215,0,0
1788429436.356849,iOS Bluetooth,232,29,65
1788429436.356849,iOS Bluetooth,216,0,0
1788429436.356849,iOS Bluetooth,216,0,0
1788429436.356849,iOS Bluetooth,233,96,64
1788429436.371683,iOS Bluetooth,217,58,0
1788429436.371683,iOS Bluetooth,217,0,0
1788429436.371683,iOS Bluetooth,234,27,63
1788429436.371683,iOS Bluetooth,218,62,0
1788429436.371683,iOS Bluetooth,218,0,0
1788429436.371683,iOS Bluetooth,235,102,62
1788429436.371683,iOS Bluetooth,219,1,0
1788429436.371683,iOS Bluetooth,219,0,0
1788429436.386871,iOS Bluetooth,236,10,64
1788429436.386871,iOS Bluetooth,220,55,0
1788429436.386871,iOS Bluetooth,220,0,0
1788429436.386871,iOS Bluetooth,226,32,65
1788429436.386871,iOS Bluetooth,210,47,0
1788429436.386871,iOS Bluetooth,210,0,0
1788429436.386871,iOS Bluetooth,210,0,0
1788429436.386871,iOS Bluetooth,210,0,0
1788429436.386871,iOS Bluetooth,210,0,0
1788429436.401672,iOS Bluetooth,211,9,0
1788429436.401672,iOS Bluetooth,211,0,0
1788429436.401672,iOS Bluetooth,228,19,63
1788429436.401672,iOS Bluetooth,210,0,0
1788429436.401672,iOS Bluetooth,210,0,0
1788429436.401672,iOS Bluetooth,130,72,64
1788429436.401672,iOS Bluetooth,237,0,64
1788429436.401672,iOS Bluetooth,157,72,96
1788429436.401672,iOS Bluetooth,212,4,0
1788429436.401672,iOS Bluetooth,212,0,0
1788429436.401672,iOS Bluetooth,230,105,62
1788429436.416793,iOS Bluetooth,231,18,64
1788429436.416793,iOS Bluetooth,215,65,0
1788429436.416793,iOS Bluetooth,215,0,0
1788429436.431782,iOS Bluetooth,232,34,65
1788429436.431782,iOS Bluetooth,233,77,64
1788429436.431782,iOS Bluetooth,233,0,0
1788429436.431782,iOS Bluetooth,233,0,10
1788429436.431782,iOS Bluetooth,233,11,63
1788429436.446819,iOS Bluetooth,218,50,0
1788429436.446819,iOS Bluetooth,218,0,0
1788429436.446819,iOS Bluetooth,235,111,62
1788429436.446819,iOS Bluetooth,219,0,0
1788429436.446819,iOS Bluetooth,219,0,0
1788429436.446819,iOS Bluetooth,219,0,0
1788429436.446819,iOS Bluetooth,219,0,0
1788429436.446819,iOS Bluetooth,219,0,0
1788429436.446819,iOS Bluetooth,220,70,0
1788429436.446819,iOS Bluetooth,220,0,0
1788429436.461910,iOS Bluetooth,237,36,65
1788429436.461910,iOS Bluetooth,221,43,0
1788429436.461910,iOS Bluetooth,221,0,0
1788429436.461910,iOS Bluetooth,226,33,65
1788429436.461910,iOS Bluetooth,226,0,0
1788429436.461910,iOS Bluetooth,226,0,42
1788429436.461910,iOS Bluetooth,226,4,0
1788429436.476869,iOS Bluetooth,228,2,63
1788429436.476869,iOS Bluetooth,212,8,0
1788429436.476869,iOS Bluetooth,212,0,0
1788429436.476869,iOS Bluetooth,212,0,0
1788429436.476869,iOS Bluetooth,212,0,0
1788429436.476869,iOS Bluetooth,212,0,0
1788429436.476869,iOS Bluetooth,212,0,0
1788429436.476869,iOS Bluetooth,212,0,0
1788429436.476869,iOS Bluetooth,212,0,0
1788429436.476869,iOS Bluetooth,231,39,64
1788429436.491631,iOS Bluetooth,215,54,0
1788429436.491631,iOS Bluetooth,215,0,0
1788429436.491631,iOS Bluetooth,232,36,65
1788429436.491631,iOS Bluetooth,232,0,0
1788429436.491631,iOS Bluetooth,232,0,0
1788429436.491631,iOS Bluetooth,232,0,0
1788429436.491631,iOS Bluetooth,217,94,0
1788429436.491631,iOS Bluetooth,217,0,0
1788429436.506982,iOS Bluetooth,234,123,62
1788429436.506982,iOS Bluetooth,218,41,0
1788429436.506982,iOS Bluetooth,218,0,0
1788429436.506982,iOS Bluetooth,218,0,0
1788429436.506982,iOS Bluetooth,218,0,0
1788429436.506982,iOS Bluetooth,218,0,0
1788429436.506982,iOS Bluetooth,218,0,0
1788429436.506982,iOS Bluetooth,218,0,0
1788429436.506982,iOS Bluetooth,218,0,0
1788429436.521915,iOS Bluetooth,220,85,0
1788429436.521915,iOS Bluetooth,220,0,0
1788429436.521915,iOS Bluetooth,221,39,0
1788429436.521915,iOS Bluetooth,221,0,0
1788429436.521915,iOS Bluetooth,227,39,64
1788429436.521915,iOS Bluetooth,211,1,0
1788429436.521915,iOS Bluetooth,211,0,0
1788429436.521915,iOS Bluetooth,228,118,62
1788429436.544049,iOS Bluetooth,212,12,0
1788429436.544049,iOS Bluetooth,212,0,0
1788429436.544049,iOS Bluetooth,230,0,63
1788429436.544049,iOS Bluetooth,214,59,0
1788429436.544049,iOS Bluetooth,214,0,0
1788429436.544049,iOS Bluetooth,231,61,64
1788429436.544049,iOS Bluetooth,215,46,0
1788429436.544049,iOS Bluetooth,215,0,0
1788429436.558886,iOS Bluetooth,216,5,0
1788429436.558886,iOS Bluetooth,216,0,0
1788429436.558886,iOS Bluetooth,233,35,64
1788429436.558886,iOS Bluetooth,217,102,0
1788429436.558886,iOS Bluetooth,217,0,0
1788429436.558886,iOS Bluetooth,234,112,62
1788429436.558886,iOS Bluetooth,218,33,0
1788429436.558886,iOS Bluetooth,218,0,0
1788429436.573842,iOS Bluetooth,235,9,63
1788429436.573842,iOS Bluetooth,219,2,0
1788429436.573842,iOS Bluetooth,219,0,0
1788429436.573842,iOS Bluetooth,236,75,64
1788429436.573842,iOS Bluetooth,220,77,0
1788429436.573842,iOS Bluetooth,220,0,0
1788429436.573842,iOS Bluetooth,237,34,65
1788429436.588834,iOS Bluetooth,221,36,0
1788429436.588834,iOS Bluetooth,221,0,0
1788429436.588834,iOS Bluetooth,227,15,64
1788429436.588834,iOS Bluetooth,211,0,0
1788429436.588834,iOS Bluetooth,211,0,0
1788429436.588834,iOS Bluetooth,228,107,62
1788429436.588834,iOS Bluetooth,228,0,0
1788429436.603924,iOS Bluetooth,230,15,63
1788429436.603924,iOS Bluetooth,214,66,0
1788429436.603924,iOS Bluetooth,214,0,0
1788429436.603924,iOS Bluetooth,176,118,17
1788429436.603924,iOS Bluetooth,231,82,64
1788429436.603924,iOS Bluetooth,215,33,0
1788429436.603924,iOS Bluetooth,215,0,0
1788429436.618737,iOS Bluetooth,216,8,0
1788429436.618737,iOS Bluetooth,216,0,0
1788429436.618737,iOS Bluetooth,233,13,64
1788429436.626827,iOS Bluetooth,217,106,0
1788429436.626827,iOS Bluetooth,217,0,0
1788429436.626827,iOS Bluetooth,234,103,62
1788429436.626827,iOS Bluetooth,234,0,0
1788429436.626827,iOS Bluetooth,234,0,82
1788429436.626827,iOS Bluetooth,234,26,63
1788429436.642017,iOS Bluetooth,219,6,0
1788429436.642017,iOS Bluetooth,219,0,0
1788429436.642017,iOS Bluetooth,236,94,64
1788429436.642017,iOS Bluetooth,220,70,0
1788429436.642017,iOS Bluetooth,220,0,0
1788429436.642017,iOS Bluetooth,220,0,0
1788429436.642017,iOS Bluetooth,220,0,0
1788429436.642017,iOS Bluetooth,220,0,0
1788429436.642017,iOS Bluetooth,221,32,0
1788429436.642017,iOS Bluetooth,221,0,0
1788429436.657043,iOS Bluetooth,227,0,64
1788429436.657043,iOS Bluetooth,228,99,62
1788429436.657043,iOS Bluetooth,212,20,0
1788429436.657043,iOS Bluetooth,212,0,0
1788429436.657043,iOS Bluetooth,212,0,0
1788429436.657043,iOS Bluetooth,212,0,0
1788429436.657043,iOS Bluetooth,212,0,0
1788429436.657043,iOS Bluetooth,214,74,0
1788429436.657043,iOS Bluetooth,214,0,0
1788429436.678698,iOS Bluetooth,231,101,64
1788429436.678698,iOS Bluetooth,215,19,0
1788429436.678698,iOS Bluetooth,215,0,0
1788429436.678698,iOS Bluetooth,215,0,0
1788429436.678698,iOS Bluetooth,215,0,0
1788429436.678698,iOS Bluetooth,215,0,0
1788429436.678698,iOS Bluetooth,215,0,0
1788429436.678698,iOS Bluetooth,215,0,0
1788429436.678698,iOS Bluetooth,215,0,0
1788429436.678698,iOS Bluetooth,233,120,63
1788429436.693698,iOS Bluetooth,217,109,0
1788429436.693698,iOS Bluetooth,217,0,0
1788429436.693698,iOS Bluetooth,234,96,62
1788429436.693698,iOS Bluetooth,234,0,0
1788429436.693698,iOS Bluetooth,234,0,0
1788429436.693698,iOS Bluetooth,234,0,0
1788429436.693698,iOS Bluetooth,219,13,0
1788429436.693698,iOS Bluetooth,219,0,0
1788429436.709411,iOS Bluetooth,236,111,64
1788429436.709411,iOS Bluetooth,220,65,0
1788429436.709411,iOS Bluetooth,220,0,0
1788429436.709411,iOS Bluetooth,220,0,0
1788429436.709411,iOS Bluetooth,220,0,0
1788429436.709411,iOS Bluetooth,220,0,0
1788429436.709411,iOS Bluetooth,220,0,0
1788429436.709411,iOS Bluetooth,220,0,0
1788429436.709411,iOS Bluetooth,220,0,0
1788429436.724400,iOS Bluetooth,227,109,63
1788429436.724400,iOS Bluetooth,211,4,0
1788429436.724400,iOS Bluetooth,211,0,0
1788429436.724400,iOS Bluetooth,228,94,62
1788429436.724400,iOS Bluetooth,212,25,0
1788429436.724400,iOS Bluetooth,212,0,0
1788429436.724400,iOS Bluetooth,230,51,63
1788429436.738621,iOS Bluetooth,214,84,0
1788429436.738621,iOS Bluetooth,214,0,0
1788429436.738621,iOS Bluetooth,231,117,64
1788429436.738621,iOS Bluetooth,215,11,0
1788429436.738621,iOS Bluetooth,215,0,0
1788429436.738621,iOS Bluetooth,232,17,65
1788429436.738621,iOS Bluetooth,216,20,0
1788429436.738621,iOS Bluetooth,216,0,0
1788429436.753700,iOS Bluetooth,233,95,63
1788429436.753700,iOS Bluetooth,217,111,0
1788429436.753700,iOS Bluetooth,217,0,0
1788429436.753700,iOS Bluetooth,234,92,62
1788429436.753700,iOS Bluetooth,218,13,0
1788429436.753700,iOS Bluetooth,218,0,0
1788429436.753700,iOS Bluetooth,235,65,63
1788429436.768725,iOS Bluetooth,219,23,0
1788429436.768725,iOS Bluetooth,219,0,0
1788429436.768725,iOS Bluetooth,236,126,64
1788429436.768725,iOS Bluetooth,220,60,0
1788429436.768725,iOS Bluetooth,220,0,0
1788429436.768725,iOS Bluetooth,237,10,65
1788429436.768725,iOS Bluetooth,221,24,0
1788429436.768725,iOS Bluetooth,221,0,0
1788429436.783602,iOS Bluetooth,228,91,62
1788429436.783602,iOS Bluetooth,212,30,0
1788429436.783602,iOS Bluetooth,212,0,0
1788429436.798722,iOS Bluetooth,214,96,0
1788429436.798722,iOS Bluetooth,214,0,0
1788429436.798722,iOS Bluetooth,231,4,65
1788429436.813578,iOS Bluetooth,215,5,0
1788429436.813578,iOS Bluetooth,215,0,0
1788429436.813578,iOS Bluetooth,232,5,65
1788429436.813578,iOS Bluetooth,232,0,0
1788429436.813578,iOS Bluetooth,232,0,10
1788429436.813578,iOS Bluetooth,232,73,63
1788429436.813578,iOS Bluetooth,217,98,0
1788429436.813578,iOS Bluetooth,217,0,0
1788429436.828742,iOS Bluetooth,218,9,0
1788429436.828742,iOS Bluetooth,218,0,0
1788429436.828742,iOS Bluetooth,235,88,63
1788429436.828742,iOS Bluetooth,235,0,0
1788429436.828742,iOS Bluetooth,235,0,26
1788429436.828742,iOS Bluetooth,235,11,65
1788429436.843893,iOS Bluetooth,220,56,0
1788429436.843893,iOS Bluetooth,220,0,0
1788429436.843893,iOS Bluetooth,237,124,64
1788429436.843893,iOS Bluetooth,221,20,0
1788429436.843893,iOS Bluetooth,221,0,0
1788429436.843893,iOS Bluetooth,221,0,0
1788429436.843893,iOS Bluetooth,221,0,0
1788429436.843893,iOS Bluetooth,221,0,0
1788429436.843893,iOS Bluetooth,211,20,0
1788429436.843893,iOS Bluetooth,211,0,0
1788429436.858815,iOS Bluetooth,228,92,62
1788429436.858815,iOS Bluetooth,212,35,0
1788429436.858815,iOS Bluetooth,212,0,0
1788429436.858815,iOS Bluetooth,212,0,0
1788429436.858815,iOS Bluetooth,212,0,0
1788429436.858815,iOS Bluetooth,212,0,0
1788429436.858815,iOS Bluetooth,212,0,0
1788429436.858815,iOS Bluetooth,212,0,0
1788429436.858815,iOS Bluetooth,212,0,0
1788429436.858815,iOS Bluetooth,231,16,65
1788429436.875333,iOS Bluetooth,215,2,0
1788429436.875333,iOS Bluetooth,215,0,0
1788429436.875333,iOS Bluetooth,232,119,64
1788429436.875333,iOS Bluetooth,232,0,0
1788429436.875333,iOS Bluetooth,232,0,0
1788429436.875333,iOS Bluetooth,232,0,0
1788429436.875333,iOS Bluetooth,217,83,0
1788429436.875333,iOS Bluetooth,217,0,0
1788429436.890737,iOS Bluetooth,234,94,62
1788429436.890737,iOS Bluetooth,218,5,0
1788429436.890737,iOS Bluetooth,218,0,0
1788429436.890737,iOS Bluetooth,218,0,0
1788429436.890737,iOS Bluetooth,218,0,0
1788429436.890737,iOS Bluetooth,218,0,0
1788429436.890737,iOS Bluetooth,218,0,0
1788429436.890737,iOS Bluetooth,218,0,0
1788429436.890737,iOS Bluetooth,218,0,0
1788429436.890737,iOS Bluetooth,236,22,65
1788429436.913523,iOS Bluetooth,220,52,0
1788429436.913523,iOS Bluetooth,220,0,0
1788429436.913523,iOS Bluetooth,237,109,64
1788429436.913523,iOS Bluetooth,237,0,0
1788429436.913523,iOS Bluetooth,237,0,0
1788429436.913523,iOS Bluetooth,237,0,0
1788429436.928425,iOS Bluetooth,211,27,0
1788429436.928425,iOS Bluetooth,211,0,0
1788429436.928425,iOS Bluetooth,228,96,62
1788429436.928425,iOS Bluetooth,212,41,0
1788429436.928425,iOS Bluetooth,212,0,0
1788429436.928425,iOS Bluetooth,230,118,63
1788429436.928425,iOS Bluetooth,214,80,0
1788429436.928425,iOS Bluetooth,214,0,0
1788429436.940499,iOS Bluetooth,231,26,65
1788429436.940499,iOS Bluetooth,215,0,0
1788429436.940499,iOS Bluetooth,215,0,0
1788429436.940499,iOS Bluetooth,232,102,64
1788429436.940499,iOS Bluetooth,216,52,0
1788429436.940499,iOS Bluetooth,216,0,0
1788429436.940499,iOS Bluetooth,233,34,63
1788429436.958222,iOS Bluetooth,217,67,0
1788429436.958222,iOS Bluetooth,217,0,0
1788429436.958222,iOS Bluetooth,234,99,62
1788429436.958222,iOS Bluetooth,218,2,0
1788429436.958222,iOS Bluetooth,218,0,0
1788429436.958222,iOS Bluetooth,235,3,64
1788429436.958222,iOS Bluetooth,219,49,0
1788429436.958222,iOS Bluetooth,219,0,0
1788429436.972687,iOS Bluetooth,236,30,65
1788429436.972687,iOS Bluetooth,220,48,0
1788429436.972687,iOS Bluetooth,220,0,0
1788429436.972687,iOS Bluetooth,237,89,64
1788429436.972687,iOS Bluetooth,221,11,0
1788429436.972687,iOS Bluetooth,221,0,0
1788429436.972687,iOS Bluetooth,227,23,63
1788429436.987548,iOS Bluetooth,211,30,0
1788429436.987548,iOS Bluetooth,211,0,0
1788429436.987548,iOS Bluetooth,228,103,62
1788429436.987548,iOS Bluetooth,212,46,0
1788429436.987548,iOS Bluetooth,212,0,0
1788429436.987548,iOS Bluetooth,230,10,64
1788429437.001707,iOS Bluetooth,231,32,65
1788429437.001707,iOS Bluetooth,232,84,64
1788429437.001707,iOS Bluetooth,211,0,0
1788429437.001707,iOS Bluetooth,211,0,0
1788429437.001707,iOS Bluetooth,131,75,64
1788429437.001707,iOS Bluetooth,238,0,64
1788429437.001707,iOS Bluetooth,158,75,96
1788429437.008648,iOS Bluetooth,216,68,0
1788429437.008648,iOS Bluetooth,216,0,0
1788429437.008648,iOS Bluetooth,233,17,63
1788429437.008648,iOS Bluetooth,233,0,0
1788429437.008648,iOS Bluetooth,233,0,82
1788429437.008648,iOS Bluetooth,233,108,62
1788429437.008648,iOS Bluetooth,218,1,0
1788429437.008648,iOS Bluetooth,218,0,0
1788429437.023652,iOS Bluetooth,235,23,64
1788429437.023652,iOS Bluetooth,219,64,0
1788429437.023652,iOS Bluetooth,219,0,0
1788429437.023652,iOS Bluetooth,219,0,0
1788429437.023652,iOS Bluetooth,219,0,0
1788429437.023652,iOS Bluetooth,219,0,0
1788429437.023652,iOS Bluetooth,220,45,0
1788429437.023652,iOS Bluetooth,220,0,0
1788429437.046918,iOS Bluetooth,237,68,64
1788429437.046918,iOS Bluetooth,221,6,0
1788429437.046918,iOS Bluetooth,221,0,0
1788429437.046918,iOS Bluetooth,238,7,63
1788429437.046918,iOS Bluetooth,238,0,0
1788429437.046918,iOS Bluetooth,238,0,114
1788429437.046918,iOS Bluetooth,238,17,63
1788429437.061983,iOS Bluetooth,228,114,62
1788429437.061983,iOS Bluetooth,212,52,0
1788429437.061983,iOS Bluetooth,212,0,0
1788429437.061983,iOS Bluetooth,230,31,64
1788429437.061983,iOS Bluetooth,230,0,0
1788429437.061983,iOS Bluetooth,230,0,2
1788429437.061983,iOS Bluetooth,230,36,65
1788429437.076646,iOS Bluetooth,215,1,0
1788429437.076646,iOS Bluetooth,215,0,0
1788429437.076646,iOS Bluetooth,232,62,64
1788429437.076646,iOS Bluetooth,232,0,0
1788429437.076646,iOS Bluetooth,232,0,0
1788429437.076646,iOS Bluetooth,232,0,0
1788429437.076646,iOS Bluetooth,217,44,0
1788429437.076646,iOS Bluetooth,217,0,0
1788429437.091778,iOS Bluetooth,234,120,62
1788429437.091778,iOS Bluetooth,218,0,0
1788429437.091778,iOS Bluetooth,218,0,0
1788429437.091778,iOS Bluetooth,218,0,0
1788429437.091778,iOS Bluetooth,218,0,0
1788429437.091778,iOS Bluetooth,218,0,0
1788429437.091778,iOS Bluetooth,218,0,0
1788429437.091778,iOS Bluetooth,218,0,0
1788429437.091778,iOS Bluetooth,218,0,0
1788429437.091778,iOS Bluetooth,236,37,65
1788429437.106711,iOS Bluetooth,220,40,0
1788429437.106711,iOS Bluetooth,220,0,0
1788429437.106711,iOS Bluetooth,237,45,64
1788429437.106711,iOS Bluetooth,237,0,0
1788429437.106711,iOS Bluetooth,237,0,0
1788429437.106711,iOS Bluetooth,237,0,0
1788429437.121980,iOS Bluetooth,222,37,0
1788429437.121980,iOS Bluetooth,222,0,0
1788429437.121980,iOS Bluetooth,228,127,62
1788429437.121980,iOS Bluetooth,212,58,0
1788429437.121980,iOS Bluetooth,212,0,0
1788429437.121980,iOS Bluetooth,230,56,64
1788429437.121980,iOS Bluetooth,214,48,0
1788429437.121980,iOS Bluetooth,214,0,0
1788429437.136921,iOS Bluetooth,215,4,0
1788429437.136921,iOS Bluetooth,215,0,0
1788429437.136921,iOS Bluetooth,232,41,64
1788429437.136921,iOS Bluetooth,216,100,0
1788429437.136921,iOS Bluetooth,216,0,0
1788429437.136921,iOS Bluetooth,233,115,62
1788429437.136921,iOS Bluetooth,217,35,0
1788429437.136921,iOS Bluetooth,217,0,0
1788429437.158914,iOS Bluetooth,234,6,63
1788429437.158914,iOS Bluetooth,218,1,0
1788429437.158914,iOS Bluetooth,218,0,0
1788429437.158914,iOS Bluetooth,235,70,64
1788429437.158914,iOS Bluetooth,219,79,0
1788429437.158914,iOS Bluetooth,219,0,0
1788429437.158914,iOS Bluetooth,236,35,65
1788429437.173973,iOS Bluetooth,220,37,0
1788429437.173973,iOS Bluetooth,220,0,0
1788429437.173973,iOS Bluetooth,237,21,64
1788429437.173973,iOS Bluetooth,221,0,0
1788429437.173973,iOS Bluetooth,221,0,0
1788429437.173973,iOS Bluetooth,238,108,62
1788429437.173973,iOS Bluetooth,222,39,0
1788429437.173973,iOS Bluetooth,222,0,0
1788429437.188836,iOS Bluetooth,228,13,63
1788429437.188836,iOS Bluetooth,212,64,0
1788429437.188836,iOS Bluetooth,212,0,0
1788429437.188836,iOS Bluetooth,230,77,64
1788429437.188836,iOS Bluetooth,214,37,0
1788429437.188836,iOS Bluetooth,214,0,0
1788429437.188836,iOS Bluetooth,214,0,0
1788429437.188836,iOS Bluetooth,214,0,0
1788429437.188836,iOS Bluetooth,214,0,0
1788429437.203759,iOS Bluetooth,215,7,0
1788429437.203759,iOS Bluetooth,215,0,0
1788429437.203759,iOS Bluetooth,232,19,64
1788429437.203759,iOS Bluetooth,216,105,0
1788429437.203759,iOS Bluetooth,216,0,0
1788429437.203759,iOS Bluetooth,233,105,62
1788429437.218646,iOS Bluetooth,234,21,63
1788429437.218646,iOS Bluetooth,218,4,0
1788429437.218646,iOS Bluetooth,218,0,0
1788429437.226870,iOS Bluetooth,235,89,64
1788429437.226870,iOS Bluetooth,219,72,0
1788429437.226870,iOS Bluetooth,219,0,0
1788429437.226870,iOS Bluetooth,219,0,0
1788429437.226870,iOS Bluetooth,219,0,0
1788429437.226870,iOS Bluetooth,219,0,0
1788429437.226870,iOS Bluetooth,220,33,0
1788429437.226870,iOS Bluetooth,220,0,0
1788429437.242038,iOS Bluetooth,237,0,64
1788429437.242038,iOS Bluetooth,238,100,62
1788429437.242038,iOS Bluetooth,222,42,0
1788429437.242038,iOS Bluetooth,222,0,0
1788429437.242038,iOS Bluetooth,222,0,0
1788429437.242038,iOS Bluetooth,222,0,0
1788429437.242038,iOS Bluetooth,222,0,0
1788429437.242038,iOS Bluetooth,212,72,0
1788429437.242038,iOS Bluetooth,212,0,0
1788429437.257074,iOS Bluetooth,230,96,64
1788429437.257074,iOS Bluetooth,214,22,0
1788429437.257074,iOS Bluetooth,214,0,0
1788429437.257074,iOS Bluetooth,231,29,65
1788429437.257074,iOS Bluetooth,231,0,0
1788429437.257074,iOS Bluetooth,231,0,74
1788429437.257074,iOS Bluetooth,231,125,63
1788429437.277857,iOS Bluetooth,216,109,0
1788429437.277857,iOS Bluetooth,216,0,0
1788429437.277857,iOS Bluetooth,233,98,62
1788429437.277857,iOS Bluetooth,233,0,0
1788429437.277857,iOS Bluetooth,233,0,0
1788429437.277857,iOS Bluetooth,233,0,0
1788429437.277857,iOS Bluetooth,218,11,0
1788429437.277857,iOS Bluetooth,218,0,0
1788429437.293554,iOS Bluetooth,235,107,64
1788429437.293554,iOS Bluetooth,219,66,0
1788429437.293554,iOS Bluetooth,219,0,0
1788429437.293554,iOS Bluetooth,219,0,0
1788429437.293554,iOS Bluetooth,219,0,0
1788429437.293554,iOS Bluetooth,219,0,0
1788429437.293554,iOS Bluetooth,219,0,0
1788429437.293554,iOS Bluetooth,219,0,0
1788429437.293554,iOS Bluetooth,219,0,0
1788429437.293554,iOS Bluetooth,237,118,63
1788429437.308704,iOS Bluetooth,221,3,0
1788429437.308704,iOS Bluetooth,221,0,0
1788429437.308704,iOS Bluetooth,238,94,62
1788429437.308704,iOS Bluetooth,238,0,0
1788429437.308704,iOS Bluetooth,238,0,0
1788429437.308704,iOS Bluetooth,238,0,0
1788429437.323937,iOS Bluetooth,212,82,0
1788429437.323937,iOS Bluetooth,212,0,0
1788429437.323937,iOS Bluetooth,230,113,64
1788429437.323937,iOS Bluetooth,214,12,0
1788429437.323937,iOS Bluetooth,214,0,0
1788429437.323937,iOS Bluetooth,231,19,65
1788429437.323937,iOS Bluetooth,215,18,0
1788429437.323937,iOS Bluetooth,215,0,0
1788429437.338808,iOS Bluetooth,232,101,63
1788429437.338808,iOS Bluetooth,216,110,0
1788429437.338808,iOS Bluetooth,216,0,0
1788429437.338808,iOS Bluetooth,233,93,62
1788429437.338808,iOS Bluetooth,217,14,0
1788429437.338808,iOS Bluetooth,217,0,0
1788429437.338808,iOS Bluetooth,234,60,63
1788429437.353773,iOS Bluetooth,218,21,0
1788429437.353773,iOS Bluetooth,218,0,0
1788429437.353773,iOS Bluetooth,235,123,64
1788429437.353773,iOS Bluetooth,219,61,0
1788429437.353773,iOS Bluetooth,219,0,0
1788429437.353773,iOS Bluetooth,236,13,65
1788429437.353773,iOS Bluetooth,220,25,0
1788429437.353773,iOS Bluetooth,220,0,0
1788429437.372828,iOS Bluetooth,237,91,63
1788429437.372828,iOS Bluetooth,221,9,0
1788429437.372828,iOS Bluetooth,221,0,0
1788429437.372828,iOS Bluetooth,238,92,62
1788429437.372828,iOS Bluetooth,222,46,0
1788429437.372828,iOS Bluetooth,222,0,0
1788429437.372828,iOS Bluetooth,228,69,63
1788429437.383774,iOS Bluetooth,212,93,0
1788429437.383774,iOS Bluetooth,212,0,0
1788429437.383774,iOS Bluetooth,230,0,65
1788429437.383774,iOS Bluetooth,214,6,0
1788429437.383774,iOS Bluetooth,214,0,0
1788429437.383774,iOS Bluetooth,231,8,65
1788429437.400389,iOS Bluetooth,232,79,63
1788429437.400389,iOS Bluetooth,216,102,0
1788429437.400389,iOS Bluetooth,216,0,0
1788429437.415304,iOS Bluetooth,233,91,62
1788429437.415304,iOS Bluetooth,217,10,0
1788429437.415304,iOS Bluetooth,217,0,0
1788429437.415304,iOS Bluetooth,217,0,0
1788429437.415304,iOS Bluetooth,217,0,0
1788429437.415304,iOS Bluetooth,217,0,0
1788429437.415304,iOS Bluetooth,218,30,0
1788429437.415304,iOS Bluetooth,218,0,0
1788429437.415304,iOS Bluetooth,235,8,65
1788429437.430192,iOS Bluetooth,219,57,0
1788429437.430192,iOS Bluetooth,219,0,0
1788429437.430192,iOS Bluetooth,236,0,65
1788429437.430192,iOS Bluetooth,236,0,0
1788429437.430192,iOS Bluetooth,236,0,114
1788429437.430192,iOS Bluetooth,236,67,63
1788429437.445162,iOS Bluetooth,221,19,0
1788429437.445162,iOS Bluetooth,221,0,0
1788429437.445162,iOS Bluetooth,222,48,0
1788429437.445162,iOS Bluetooth,222,0,0
1788429437.445162,iOS Bluetooth,228,90,63
1788429437.445162,iOS Bluetooth,228,0,0
1788429437.445162,iOS Bluetooth,228,0,2
1788429437.445162,iOS Bluetooth,228,13,65
1788429437.460248,iOS Bluetooth,214,2,0
1788429437.460248,iOS Bluetooth,214,0,0
1788429437.460248,iOS Bluetooth,231,122,64
1788429437.460248,iOS Bluetooth,215,35,0
1788429437.460248,iOS Bluetooth,215,0,0
1788429437.460248,iOS Bluetooth,215,0,0
1788429437.460248,iOS Bluetooth,215,0,0
1788429437.460248,iOS Bluetooth,215,0,0
1788429437.460248,iOS Bluetooth,216,86,0
1788429437.460248,iOS Bluetooth,216,0,0
1788429437.475285,iOS Bluetooth,233,93,62
1788429437.475285,iOS Bluetooth,217,6,0
1788429437.475285,iOS Bluetooth,217,0,0
1788429437.475285,iOS Bluetooth,217,0,0
1788429437.475285,iOS Bluetooth,217,0,0
1788429437.475285,iOS Bluetooth,217,0,0
1788429437.475285,iOS Bluetooth,217,0,0
1788429437.475285,iOS Bluetooth,217,0,0
1788429437.475285,iOS Bluetooth,217,0,0
1788429437.475285,iOS Bluetooth,235,20,65
1788429437.490597,iOS Bluetooth,219,53,0
1788429437.490597,iOS Bluetooth,219,0,0
1788429437.490597,iOS Bluetooth,236,113,64
1788429437.490597,iOS Bluetooth,236,0,0
1788429437.490597,iOS Bluetooth,236,0,0
1788429437.490597,iOS Bluetooth,236,0,0
1788429437.490597,iOS Bluetooth,221,26,0
1788429437.490597,iOS Bluetooth,221,0,0
1788429437.513339,iOS Bluetooth,238,96,62
1788429437.513339,iOS Bluetooth,222,50,0
1788429437.513339,iOS Bluetooth,222,0,0
1788429437.513339,iOS Bluetooth,222,0,0
1788429437.513339,iOS Bluetooth,222,0,0
1788429437.513339,iOS Bluetooth,222,0,0
1788429437.513339,iOS Bluetooth,222,0,0
1788429437.513339,iOS Bluetooth,222,0,0
1788429437.513339,iOS Bluetooth,222,0,0
1788429437.528234,iOS Bluetooth,230,24,65
1788429437.528234,iOS Bluetooth,214,0,0
1788429437.528234,iOS Bluetooth,214,0,0
1788429437.528234,iOS Bluetooth,231,107,64
1788429437.528234,iOS Bluetooth,215,49,0
1788429437.528234,iOS Bluetooth,215,0,0
1788429437.528234,iOS Bluetooth,232,39,63
1788429437.541982,iOS Bluetooth,216,70,0
1788429437.541982,iOS Bluetooth,216,0,0
1788429437.541982,iOS Bluetooth,233,98,62
1788429437.541982,iOS Bluetooth,217,3,0
1788429437.541982,iOS Bluetooth,217,0,0
1788429437.541982,iOS Bluetooth,234,126,63
1788429437.541982,iOS Bluetooth,218,46,0
1788429437.541982,iOS Bluetooth,218,0,0
1788429437.558194,iOS Bluetooth,235,29,65
1788429437.558194,iOS Bluetooth,219,49,0
1788429437.558194,iOS Bluetooth,219,0,0
1788429437.558194,iOS Bluetooth,236,93,64
1788429437.558194,iOS Bluetooth,220,12,0
1788429437.558194,iOS Bluetooth,220,0,0
1788429437.558194,iOS Bluetooth,237,28,63
1788429437.571801,iOS Bluetooth,221,30,0
1788429437.571801,iOS Bluetooth,221,0,0
1788429437.571801,iOS Bluetooth,238,102,62
1788429437.571801,iOS Bluetooth,222,52,0
1788429437.571801,iOS Bluetooth,222,0,0
1788429437.571801,iOS Bluetooth,228,8,64
1788429437.571801,iOS Bluetooth,212,71,0
1788429437.571801,iOS Bluetooth,212,0,0
1788429437.593980,iOS Bluetooth,230,31,65
1788429437.593980,iOS Bluetooth,231,89,64
1788429437.593980,iOS Bluetooth,215,64,0
1788429437.593980,iOS Bluetooth,215,0,0
1788429437.593980,iOS Bluetooth,232,21,63
1788429437.593980,iOS Bluetooth,232,0,0
1788429437.601971,iOS Bluetooth,212,0,0
1788429437.601971,iOS Bluetooth,212,0,0
1788429437.601971,iOS Bluetooth,132,48,64
1788429437.601971,iOS Bluetooth,229,0,64
1788429437.601971,iOS Bluetooth,149,48,96
1788429437.601971,iOS Bluetooth,233,105,62
1788429437.601971,iOS Bluetooth,217,1,0
1788429437.601971,iOS Bluetooth,217,0,0
1788429437.601971,iOS Bluetooth,176,118,18
1788429437.601971,iOS Bluetooth,234,18,64
1788429437.601971,iOS Bluetooth,218,60,0
1788429437.601971,iOS Bluetooth,218,0,0
1788429437.617013,iOS Bluetooth,219,45,0
1788429437.617013,iOS Bluetooth,219,0,0
1788429437.617013,iOS Bluetooth,236,77,64
1788429437.631786,iOS Bluetooth,220,7,0
1788429437.631786,iOS Bluetooth,220,0,0
1788429437.631786,iOS Bluetooth,237,11,63
1788429437.631786,iOS Bluetooth,237,0,0
1788429437.631786,iOS Bluetooth,237,0,58
1788429437.631786,iOS Bluetooth,237,111,62
1788429437.647003,iOS Bluetooth,222,53,0
1788429437.647003,iOS Bluetooth,222,0,0
1788429437.647003,iOS Bluetooth,228,13,64
1788429437.647003,iOS Bluetooth,229,29,64
1788429437.647003,iOS Bluetooth,229,0,0
1788429437.647003,iOS Bluetooth,229,0,73
1788429437.647003,iOS Bluetooth,229,35,65
1788429437.663284,iOS Bluetooth,214,1,0
1788429437.663284,iOS Bluetooth,214,0,0
1788429437.663284,iOS Bluetooth,231,67,64
1788429437.663284,iOS Bluetooth,215,81,0
1788429437.663284,iOS Bluetooth,215,0,0
1788429437.663284,iOS Bluetooth,215,0,0
1788429437.663284,iOS Bluetooth,215,0,0
1788429437.663284,iOS Bluetooth,215,0,0
1788429437.663284,iOS Bluetooth,216,47,0
1788429437.663284,iOS Bluetooth,216,0,0
1788429437.678505,iOS Bluetooth,233,117,62
1788429437.678505,iOS Bluetooth,217,0,0
1788429437.678505,iOS Bluetooth,217,0,0
1788429437.678505,iOS Bluetooth,217,0,0
1788429437.678505,iOS Bluetooth,217,0,0
1788429437.678505,iOS Bluetooth,217,0,0
1788429437.678505,iOS Bluetooth,217,0,0
1788429437.678505,iOS Bluetooth,217,0,0
1788429437.678505,iOS Bluetooth,217,0,0
1788429437.678505,iOS Bluetooth,235,36,65
1788429437.693386,iOS Bluetooth,219,41,0
1788429437.693386,iOS Bluetooth,219,0,0
1788429437.693386,iOS Bluetooth,236,51,64
1788429437.693386,iOS Bluetooth,236,0,0
1788429437.693386,iOS Bluetooth,236,0,0
1788429437.693386,iOS Bluetooth,236,0,0
1788429437.693386,iOS Bluetooth,221,36,0
1788429437.693386,iOS Bluetooth,221,0,0
1788429437.706559,iOS Bluetooth,238,125,62
1788429437.706559,iOS Bluetooth,222,55,0
1788429437.706559,iOS Bluetooth,222,0,0
1788429437.706559,iOS Bluetooth,222,0,0
1788429437.706559,iOS Bluetooth,222,0,0
1788429437.706559,iOS Bluetooth,222,0,0
1788429437.706559,iOS Bluetooth,222,0,0
1788429437.706559,iOS Bluetooth,222,0,0
1788429437.706559,iOS Bluetooth,222,0,0
1788429437.722024,iOS Bluetooth,230,37,65
1788429437.722024,iOS Bluetooth,214,3,0
1788429437.722024,iOS Bluetooth,214,0,0
1788429437.722024,iOS Bluetooth,231,46,64
1788429437.722024,iOS Bluetooth,215,100,0
1788429437.722024,iOS Bluetooth,215,0,0
1788429437.722024,iOS Bluetooth,232,118,62
1788429437.737117,iOS Bluetooth,216,36,0
1788429437.737117,iOS Bluetooth,216,0,0
1788429437.737117,iOS Bluetooth,233,2,63
1788429437.737117,iOS Bluetooth,217,1,0
1788429437.737117,iOS Bluetooth,217,0,0
1788429437.737117,iOS Bluetooth,234,65,64
1788429437.737117,iOS Bluetooth,218,82,0
1788429437.737117,iOS Bluetooth,218,0,0
1788429437.758748,iOS Bluetooth,219,38,0
1788429437.758748,iOS Bluetooth,219,0,0
1788429437.758748,iOS Bluetooth,236,27,64
1788429437.758748,iOS Bluetooth,220,0,0
1788429437.758748,iOS Bluetooth,220,0,0
1788429437.758748,iOS Bluetooth,237,111,62
1788429437.758748,iOS Bluetooth,221,38,0
1788429437.758748,iOS Bluetooth,221,0,0
1788429437.773692,iOS Bluetooth,238,11,63
1788429437.773692,iOS Bluetooth,222,57,0
1788429437.773692,iOS Bluetooth,222,0,0
1788429437.773692,iOS Bluetooth,229,75,64
1788429437.773692,iOS Bluetooth,213,41,0
1788429437.773692,iOS Bluetooth,213,0,0
1788429437.773692,iOS Bluetooth,230,35,65
1788429437.789035,iOS Bluetooth,215,104,0
1788429437.789035,iOS Bluetooth,215,0,0
1788429437.789035,iOS Bluetooth,232,107,62
1788429437.796836,iOS Bluetooth,233,17,63
1788429437.796836,iOS Bluetooth,217,3,0
1788429437.796836,iOS Bluetooth,217,0,0
1788429437.811844,iOS Bluetooth,234,84,64
1788429437.811844,iOS Bluetooth,218,74,0
1788429437.811844,iOS Bluetooth,218,0,0
1788429437.811844,iOS Bluetooth,218,0,0
1788429437.811844,iOS Bluetooth,218,0,0
1788429437.811844,iOS Bluetooth,218,0,0
1788429437.811844,iOS Bluetooth,219,34,0
1788429437.811844,iOS Bluetooth,219,0,0
1788429437.811844,iOS Bluetooth,236,3,64
1788429437.826912,iOS Bluetooth,237,102,62
1788429437.826912,iOS Bluetooth,221,41,0
1788429437.826912,iOS Bluetooth,221,0,0
1788429437.826912,iOS Bluetooth,221,0,0
1788429437.826912,iOS Bluetooth,221,0,0
1788429437.826912,iOS Bluetooth,221,0,0
1788429437.826912,iOS Bluetooth,222,59,0
1788429437.826912,iOS Bluetooth,222,0,0
1788429437.841964,iOS Bluetooth,229,94,64
1788429437.841964,iOS Bluetooth,213,25,0
1788429437.841964,iOS Bluetooth,213,0,0
1788429437.841964,iOS Bluetooth,230,30,65
1788429437.841964,iOS Bluetooth,230,0,0
1788429437.841964,iOS Bluetooth,230,0,18
1788429437.841964,iOS Bluetooth,230,2,64
1788429437.857105,iOS Bluetooth,215,108,0
1788429437.857105,iOS Bluetooth,215,0,0
1788429437.857105,iOS Bluetooth,232,99,62
1788429437.857105,iOS Bluetooth,216,22,0
1788429437.857105,iOS Bluetooth,216,0,0
1788429437.857105,iOS Bluetooth,216,0,0
1788429437.857105,iOS Bluetooth,216,0,0
1788429437.857105,iOS Bluetooth,216,0,0
1788429437.857105,iOS Bluetooth,217,9,0
1788429437.857105,iOS Bluetooth,217,0,0
1788429437.878655,iOS Bluetooth,234,103,64
1788429437.878655,iOS Bluetooth,218,67,0
1788429437.878655,iOS Bluetooth,218,0,0
1788429437.878655,iOS Bluetooth,218,0,0
1788429437.878655,iOS Bluetooth,218,0,0
1788429437.878655,iOS Bluetooth,218,0,0
1788429437.878655,iOS Bluetooth,218,0,0
1788429437.878655,iOS Bluetooth,218,0,0
1788429437.878655,iOS Bluetooth,218,0,0
1788429437.878655,iOS Bluetooth,236,124,63
1788429437.893415,iOS Bluetooth,220,2,0
1788429437.893415,iOS Bluetooth,220,0,0
1788429437.893415,iOS Bluetooth,237,96,62
1788429437.893415,iOS Bluetooth,237,0,0
1788429437.893415,iOS Bluetooth,237,0,0
1788429437.893415,iOS Bluetooth,237,0,0
1788429437.893415,iOS Bluetooth,222,63,0
1788429437.893415,iOS Bluetooth,222,0,0
1788429437.908702,iOS Bluetooth,229,111,64
1788429437.908702,iOS Bluetooth,213,14,0
1788429437.908702,iOS Bluetooth,213,0,0
1788429437.908702,iOS Bluetooth,213,0,0
1788429437.908702,iOS Bluetooth,213,0,0
1788429437.908702,iOS Bluetooth,213,0,0
1788429437.908702,iOS Bluetooth,213,0,0
1788429437.908702,iOS Bluetooth,213,0,0
1788429437.908702,iOS Bluetooth,213,0,0
1788429437.924715,iOS Bluetooth,231,106,63
1788429437.924715,iOS Bluetooth,215,110,0
1788429437.924715,iOS Bluetooth,215,0,0
1788429437.924715,iOS Bluetooth,232,94,62
1788429437.924715,iOS Bluetooth,216,16,0
1788429437.924715,iOS Bluetooth,216,0,0
1788429437.924715,iOS Bluetooth,233,54,63
1788429437.938827,iOS Bluetooth,217,19,0
1788429437.938827,iOS Bluetooth,217,0,0
1788429437.938827,iOS Bluetooth,234,119,64
1788429437.938827,iOS Bluetooth,218,62,0
1788429437.938827,iOS Bluetooth,218,0,0
1788429437.938827,iOS Bluetooth,235,15,65
1788429437.938827,iOS Bluetooth,219,26,0
1788429437.938827,iOS Bluetooth,219,0,0
1788429437.953883,iOS Bluetooth,236,97,63
1788429437.953883,iOS Bluetooth,220,8,0
1788429437.953883,iOS Bluetooth,220,0,0
1788429437.953883,iOS Bluetooth,237,92,62
1788429437.953883,iOS Bluetooth,221,46,0
1788429437.953883,iOS Bluetooth,221,0,0
1788429437.953883,iOS Bluetooth,238,67,63
1788429437.968773,iOS Bluetooth,222,62,0
1788429437.968773,iOS Bluetooth,222,0,0
1788429437.968773,iOS Bluetooth,229,126,64
1788429437.968773,iOS Bluetooth,213,7,0
1788429437.968773,iOS Bluetooth,213,0,0
1788429437.968773,iOS Bluetooth,230,11,65
1788429437.968773,iOS Bluetooth,214,24,0
1788429437.968773,iOS Bluetooth,214,0,0
1788429437.983994,iOS Bluetooth,231,84,63
1788429437.983994,iOS Bluetooth,215,107,0
1788429437.983994,iOS Bluetooth,215,0,0
1788429437.983994,iOS Bluetooth,232,91,62
1788429437.983994,iOS Bluetooth,216,11,0
1788429437.983994,iOS Bluetooth,216,0,0
1788429437.998709,iOS Bluetooth,217,28,0
1788429437.998709,iOS Bluetooth,217,0,0
1788429437.998709,iOS Bluetooth,234,5,65
1788429438.013815,iOS Bluetooth,218,58,0
1788429438.013815,iOS Bluetooth,218,0,0
1788429438.013815,iOS Bluetooth,235,3,65
1788429438.013815,iOS Bluetooth,235,0,0
1788429438.013815,iOS Bluetooth,235,0,58
1788429438.013815,iOS Bluetooth,235,73,63
1788429438.013815,iOS Bluetooth,220,15,0
1788429438.013815,iOS Bluetooth,220,0,0
1788429438.028566,iOS Bluetooth,221,48,0
1788429438.028566,iOS Bluetooth,221,0,0
1788429438.028566,iOS Bluetooth,238,90,63
1788429438.028566,iOS Bluetooth,238,0,0
1788429438.028566,iOS Bluetooth,238,0,74
1788429438.028566,iOS Bluetooth,238,11,65
1788429438.043690,iOS Bluetooth,213,3,0
1788429438.043690,iOS Bluetooth,213,0,0
1788429438.043690,iOS Bluetooth,230,126,64
1788429438.043690,iOS Bluetooth,214,33,0
1788429438.043690,iOS Bluetooth,214,0,0
1788429438.043690,iOS Bluetooth,214,0,0
1788429438.043690,iOS Bluetooth,214,0,0
1788429438.043690,iOS Bluetooth,214,0,0
1788429438.043690,iOS Bluetooth,215,90,0
1788429438.043690,iOS Bluetooth,215,0,0
1788429438.058797,iOS Bluetooth,232,92,62
1788429438.058797,iOS Bluetooth,216,7,0
1788429438.058797,iOS Bluetooth,216,0,0
1788429438.058797,iOS Bluetooth,233,99,63
1788429438.058797,iOS Bluetooth,233,0,0
1788429438.058797,iOS Bluetooth,233,0,106
1788429438.058797,iOS Bluetooth,233,17,65
1788429438.073687,iOS Bluetooth,218,54,0
1788429438.073687,iOS Bluetooth,218,0,0
1788429438.073687,iOS Bluetooth,235,117,64
1788429438.073687,iOS Bluetooth,235,0,0
1788429438.073687,iOS Bluetooth,235,0,0
1788429438.073687,iOS Bluetooth,235,0,0
1788429438.073687,iOS Bluetooth,220,25,0
1788429438.073687,iOS Bluetooth,220,0,0
1788429438.088774,iOS Bluetooth,237,94,62
1788429438.088774,iOS Bluetooth,221,49,0
1788429438.088774,iOS Bluetooth,221,0,0
1788429438.088774,iOS Bluetooth,221,0,0
1788429438.088774,iOS Bluetooth,221,0,0
1788429438.088774,iOS Bluetooth,221,0,0
1788429438.088774,iOS Bluetooth,221,0,0
1788429438.088774,iOS Bluetooth,221,0,0
1788429438.088774,iOS Bluetooth,221,0,0
1788429438.088774,iOS Bluetooth,229,22,65
1788429438.112573,iOS Bluetooth,213,1,0
1788429438.112573,iOS Bluetooth,213,0,0
1788429438.112573,iOS Bluetooth,230,111,64
1788429438.112573,iOS Bluetooth,230,0,0
1788429438.112573,iOS Bluetooth,230,0,0
1788429438.112573,iOS Bluetooth,230,0,0
1788429438.127029,iOS Bluetooth,215,73,0
1788429438.127029,iOS Bluetooth,215,0,0
1788429438.127029,iOS Bluetooth,232,96,62
1788429438.127029,iOS Bluetooth,216,3,0
1788429438.127029,iOS Bluetooth,216,0,0
1788429438.127029,iOS Bluetooth,233,121,63
1788429438.127029,iOS Bluetooth,217,43,0
1788429438.127029,iOS Bluetooth,217,0,0
1788429438.141799,iOS Bluetooth,234,27,65
1788429438.141799,iOS Bluetooth,218,50,0
1788429438.141799,iOS Bluetooth,218,0,0
1788429438.141799,iOS Bluetooth,235,100,64
1788429438.141799,iOS Bluetooth,219,13,0
1788429438.141799,iOS Bluetooth,219,0,0
1788429438.141799,iOS Bluetooth,236,32,63
1788429438.156877,iOS Bluetooth,220,29,0
1788429438.156877,iOS Bluetooth,220,0,0
1788429438.156877,iOS Bluetooth,237,100,62
1788429438.156877,iOS Bluetooth,221,51,0
1788429438.156877,iOS Bluetooth,221,0,0
1788429438.156877,iOS Bluetooth,238,4,64
1788429438.156877,iOS Bluetooth,222,18,0
1788429438.156877,iOS Bluetooth,222,0,0
1788429438.172122,iOS Bluetooth,229,30,65
1788429438.172122,iOS Bluetooth,213,0,0
1788429438.172122,iOS Bluetooth,213,0,0
1788429438.172122,iOS Bluetooth,230,91,64
1788429438.172122,iOS Bluetooth,214,60,0
1788429438.172122,iOS Bluetooth,214,0,0
1788429438.172122,iOS Bluetooth,231,25,63
1788429438.186853,iOS Bluetooth,215,60,0
1788429438.186853,iOS Bluetooth,215,0,0
1788429438.186853,iOS Bluetooth,232,103,62
1788429438.186853,iOS Bluetooth,216,1,0
1788429438.186853,iOS Bluetooth,216,0,0
1788429438.186853,iOS Bluetooth,233,12,64
1788429438.201889,iOS Bluetooth,234,33,65
1788429438.201889,iOS Bluetooth,218,46,0
1788429438.201889,iOS Bluetooth,218,0,0
1788429438.201889,iOS Bluetooth,214,0,0
1788429438.201889,iOS Bluetooth,214,0,0
1788429438.201889,iOS Bluetooth,134,51,64
1788429438.201889,iOS Bluetooth,239,0,64
1788429438.201889,iOS Bluetooth,159,51,96
1788429438.208590,iOS Bluetooth,235,79,64
1788429438.208590,iOS Bluetooth,219,9,0
1788429438.208590,iOS Bluetooth,219,0,0
1788429438.208590,iOS Bluetooth,219,0,0
1788429438.208590,iOS Bluetooth,219,0,0
1788429438.208590,iOS Bluetooth,219,0,0
1788429438.208590,iOS Bluetooth,220,32,0
1788429438.208590,iOS Bluetooth,220,0,0
1788429438.208590,iOS Bluetooth,237,109,62
1788429438.223866,iOS Bluetooth,221,53,0
1788429438.223866,iOS Bluetooth,221,0,0
1788429438.223866,iOS Bluetooth,238,23,64
1788429438.223866,iOS Bluetooth,238,0,0
1788429438.223866,iOS Bluetooth,238,0,18
1788429438.223866,iOS Bluetooth,238,72,64
1788429438.246990,iOS Bluetooth,223,77,0
1788429438.246990,iOS Bluetooth,223,0,0
1788429438.246990,iOS Bluetooth,229,35,65
1788429438.246990,iOS Bluetooth,213,1,0
1788429438.246990,iOS Bluetooth,213,0,0
1788429438.246990,iOS Bluetooth,213,0,0
1788429438.246990,iOS Bluetooth,213,0,0
1788429438.246990,iOS Bluetooth,213,0,0
1788429438.246990,iOS Bluetooth,231,7,63
1788429438.262069,iOS Bluetooth,215,48,0
1788429438.262069,iOS Bluetooth,215,0,0
1788429438.262069,iOS Bluetooth,232,114,62
1788429438.262069,iOS Bluetooth,216,0,0
1788429438.262069,iOS Bluetooth,216,0,0
1788429438.262069,iOS Bluetooth,216,0,0
1788429438.262069,iOS Bluetooth,216,0,0
1788429438.262069,iOS Bluetooth,216,0,0
1788429438.262069,iOS Bluetooth,217,73,0
1788429438.262069,iOS Bluetooth,217,0,0
1788429438.276757,iOS Bluetooth,234,36,65
1788429438.276757,iOS Bluetooth,218,42,0
1788429438.276757,iOS Bluetooth,218,0,0
1788429438.276757,iOS Bluetooth,218,0,0
1788429438.276757,iOS Bluetooth,218,0,0
1788429438.276757,iOS Bluetooth,218,0,0
1788429438.276757,iOS Bluetooth,218,0,0
1788429438.276757,iOS Bluetooth,218,0,0
1788429438.276757,iOS Bluetooth,218,0,0
1788429438.276757,iOS Bluetooth,236,126,62
1788429438.291779,iOS Bluetooth,220,35,0
1788429438.291779,iOS Bluetooth,220,0,0
1788429438.291779,iOS Bluetooth,237,122,62
1788429438.291779,iOS Bluetooth,237,0,0
1788429438.291779,iOS Bluetooth,237,0,0
1788429438.291779,iOS Bluetooth,237,0,0
1788429438.291779,iOS Bluetooth,222,10,0
1788429438.291779,iOS Bluetooth,222,0,0
1788429438.306821,iOS Bluetooth,239,49,64
1788429438.306821,iOS Bluetooth,223,97,0
1788429438.306821,iOS Bluetooth,223,0,0
1788429438.306821,iOS Bluetooth,223,0,0
1788429438.306821,iOS Bluetooth,223,0,0
1788429438.306821,iOS Bluetooth,223,0,0
1788429438.306821,iOS Bluetooth,223,0,0
1788429438.306821,iOS Bluetooth,223,0,0
1788429438.306821,iOS Bluetooth,223,0,0
1788429438.322078,iOS Bluetooth,231,120,62
1788429438.322078,iOS Bluetooth,215,38,0
1788429438.322078,iOS Bluetooth,215,0,0
1788429438.322078,iOS Bluetooth,232,127,62
1788429438.322078,iOS Bluetooth,216,1,0
1788429438.322078,iOS Bluetooth,216,0,0
1788429438.322078,iOS Bluetooth,233,60,64
1788429438.336835,iOS Bluetooth,217,83,0
1788429438.336835,iOS Bluetooth,217,0,0
1788429438.336835,iOS Bluetooth,218,39,0
1788429438.336835,iOS Bluetooth,218,0,0
1788429438.336835,iOS Bluetooth,235,34,64
1788429438.336835,iOS Bluetooth,219,0,0
1788429438.336835,iOS Bluetooth,219,0,0
1788429438.336835,iOS Bluetooth,236,114,62
1788429438.358847,iOS Bluetooth,220,38,0
1788429438.358847,iOS Bluetooth,220,0,0
1788429438.358847,iOS Bluetooth,237,7,63
1788429438.358847,iOS Bluetooth,221,57,0
1788429438.358847,iOS Bluetooth,221,0,0
1788429438.358847,iOS Bluetooth,238,72,64
1788429438.358847,iOS Bluetooth,222,4,0
1788429438.358847,iOS Bluetooth,222,0,0
1788429438.373598,iOS Bluetooth,239,30,64
1788429438.373598,iOS Bluetooth,223,103,0
1788429438.373598,iOS Bluetooth,223,0,0
1788429438.373598,iOS Bluetooth,229,34,65
1788429438.373598,iOS Bluetooth,213,6,0
1788429438.373598,iOS Bluetooth,213,0,0
1788429438.373598,iOS Bluetooth,231,110,62
1788429438.388874,iOS Bluetooth,215,30,0
1788429438.388874,iOS Bluetooth,215,0,0
1788429438.388874,iOS Bluetooth,232,13,63
1788429438.388874,iOS Bluetooth,216,3,0
1788429438.388874,iOS Bluetooth,216,0,0
1788429438.388874,iOS Bluetooth,233,80,64
1788429438.388874,iOS Bluetooth,233,0,0
1788429438.403672,iOS Bluetooth,234,33,65
1788429438.403672,iOS Bluetooth,218,35,0
1788429438.403672,iOS Bluetooth,218,0,0
1788429438.403672,iOS Bluetooth,235,6,64
1788429438.403672,iOS Bluetooth,236,104,62
1788429438.411914,iOS Bluetooth,237,24,63
1788429438.411914,iOS Bluetooth,221,59,0
1788429438.411914,iOS Bluetooth,221,0,0
1788429438.426953,iOS Bluetooth,238,92,64
1788429438.426953,iOS Bluetooth,222,1,0
1788429438.426953,iOS Bluetooth,222,0,0
1788429438.426953,iOS Bluetooth,222,0,0
1788429438.426953,iOS Bluetooth,222,0,0
1788429438.426953,iOS Bluetooth,222,0,0
1788429438.426953,iOS Bluetooth,223,107,0
1788429438.426953,iOS Bluetooth,223,0,0
1788429438.442612,iOS Bluetooth,229,30,65
1788429438.442612,iOS Bluetooth,213,11,0
1788429438.442612,iOS Bluetooth,213,0,0
1788429438.442612,iOS Bluetooth,231,101,62
1788429438.442612,iOS Bluetooth,231,0,0
1788429438.442612,iOS Bluetooth,231,0,106
1788429438.442612,iOS Bluetooth,231,30,63
1788429438.457186,iOS Bluetooth,216,8,0
1788429438.457186,iOS Bluetooth,216,0,0
1788429438.457186,iOS Bluetooth,233,98,64
1788429438.457186,iOS Bluetooth,217,69,0
1788429438.457186,iOS Bluetooth,217,0,0
1788429438.457186,iOS Bluetooth,217,0,0
1788429438.457186,iOS Bluetooth,217,0,0
1788429438.457186,iOS Bluetooth,217,0,0
1788429438.457186,iOS Bluetooth,218,31,0
1788429438.457186,iOS Bluetooth,218,0,0
1788429438.478241,iOS Bluetooth,235,127,63
1788429438.478241,iOS Bluetooth,236,97,62
1788429438.478241,iOS Bluetooth,236,0,0
1788429438.478241,iOS Bluetooth,236,0,0
1788429438.478241,iOS Bluetooth,236,0,0
1788429438.478241,iOS Bluetooth,221,62,0
1788429438.478241,iOS Bluetooth,221,0,0
1788429438.494620,iOS Bluetooth,238,109,64
1788429438.494620,iOS Bluetooth,222,0,0
1788429438.494620,iOS Bluetooth,222,0,0
1788429438.494620,iOS Bluetooth,222,0,0
1788429438.494620,iOS Bluetooth,222,0,0
1788429438.494620,iOS Bluetooth,222,0,0
1788429438.494620,iOS Bluetooth,222,0,0
1788429438.494620,iOS Bluetooth,222,0,0
1788429438.494620,iOS Bluetooth,222,0,0
1788429438.494620,iOS Bluetooth,229,23,65
1788429438.507388,iOS Bluetooth,213,16,0
1788429438.507388,iOS Bluetooth,213,0,0
1788429438.507388,iOS Bluetooth,231,95,62
1788429438.507388,iOS Bluetooth,231,0,0
1788429438.507388,iOS Bluetooth,231,0,0
1788429438.507388,iOS Bluetooth,231,0,0
1788429438.525696,iOS Bluetooth,216,17,0
1788429438.525696,iOS Bluetooth,216,0,0
1788429438.525696,iOS Bluetooth,233,115,64
1788429438.525696,iOS Bluetooth,217,63,0
1788429438.525696,iOS Bluetooth,217,0,0
1788429438.525696,iOS Bluetooth,234,18,65
1788429438.525696,iOS Bluetooth,218,27,0
1788429438.525696,iOS Bluetooth,218,0,0
1788429438.540613,iOS Bluetooth,235,103,63
1788429438.540613,iOS Bluetooth,219,6,0
1788429438.540613,iOS Bluetooth,219,0,0
1788429438.540613,iOS Bluetooth,236,93,62
1788429438.540613,iOS Bluetooth,220,45,0
1788429438.540613,iOS Bluetooth,220,0,0
1788429438.540613,iOS Bluetooth,237,61,63
1788429438.554234,iOS Bluetooth,221,65,0
1788429438.554234,iOS Bluetooth,221,0,0
1788429438.554234,iOS Bluetooth,238,125,64
1788429438.554234,iOS Bluetooth,222,1,0
1788429438.554234,iOS Bluetooth,222,0,0
1788429438.554234,iOS Bluetooth,239,92,63
1788429438.554234,iOS Bluetooth,223,111,0
1788429438.554234,iOS Bluetooth,223,0,0
1788429438.570109,iOS Bluetooth,229,11,65
1788429438.570109,iOS Bluetooth,213,23,0
1788429438.570109,iOS Bluetooth,213,0,0
1788429438.570109,iOS Bluetooth,231,92,62
1788429438.570109,iOS Bluetooth,215,12,0
1788429438.570109,iOS Bluetooth,215,0,0
1788429438.570109,iOS Bluetooth,232,71,63
1788429438.592891,iOS Bluetooth,216,25,0
1788429438.592891,iOS Bluetooth,216,0,0
1788429438.592891,iOS Bluetooth,233,2,65
1788429438.592891,iOS Bluetooth,217,59,0
1788429438.592891,iOS Bluetooth,217,0,0
1788429438.592891,iOS Bluetooth,234,6,65
1788429438.592891,iOS Bluetooth,234,0,0
1788429438.608412,iOS Bluetooth,235,79,63
1788429438.608412,iOS Bluetooth,219,13,0
1788429438.608412,iOS Bluetooth,219,0,0
1788429438.608412,iOS Bluetooth,176,118,19
1788429438.608412,iOS Bluetooth,236,91,62
1788429438.608412,iOS Bluetooth,220,47,0
1788429438.608412,iOS Bluetooth,220,0,0
1788429438.615207,iOS Bluetooth,221,51,0
1788429438.615207,iOS Bluetooth,221,0,0
1788429438.615207,iOS Bluetooth,238,10,65
1788429438.643778,iOS Bluetooth,222,3,0
1788429438.643778,iOS Bluetooth,222,0,0
1788429438.643778,iOS Bluetooth,239,71,63
1788429438.643778,iOS Bluetooth,239,0,0
1788429438.643778,iOS Bluetooth,239,0,34
1788429438.643778,iOS Bluetooth,239,126,64
1788429438.643899,iOS Bluetooth,213,33,0
1788429438.643899,iOS Bluetooth,213,0,0
1788429438.643899,iOS Bluetooth,215,8,0
1788429438.643899,iOS Bluetooth,215,0,0
1788429438.643899,iOS Bluetooth,232,93,63
1788429438.643899,iOS Bluetooth,232,0,0
1788429438.643899,iOS Bluetooth,232,0,50
1788429438.643899,iOS Bluetooth,232,14,65
1788429438.658756,iOS Bluetooth,217,55,0
1788429438.658756,iOS Bluetooth,217,0,0
1788429438.658756,iOS Bluetooth,234,121,64
1788429438.658756,iOS Bluetooth,218,18,0
1788429438.658756,iOS Bluetooth,218,0,0
1788429438.658756,iOS Bluetooth,218,0,0
1788429438.658756,iOS Bluetooth,218,0,0
1788429438.658756,iOS Bluetooth,218,0,0
1788429438.658756,iOS Bluetooth,219,23,0
1788429438.658756,iOS Bluetooth,219,0,0
1788429438.678844,iOS Bluetooth,236,94,62
1788429438.678844,iOS Bluetooth,220,49,0
1788429438.678844,iOS Bluetooth,220,0,0
1788429438.678844,iOS Bluetooth,220,0,0
1788429438.678844,iOS Bluetooth,220,0,0
1788429438.678844,iOS Bluetooth,220,0,0
1788429438.678844,iOS Bluetooth,220,0,0
1788429438.678844,iOS Bluetooth,220,0,0
1788429438.678844,iOS Bluetooth,220,0,0
1788429438.678844,iOS Bluetooth,238,21,65
1788429438.687350,iOS Bluetooth,222,6,0
1788429438.687350,iOS Bluetooth,222,0,0
1788429438.687350,iOS Bluetooth,239,51,63
1788429438.687350,iOS Bluetooth,239,0,0
1788429438.687350,iOS Bluetooth,239,0,0
1788429438.687350,iOS Bluetooth,239,0,0
1788429438.687350,iOS Bluetooth,213,42,0
1788429438.687350,iOS Bluetooth,213,0,0
1788429438.713008,iOS Bluetooth,231,95,62
1788429438.713008,iOS Bluetooth,215,4,0
1788429438.713008,iOS Bluetooth,215,0,0
1788429438.713008,iOS Bluetooth,215,0,0
1788429438.713008,iOS Bluetooth,215,0,0
1788429438.713008,iOS Bluetooth,215,0,0
1788429438.713008,iOS Bluetooth,215,0,0
1788429438.713008,iOS Bluetooth,215,0,0
1788429438.713008,iOS Bluetooth,215,0,0
1788429438.728542,iOS Bluetooth,233,25,65
1788429438.728542,iOS Bluetooth,217,51,0
1788429438.728542,iOS Bluetooth,217,0,0
1788429438.728542,iOS Bluetooth,234,104,64
1788429438.728542,iOS Bluetooth,218,14,0
1788429438.728542,iOS Bluetooth,218,0,0
1788429438.728542,iOS Bluetooth,235,36,63
1788429438.743518,iOS Bluetooth,219,28,0
1788429438.743518,iOS Bluetooth,219,0,0
1788429438.743518,iOS Bluetooth,236,98,62
1788429438.743518,iOS Bluetooth,220,51,0
1788429438.743518,iOS Bluetooth,220,0,0
1788429438.743518,iOS Bluetooth,237,0,64
1788429438.743518,iOS Bluetooth,221,20,0
1788429438.743518,iOS Bluetooth,221,0,0
1788429438.756897,iOS Bluetooth,238,30,65
1788429438.756897,iOS Bluetooth,222,10,0
1788429438.756897,iOS Bluetooth,222,0,0
1788429438.756897,iOS Bluetooth,239,30,63
1788429438.756897,iOS Bluetooth,223,65,0
1788429438.756897,iOS Bluetooth,223,0,0
1788429438.756897,iOS Bluetooth,229,93,64
1788429438.771674,iOS Bluetooth,213,58,0
1788429438.771674,iOS Bluetooth,213,0,0
1788429438.771674,iOS Bluetooth,231,101,62
1788429438.771674,iOS Bluetooth,215,1,0
1788429438.771674,iOS Bluetooth,215,0,0
1788429438.771674,iOS Bluetooth,232,8,64
1788429438.771674,iOS Bluetooth,216,53,0
1788429438.771674,iOS Bluetooth,216,0,0
1788429438.785503,iOS Bluetooth,234,84,64
1788429438.785503,iOS Bluetooth,218,10,0
1788429438.785503,iOS Bluetooth,218,0,0
1788429438.801746,iOS Bluetooth,219,31,0
1788429438.801746,iOS Bluetooth,219,0,0
1788429438.801746,iOS Bluetooth,236,106,62
1788429438.801746,iOS Bluetooth,215,0,0
1788429438.801746,iOS Bluetooth,215,0,0
1788429438.801746,iOS Bluetooth,135,54,64
1788429438.801746,iOS Bluetooth,225,0,64
1788429438.801746,iOS Bluetooth,145,54,96
1788429438.807838,iOS Bluetooth,220,53,0
1788429438.807838,iOS Bluetooth,220,0,0
1788429438.807838,iOS Bluetooth,237,17,64
1788429438.807838,iOS Bluetooth,237,0,0
1788429438.807838,iOS Bluetooth,237,0,90
1788429438.807838,iOS Bluetooth,237,35,65
1788429438.807838,iOS Bluetooth,222,15,0
1788429438.807838,iOS Bluetooth,222,0,0
1788429438.824474,iOS Bluetooth,239,13,63
1788429438.824474,iOS Bluetooth,223,53,0
1788429438.824474,iOS Bluetooth,223,0,0
1788429438.824474,iOS Bluetooth,223,0,0
1788429438.824474,iOS Bluetooth,223,0,0
1788429438.824474,iOS Bluetooth,223,0,0
1788429438.824474,iOS Bluetooth,229,72,64
1788429438.846948,iOS Bluetooth,213,77,0
1788429438.846948,iOS Bluetooth,213,0,0
1788429438.846948,iOS Bluetooth,231,105,62
1788429438.846948,iOS Bluetooth,232,29,64
1788429438.846948,iOS Bluetooth,232,0,0
1788429438.846948,iOS Bluetooth,232,0,122
1788429438.846948,iOS Bluetooth,232,36,65
1788429438.861777,iOS Bluetooth,217,43,0
1788429438.861777,iOS Bluetooth,217,0,0
1788429438.861777,iOS Bluetooth,234,63,64
1788429438.861777,iOS Bluetooth,218,4,0
1788429438.861777,iOS Bluetooth,218,0,0
1788429438.861777,iOS Bluetooth,218,0,0
1788429438.861777,iOS Bluetooth,218,0,0
1788429438.861777,iOS Bluetooth,218,0,0
1788429438.861777,iOS Bluetooth,219,34,0
1788429438.861777,iOS Bluetooth,219,0,0
1788429438.876742,iOS Bluetooth,236,118,62
1788429438.876742,iOS Bluetooth,220,54,0
1788429438.876742,iOS Bluetooth,220,0,0
1788429438.876742,iOS Bluetooth,220,0,0
1788429438.876742,iOS Bluetooth,220,0,0
1788429438.876742,iOS Bluetooth,220,0,0
1788429438.876742,iOS Bluetooth,220,0,0
1788429438.876742,iOS Bluetooth,220,0,0
1788429438.876742,iOS Bluetooth,220,0,0
1788429438.876742,iOS Bluetooth,238,37,65
1788429438.891597,iOS Bluetooth,222,20,0
1788429438.891597,iOS Bluetooth,222,0,0
1788429438.891597,iOS Bluetooth,239,126,62
1788429438.891597,iOS Bluetooth,239,0,0
1788429438.891597,iOS Bluetooth,239,0,0
1788429438.891597,iOS Bluetooth,239,0,0
1788429438.891597,iOS Bluetooth,229,51,64
1788429438.907093,iOS Bluetooth,213,97,0
1788429438.907093,iOS Bluetooth,213,0,0
1788429438.907093,iOS Bluetooth,232,52,64
1788429438.907093,iOS Bluetooth,232,0,0
1788429438.907093,iOS Bluetooth,232,0,0
1788429438.907093,iOS Bluetooth,232,0,0
1788429438.921999,iOS Bluetooth,217,39,0
1788429438.921999,iOS Bluetooth,217,0,0
1788429438.921999,iOS Bluetooth,234,39,64
1788429438.921999,iOS Bluetooth,218,1,0
1788429438.921999,iOS Bluetooth,218,0,0
1788429438.921999,iOS Bluetooth,235,117,62
1788429438.921999,iOS Bluetooth,219,37,0
1788429438.921999,iOS Bluetooth,219,0,0
1788429438.936913,iOS Bluetooth,236,4,63
1788429438.936913,iOS Bluetooth,220,56,0
1788429438.936913,iOS Bluetooth,220,0,0
1788429438.936913,iOS Bluetooth,237,63,64
1788429438.936913,iOS Bluetooth,221,6,0
1788429438.936913,iOS Bluetooth,221,0,0
1788429438.936913,iOS Bluetooth,238,36,65
1788429438.958683,iOS Bluetooth,222,26,0
1788429438.958683,iOS Bluetooth,222,0,0
1788429438.958683,iOS Bluetooth,239,114,62
1788429438.958683,iOS Bluetooth,223,33,0
1788429438.958683,iOS Bluetooth,223,0,0
1788429438.958683,iOS Bluetooth,225,8,63
1788429438.958683,iOS Bluetooth,209,1,0
1788429438.958683,iOS Bluetooth,209,0,0
1788429438.973723,iOS Bluetooth,229,27,64
1788429438.973723,iOS Bluetooth,213,103,0
1788429438.973723,iOS Bluetooth,213,0,0
1788429438.973723,iOS Bluetooth,232,75,64
1788429438.973723,iOS Bluetooth,216,77,0
1788429438.973723,iOS Bluetooth,216,0,0
1788429438.973723,iOS Bluetooth,233,34,65
1788429438.988805,iOS Bluetooth,217,36,0
1788429438.988805,iOS Bluetooth,217,0,0
1788429438.988805,iOS Bluetooth,234,15,64
1788429438.988805,iOS Bluetooth,218,0,0
1788429438.988805,iOS Bluetooth,218,0,0
1788429438.988805,iOS Bluetooth,235,106,62
1788429438.996856,iOS Bluetooth,236,19,63
1788429438.996856,iOS Bluetooth,220,58,0
1788429438.996856,iOS Bluetooth,220,0,0
1788429439.011798,iOS Bluetooth,237,87,64
1788429439.011798,iOS Bluetooth,221,2,0
1788429439.011798,iOS Bluetooth,221,0,0
1788429439.011798,iOS Bluetooth,221,0,0
1788429439.011798,iOS Bluetooth,221,0,0
1788429439.011798,iOS Bluetooth,221,0,0
1788429439.011798,iOS Bluetooth,222,32,0
1788429439.011798,iOS Bluetooth,222,0,0
1788429439.011798,iOS Bluetooth,239,104,62
1788429439.026989,iOS Bluetooth,223,26,0
1788429439.026989,iOS Bluetooth,223,0,0
1788429439.026989,iOS Bluetooth,225,24,63
1788429439.026989,iOS Bluetooth,225,0,0
1788429439.026989,iOS Bluetooth,225,0,50
1788429439.026989,iOS Bluetooth,225,5,64
1788429439.041991,iOS Bluetooth,213,107,0
1788429439.041991,iOS Bluetooth,213,0,0
1788429439.041991,iOS Bluetooth,232,94,64
1788429439.041991,iOS Bluetooth,216,70,0
1788429439.041991,iOS Bluetooth,216,0,0
1788429439.041991,iOS Bluetooth,216,0,0
1788429439.041991,iOS Bluetooth,216,0,0
1788429439.041991,iOS Bluetooth,216,0,0
1788429439.041991,iOS Bluetooth,217,32,0
1788429439.041991,iOS Bluetooth,217,0,0
1788429439.056891,iOS Bluetooth,234,0,64
1788429439.056891,iOS Bluetooth,235,98,62
1788429439.056891,iOS Bluetooth,219,42,0
1788429439.056891,iOS Bluetooth,219,0,0
1788429439.056891,iOS Bluetooth,219,0,0
1788429439.056891,iOS Bluetooth,219,0,0
1788429439.056891,iOS Bluetooth,219,0,0
1788429439.056891,iOS Bluetooth,220,61,0
1788429439.056891,iOS Bluetooth,220,0,0
1788429439.078661,iOS Bluetooth,237,105,64
1788429439.078661,iOS Bluetooth,221,0,0
1788429439.078661,iOS Bluetooth,221,0,0
1788429439.078661,iOS Bluetooth,221,0,0
1788429439.078661,iOS Bluetooth,221,0,0
1788429439.078661,iOS Bluetooth,221,0,0
1788429439.078661,iOS Bluetooth,221,0,0
1788429439.078661,iOS Bluetooth,221,0,0
1788429439.078661,iOS Bluetooth,221,0,0
1788429439.078661,iOS Bluetooth,239,97,62
1788429439.094016,iOS Bluetooth,223,19,0
1788429439.094016,iOS Bluetooth,223,0,0
1788429439.094016,iOS Bluetooth,225,42,63
1788429439.094016,iOS Bluetooth,225,0,0
1788429439.094016,iOS Bluetooth,225,0,0
1788429439.094016,iOS Bluetooth,225,0,0
1788429439.094016,iOS Bluetooth,213,109,0
1788429439.094016,iOS Bluetooth,213,0,0
1788429439.108781,iOS Bluetooth,232,111,64
1788429439.108781,iOS Bluetooth,216,65,0
1788429439.108781,iOS Bluetooth,216,0,0
1788429439.108781,iOS Bluetooth,216,0,0
1788429439.108781,iOS Bluetooth,216,0,0
1788429439.108781,iOS Bluetooth,216,0,0
1788429439.108781,iOS Bluetooth,216,0,0
1788429439.108781,iOS Bluetooth,216,0,0
1788429439.108781,iOS Bluetooth,216,0,0
1788429439.124513,iOS Bluetooth,234,109,63
1788429439.124513,iOS Bluetooth,218,4,0
1788429439.124513,iOS Bluetooth,218,0,0
1788429439.124513,iOS Bluetooth,235,93,62
1788429439.124513,iOS Bluetooth,219,45,0
1788429439.124513,iOS Bluetooth,219,0,0
1788429439.124513,iOS Bluetooth,236,56,63
1788429439.139412,iOS Bluetooth,220,66,0
1788429439.139412,iOS Bluetooth,220,0,0
1788429439.139412,iOS Bluetooth,237,121,64
1788429439.139412,iOS Bluetooth,221,1,0
1788429439.139412,iOS Bluetooth,221,0,0
1788429439.139412,iOS Bluetooth,238,14,65
1788429439.139412,iOS Bluetooth,222,45,0
1788429439.139412,iOS Bluetooth,222,0,0
1788429439.154364,iOS Bluetooth,239,92,62
1788429439.154364,iOS Bluetooth,223,14,0
1788429439.154364,iOS Bluetooth,223,0,0
1788429439.154364,iOS Bluetooth,225,65,63
1788429439.154364,iOS Bluetooth,209,22,0
1788429439.154364,iOS Bluetooth,209,0,0
1788429439.154364,iOS Bluetooth,229,89,63
1788429439.168565,iOS Bluetooth,213,110,0
1788429439.168565,iOS Bluetooth,213,0,0
1788429439.168565,iOS Bluetooth,232,126,64
1788429439.168565,iOS Bluetooth,216,60,0
1788429439.168565,iOS Bluetooth,216,0,0
1788429439.168565,iOS Bluetooth,233,10,65
1788429439.168565,iOS Bluetooth,217,24,0
1788429439.168565,iOS Bluetooth,217,0,0
1788429439.191998,iOS Bluetooth,234,85,63
1788429439.191998,iOS Bluetooth,218,11,0
1788429439.191998,iOS Bluetooth,218,0,0
1788429439.191998,iOS Bluetooth,235,91,62
1788429439.191998,iOS Bluetooth,219,47,0
1788429439.191998,iOS Bluetooth,219,0,0
1788429439.191998,iOS Bluetooth,219,0,0
1788429439.191998,iOS Bluetooth,219,0,0
1788429439.191998,iOS Bluetooth,219,0,0
1788429439.206833,iOS Bluetooth,220,55,0
1788429439.206833,iOS Bluetooth,220,0,0
1788429439.206833,iOS Bluetooth,237,7,65
1788429439.206833,iOS Bluetooth,221,3,0
1788429439.206833,iOS Bluetooth,221,0,0
1788429439.206833,iOS Bluetooth,238,1,65
1788429439.206833,iOS Bluetooth,238,0,0
1788429439.221874,iOS Bluetooth,239,91,62
1788429439.221874,iOS Bluetooth,223,9,0
1788429439.221874,iOS Bluetooth,223,0,0
1788429439.221874,iOS Bluetooth,225,88,63
1788429439.221874,iOS Bluetooth,209,31,0
1788429439.221874,iOS Bluetooth,209,0,0
1788429439.228688,iOS Bluetooth,213,94,0
1788429439.228688,iOS Bluetooth,213,0,0
1788429439.245237,iOS Bluetooth,232,13,65
1788429439.245237,iOS Bluetooth,216,56,0
1788429439.245237,iOS Bluetooth,216,0,0
1788429439.245237,iOS Bluetooth,233,124,64
1788429439.245237,iOS Bluetooth,233,0,0
1788429439.245237,iOS Bluetooth,233,0,10
1788429439.245237,iOS Bluetooth,233,62,63
1788429439.260205,iOS Bluetooth,218,21,0
1788429439.260205,iOS Bluetooth,218,0,0
1788429439.260205,iOS Bluetooth,235,93,62
1788429439.260205,iOS Bluetooth,219,49,0
1788429439.260205,iOS Bluetooth,219,0,0
1788429439.260205,iOS Bluetooth,219,0,0
1788429439.260205,iOS Bluetooth,219,0,0
1788429439.260205,iOS Bluetooth,219,0,0
1788429439.260205,iOS Bluetooth,220,40,0
1788429439.260205,iOS Bluetooth,220,0,0
1788429439.273727,iOS Bluetooth,237,20,65
1788429439.273727,iOS Bluetooth,221,6,0
1788429439.273727,iOS Bluetooth,221,0,0
1788429439.273727,iOS Bluetooth,221,0,0
1788429439.273727,iOS Bluetooth,221,0,0
1788429439.273727,iOS Bluetooth,221,0,0
1788429439.273727,iOS Bluetooth,221,0,0
1788429439.273727,iOS Bluetooth,221,0,0
1788429439.273727,iOS Bluetooth,221,0,0
1788429439.273727,iOS Bluetooth,239,94,62
1788429439.288762,iOS Bluetooth,223,5,0
1788429439.288762,iOS Bluetooth,223,0,0
1788429439.288762,iOS Bluetooth,225,109,63
1788429439.288762,iOS Bluetooth,225,0,0
1788429439.288762,iOS Bluetooth,225,0,0
1788429439.288762,iOS Bluetooth,225,0,0
1788429439.288762,iOS Bluetooth,213,79,0
1788429439.288762,iOS Bluetooth,213,0,0
1788429439.311860,iOS Bluetooth,232,23,65
1788429439.311860,iOS Bluetooth,216,52,0
1788429439.311860,iOS Bluetooth,216,0,0
1788429439.311860,iOS Bluetooth,216,0,0
1788429439.311860,iOS Bluetooth,216,0,0
1788429439.311860,iOS Bluetooth,216,0,0
1788429439.311860,iOS Bluetooth,216,0,0
1788429439.311860,iOS Bluetooth,216,0,0
1788429439.311860,iOS Bluetooth,216,0,0
1788429439.327109,iOS Bluetooth,234,39,63
1788429439.327109,iOS Bluetooth,218,27,0
1788429439.327109,iOS Bluetooth,218,0,0
1788429439.327109,iOS Bluetooth,235,97,62
1788429439.327109,iOS Bluetooth,219,51,0
1788429439.327109,iOS Bluetooth,219,0,0
1788429439.327109,iOS Bluetooth,236,124,63
1788429439.341822,iOS Bluetooth,220,22,0
1788429439.341822,iOS Bluetooth,220,0,0
1788429439.341822,iOS Bluetooth,237,28,65
1788429439.341822,iOS Bluetooth,221,10,0
1788429439.341822,iOS Bluetooth,221,0,0
1788429439.341822,iOS Bluetooth,238,96,64
1788429439.341822,iOS Bluetooth,222,73,0
1788429439.341822,iOS Bluetooth,222,0,0
1788429439.358220,iOS Bluetooth,239,99,62
1788429439.358220,iOS Bluetooth,223,2,0
1788429439.358220,iOS Bluetooth,223,0,0
1788429439.358220,iOS Bluetooth,225,3,64
1788429439.358220,iOS Bluetooth,209,49,0
1788429439.358220,iOS Bluetooth,209,0,0
1788429439.358220,iOS Bluetooth,229,27,63
1788429439.371552,iOS Bluetooth,213,63,0
1788429439.371552,iOS Bluetooth,213,0,0
1788429439.371552,iOS Bluetooth,232,30,65
1788429439.371552,iOS Bluetooth,216,48,0
1788429439.371552,iOS Bluetooth,216,0,0
1788429439.371552,iOS Bluetooth,233,89,64
1788429439.371552,iOS Bluetooth,217,11,0
1788429439.371552,iOS Bluetooth,217,0,0
1788429439.388290,iOS Bluetooth,234,21,63
1788429439.388290,iOS Bluetooth,218,30,0
1788429439.388290,iOS Bluetooth,218,0,0
1788429439.388290,iOS Bluetooth,235,105,62
1788429439.388290,iOS Bluetooth,219,52,0
1788429439.388290,iOS Bluetooth,219,0,0
1788429439.403229,iOS Bluetooth,220,17,0
1788429439.403229,iOS Bluetooth,220,0,0
1788429439.403229,iOS Bluetooth,237,34,65
1788429439.403229,iOS Bluetooth,216,0,0
1788429439.403229,iOS Bluetooth,216,0,0
1788429439.403229,iOS Bluetooth,136,57,64
1788429439.403229,iOS Bluetooth,226,0,64
1788429439.403229,iOS Bluetooth,146,57,96
1788429439.409405,iOS Bluetooth,221,14,0
1788429439.409405,iOS Bluetooth,221,0,0
1788429439.409405,iOS Bluetooth,238,77,64
1788429439.409405,iOS Bluetooth,238,0,0
1788429439.409405,iOS Bluetooth,238,0,50
1788429439.409405,iOS Bluetooth,238,108,62
1788429439.409405,iOS Bluetooth,223,1,0
1788429439.409405,iOS Bluetooth,223,0,0
1788429439.426420,iOS Bluetooth,225,23,64
1788429439.426420,iOS Bluetooth,209,64,0
1788429439.426420,iOS Bluetooth,209,0,0
1788429439.426420,iOS Bluetooth,209,0,0
1788429439.426420,iOS Bluetooth,209,0,0
1788429439.426420,iOS Bluetooth,209,0,0
1788429439.426420,iOS Bluetooth,210,45,0
1788429439.426420,iOS Bluetooth,210,0,0
1788429439.448810,iOS Bluetooth,229,7,63
1788429439.448810,iOS Bluetooth,213,50,0
1788429439.448810,iOS Bluetooth,213,0,0
1788429439.448810,iOS Bluetooth,232,33,65
1788429439.448810,iOS Bluetooth,232,0,0
1788429439.448810,iOS Bluetooth,232,0,82
1788429439.448810,iOS Bluetooth,232,5,0
1788429439.463322,iOS Bluetooth,234,3,63
1788429439.463322,iOS Bluetooth,218,34,0
1788429439.463322,iOS Bluetooth,218,0,0
1788429439.463322,iOS Bluetooth,235,115,62
1788429439.463322,iOS Bluetooth,235,0,0
1788429439.463322,iOS Bluetooth,235,0,98
1788429439.463322,iOS Bluetooth,235,37,64
1788429439.478212,iOS Bluetooth,220,12,0
1788429439.478212,iOS Bluetooth,220,0,0
1788429439.478212,iOS Bluetooth,237,36,65
1788429439.478212,iOS Bluetooth,237,0,0
1788429439.478212,iOS Bluetooth,237,0,0
1788429439.478212,iOS Bluetooth,237,0,0
1788429439.478212,iOS Bluetooth,222,100,0
1788429439.478212,iOS Bluetooth,222,0,0
1788429439.493536,iOS Bluetooth,239,120,62
1788429439.493536,iOS Bluetooth,223,0,0
1788429439.493536,iOS Bluetooth,223,0,0
1788429439.493536,iOS Bluetooth,223,0,0
1788429439.493536,iOS Bluetooth,223,0,0
1788429439.493536,iOS Bluetooth,223,0,0
1788429439.493536,iOS Bluetooth,223,0,0
1788429439.493536,iOS Bluetooth,223,0,0
1788429439.493536,iOS Bluetooth,223,0,0
1788429439.493536,iOS Bluetooth,226,37,65
1788429439.508402,iOS Bluetooth,210,40,0
1788429439.508402,iOS Bluetooth,210,0,0
1788429439.508402,iOS Bluetooth,229,121,62
1788429439.508402,iOS Bluetooth,229,0,0
1788429439.508402,iOS Bluetooth,229,0,0
1788429439.508402,iOS Bluetooth,229,0,0
1788429439.522144,iOS Bluetooth,217,1,0
1788429439.522144,iOS Bluetooth,217,0,0
1788429439.522144,iOS Bluetooth,234,118,62
1788429439.522144,iOS Bluetooth,218,37,0
1788429439.522144,iOS Bluetooth,218,0,0
1788429439.522144,iOS Bluetooth,235,2,63
1788429439.522144,iOS Bluetooth,219,56,0
1788429439.522144,iOS Bluetooth,219,0,0
1788429439.536846,iOS Bluetooth,236,63,64
1788429439.536846,iOS Bluetooth,220,6,0
1788429439.536846,iOS Bluetooth,220,0,0
1788429439.536846,iOS Bluetooth,221,24,0
1788429439.536846,iOS Bluetooth,221,0,0
1788429439.536846,iOS Bluetooth,238,32,64
1788429439.536846,iOS Bluetooth,222,107,0
1788429439.536846,iOS Bluetooth,222,0,0
1788429439.558691,iOS Bluetooth,239,6,63
1788429439.558691,iOS Bluetooth,223,1,0
1788429439.558691,iOS Bluetooth,223,0,0
1788429439.558691,iOS Bluetooth,225,70,64
1788429439.558691,iOS Bluetooth,226,35,65
1788429439.558691,iOS Bluetooth,210,37,0
1788429439.558691,iOS Bluetooth,210,0,0
1788429439.573618,iOS Bluetooth,229,110,62
1788429439.573618,iOS Bluetooth,213,32,0
1788429439.573618,iOS Bluetooth,213,0,0
1788429439.573618,iOS Bluetooth,233,18,64
1788429439.573618,iOS Bluetooth,217,0,0
1788429439.573618,iOS Bluetooth,217,0,0
1788429439.573618,iOS Bluetooth,234,108,62
1788429439.588785,iOS Bluetooth,218,39,0
1788429439.588785,iOS Bluetooth,218,0,0
1788429439.588785,iOS Bluetooth,235,15,63
1788429439.588785,iOS Bluetooth,219,58,0
1788429439.588785,iOS Bluetooth,219,0,0
1788429439.588785,iOS Bluetooth,236,82,64
1788429439.588785,iOS Bluetooth,236,0,0
1788429439.604434,iOS Bluetooth,237,32,65
1788429439.604434,iOS Bluetooth,221,30,0
1788429439.604434,iOS Bluetooth,221,0,0
1788429439.604434,iOS Bluetooth,176,118,20
1788429439.604434,iOS Bluetooth,238,10,64
1788429439.604434,iOS Bluetooth,222,100,0
1788429439.604434,iOS Bluetooth,222,0,0
1788429439.604434,iOS Bluetooth,222,0,0
1788429439.604434,iOS Bluetooth,222,0,0
1788429439.604434,iOS Bluetooth,222,0,0
1788429439.618644,iOS Bluetooth,223,4,0
1788429439.618644,iOS Bluetooth,223,0,0
1788429439.618644,iOS Bluetooth,225,87,64
1788429439.618644,iOS Bluetooth,209,72,0
1788429439.618644,iOS Bluetooth,209,0,0
1788429439.618644,iOS Bluetooth,226,31,65
1788429439.633881,iOS Bluetooth,229,101,62
1788429439.641793,iOS Bluetooth,213,24,0
1788429439.641793,iOS Bluetooth,213,0,0
1788429439.641793,iOS Bluetooth,233,0,64
1788429439.641793,iOS Bluetooth,234,100,62
1788429439.641793,iOS Bluetooth,234,0,0
1788429439.641793,iOS Bluetooth,234,0,26
1788429439.641793,iOS Bluetooth,234,33,63
1788429439.657180,iOS Bluetooth,219,61,0
1788429439.657180,iOS Bluetooth,219,0,0
1788429439.657180,iOS Bluetooth,236,101,64
1788429439.657180,iOS Bluetooth,220,0,0
1788429439.657180,iOS Bluetooth,220,0,0
1788429439.657180,iOS Bluetooth,220,0,0
1788429439.657180,iOS Bluetooth,220,0,0
1788429439.657180,iOS Bluetooth,220,0,0
1788429439.657180,iOS Bluetooth,221,36,0
1788429439.657180,iOS Bluetooth,221,0,0
1788429439.693676,iOS Bluetooth,238,117,63
1788429439.693676,iOS Bluetooth,222,92,0
1788429439.693676,iOS Bluetooth,222,0,0
1788429439.693676,iOS Bluetooth,222,0,0
1788429439.693676,iOS Bluetooth,222,0,0
1788429439.693676,iOS Bluetooth,222,0,0
1788429439.693676,iOS Bluetooth,222,0,0
1788429439.693676,iOS Bluetooth,222,0,0
1788429439.693676,iOS Bluetooth,222,0,0
1788429439.693676,iOS Bluetooth,225,105,64
1788429439.693813,iOS Bluetooth,209,66,0
1788429439.693813,iOS Bluetooth,209,0,0
1788429439.693813,iOS Bluetooth,226,24,65
1788429439.693813,iOS Bluetooth,226,0,0
1788429439.693813,iOS Bluetooth,226,0,0
1788429439.693813,iOS Bluetooth,226,0,0
1788429439.693813,iOS Bluetooth,213,18,0
1788429439.693813,iOS Bluetooth,213,0,0
1788429439.708793,iOS Bluetooth,233,115,63
1788429439.708793,iOS Bluetooth,217,3,0
1788429439.708793,iOS Bluetooth,217,0,0
1788429439.708793,iOS Bluetooth,217,0,0
1788429439.708793,iOS Bluetooth,217,0,0
1788429439.708793,iOS Bluetooth,217,0,0
1788429439.708793,iOS Bluetooth,217,0,0
1788429439.708793,iOS Bluetooth,217,0,0
1788429439.708793,iOS Bluetooth,217,0,0
1788429439.724395,iOS Bluetooth,235,54,63
1788429439.724395,iOS Bluetooth,219,65,0
1788429439.724395,iOS Bluetooth,219,0,0
1788429439.724395,iOS Bluetooth,236,117,64
1788429439.724395,iOS Bluetooth,237,17,65
1788429439.724395,iOS Bluetooth,221,43,0
1788429439.724395,iOS Bluetooth,221,0,0
1788429439.739229,iOS Bluetooth,238,96,63
1788429439.739229,iOS Bluetooth,222,84,0
1788429439.739229,iOS Bluetooth,222,0,0
1788429439.739229,iOS Bluetooth,239,59,63
1788429439.739229,iOS Bluetooth,223,20,0
1788429439.739229,iOS Bluetooth,223,0,0
1788429439.739229,iOS Bluetooth,225,121,64
1788429439.753649,iOS Bluetooth,209,61,0
1788429439.753649,iOS Bluetooth,209,0,0
1788429439.753649,iOS Bluetooth,226,14,65
1788429439.753649,iOS Bluetooth,210,25,0
1788429439.753649,iOS Bluetooth,210,0,0
1788429439.753649,iOS Bluetooth,229,92,62
1788429439.753649,iOS Bluetooth,213,12,0
1788429439.753649,iOS Bluetooth,213,0,0
1788429439.768620,iOS Bluetooth,233,91,63
1788429439.768620,iOS Bluetooth,217,9,0
1788429439.768620,iOS Bluetooth,217,0,0
1788429439.768620,iOS Bluetooth,234,92,62
1788429439.768620,iOS Bluetooth,218,46,0
1788429439.768620,iOS Bluetooth,218,0,0
1788429439.768620,iOS Bluetooth,235,72,63
1788429439.783540,iOS Bluetooth,236,4,65
1788429439.783540,iOS Bluetooth,220,2,0
1788429439.783540,iOS Bluetooth,220,0,0
1788429439.783540,iOS Bluetooth,237,5,65
1788429439.798782,iOS Bluetooth,238,74,63
1788429439.798782,iOS Bluetooth,222,75,0
1788429439.798782,iOS Bluetooth,222,0,0
1788429439.813716,iOS Bluetooth,239,82,63
1788429439.813716,iOS Bluetooth,223,29,0
1788429439.813716,iOS Bluetooth,223,0,0
1788429439.813716,iOS Bluetooth,223,0,0
1788429439.813716,iOS Bluetooth,223,0,0
1788429439.813716,iOS Bluetooth,223,0,0
1788429439.813716,iOS Bluetooth,209,57,0
1788429439.813716,iOS Bluetooth,209,0,0
1788429439.813716,iOS Bluetooth,226,1,65
1788429439.828616,iOS Bluetooth,210,21,0
1788429439.828616,iOS Bluetooth,210,0,0
1788429439.828616,iOS Bluetooth,213,8,0
1788429439.828616,iOS Bluetooth,213,0,0
1788429439.828616,iOS Bluetooth,213,0,0
1788429439.828616,iOS Bluetooth,213,0,0
1788429439.828616,iOS Bluetooth,213,0,0
1788429439.828616,iOS Bluetooth,217,18,0
1788429439.828616,iOS Bluetooth,217,0,0
1788429439.843454,iOS Bluetooth,218,48,0
1788429439.843454,iOS Bluetooth,218,0,0
1788429439.843454,iOS Bluetooth,235,95,63
1788429439.843454,iOS Bluetooth,219,46,0
1788429439.843454,iOS Bluetooth,219,0,0
1788429439.843454,iOS Bluetooth,219,0,0
1788429439.843454,iOS Bluetooth,219,0,0
1788429439.843454,iOS Bluetooth,219,0,0
1788429439.843454,iOS Bluetooth,220,4,0
1788429439.843454,iOS Bluetooth,220,0,0
1788429439.858865,iOS Bluetooth,237,119,64
1788429439.858865,iOS Bluetooth,221,59,0
1788429439.858865,iOS Bluetooth,221,0,0
1788429439.858865,iOS Bluetooth,238,56,63
1788429439.858865,iOS Bluetooth,238,0,0
1788429439.858865,iOS Bluetooth,238,0,114
1788429439.858865,iOS Bluetooth,238,104,63
1788429439.873633,iOS Bluetooth,223,36,0
1788429439.873633,iOS Bluetooth,223,0,0
1788429439.873633,iOS Bluetooth,225,18,65
1788429439.873633,iOS Bluetooth,225,0,0
1788429439.873633,iOS Bluetooth,225,0,0
1788429439.873633,iOS Bluetooth,225,0,0
1788429439.873633,iOS Bluetooth,210,17,0
1788429439.873633,iOS Bluetooth,210,0,0
1788429439.888817,iOS Bluetooth,229,94,62
1788429439.888817,iOS Bluetooth,213,5,0
1788429439.888817,iOS Bluetooth,213,0,0
1788429439.888817,iOS Bluetooth,213,0,0
1788429439.888817,iOS Bluetooth,213,0,0
1788429439.888817,iOS Bluetooth,213,0,0
1788429439.888817,iOS Bluetooth,213,0,0
1788429439.888817,iOS Bluetooth,213,0,0
1788429439.888817,iOS Bluetooth,213,0,0
1788429439.912087,iOS Bluetooth,234,96,62
1788429439.912087,iOS Bluetooth,218,50,0
1788429439.912087,iOS Bluetooth,218,0,0
1788429439.912087,iOS Bluetooth,235,117,63
1788429439.912087,iOS Bluetooth,235,0,0
1788429439.912087,iOS Bluetooth,235,0,0
1788429439.912087,iOS Bluetooth,235,0,0
1788429439.926971,iOS Bluetooth,220,8,0
1788429439.926971,iOS Bluetooth,220,0,0
1788429439.926971,iOS Bluetooth,237,102,64
1788429439.926971,iOS Bluetooth,221,69,0
1788429439.926971,iOS Bluetooth,221,0,0
1788429439.926971,iOS Bluetooth,238,34,63
1788429439.926971,iOS Bluetooth,222,42,0
1788429439.926971,iOS Bluetooth,222,0,0
1788429439.941714,iOS Bluetooth,239,123,63
1788429439.941714,iOS Bluetooth,223,44,0
1788429439.941714,iOS Bluetooth,223,0,0
1788429439.941714,iOS Bluetooth,225,27,65
1788429439.941714,iOS Bluetooth,209,50,0
1788429439.941714,iOS Bluetooth,209,0,0
1788429439.941714,iOS Bluetooth,226,98,64
1788429439.957374,iOS Bluetooth,210,12,0
1788429439.957374,iOS Bluetooth,210,0,0
1788429439.957374,iOS Bluetooth,229,100,62
1788429439.957374,iOS Bluetooth,213,2,0
1788429439.957374,iOS Bluetooth,213,0,0
1788429439.957374,iOS Bluetooth,233,27,63
1788429439.957374,iOS Bluetooth,217,29,0
1788429439.957374,iOS Bluetooth,217,0,0
1788429439.971861,iOS Bluetooth,234,102,62
1788429439.971861,iOS Bluetooth,218,52,0
1788429439.971861,iOS Bluetooth,218,0,0
1788429439.971861,iOS Bluetooth,235,7,64
1788429439.971861,iOS Bluetooth,219,17,0
1788429439.971861,iOS Bluetooth,219,0,0
1788429439.971861,iOS Bluetooth,236,32,65
1788429439.986768,iOS Bluetooth,220,12,0
1788429439.986768,iOS Bluetooth,220,0,0
1788429439.986768,iOS Bluetooth,237,84,64
1788429439.986768,iOS Bluetooth,221,81,0
1788429439.986768,iOS Bluetooth,221,0,0
1788429439.986768,iOS Bluetooth,238,17,63
1788429439.986768,iOS Bluetooth,238,0,0
1788429440.001883,iOS Bluetooth,239,15,64
1788429440.001883,iOS Bluetooth,223,58,0
1788429440.001883,iOS Bluetooth,223,0,0
1788429440.001883,iOS Bluetooth,217,0,0
1788429440.001883,iOS Bluetooth,217,0,0
1788429440.001883,iOS Bluetooth,137,60,64
1788429440.001883,iOS Bluetooth,227,0,64
1788429440.001883,iOS Bluetooth,147,60,96
1788429440.001883,iOS Bluetooth,225,34,65
1788429440.001883,iOS Bluetooth,209,46,0
1788429440.001883,iOS Bluetooth,209,0,0
1788429440.001883,iOS Bluetooth,209,0,0
1788429440.001883,iOS Bluetooth,209,0,0
1788429440.001883,iOS Bluetooth,209,0,0
1788429440.017016,iOS Bluetooth,210,8,0
1788429440.017016,iOS Bluetooth,210,0,0
1788429440.017016,iOS Bluetooth,227,13,63
1788429440.017016,iOS Bluetooth,211,32,0
1788429440.017016,iOS Bluetooth,211,0,0
1788429440.017016,iOS Bluetooth,229,110,62
1788429440.031832,iOS Bluetooth,233,17,63
1788429440.046800,iOS Bluetooth,234,113,62
1788429440.046800,iOS Bluetooth,218,53,0
1788429440.046800,iOS Bluetooth,218,0,0
1788429440.046800,iOS Bluetooth,235,28,64
1788429440.046800,iOS Bluetooth,235,0,0
1788429440.046800,iOS Bluetooth,235,0,42
1788429440.046800,iOS Bluetooth,235,36,65
1788429440.062069,iOS Bluetooth,220,18,0
1788429440.062069,iOS Bluetooth,220,0,0
1788429440.062069,iOS Bluetooth,237,62,64
1788429440.062069,iOS Bluetooth,221,94,0
1788429440.062069,iOS Bluetooth,221,0,0
1788429440.062069,iOS Bluetooth,221,0,0
1788429440.062069,iOS Bluetooth,221,0,0
1788429440.062069,iOS Bluetooth,221,0,0
1788429440.062069,iOS Bluetooth,222,17,0
1788429440.062069,iOS Bluetooth,222,0,0
1788429440.076685,iOS Bluetooth,239,40,64
1788429440.076685,iOS Bluetooth,223,75,0
1788429440.076685,iOS Bluetooth,223,0,0
1788429440.076685,iOS Bluetooth,223,0,0
1788429440.076685,iOS Bluetooth,223,0,0
1788429440.076685,iOS Bluetooth,223,0,0
1788429440.076685,iOS Bluetooth,223,0,0
1788429440.076685,iOS Bluetooth,223,0,0
1788429440.076685,iOS Bluetooth,223,0,0
1788429440.076685,iOS Bluetooth,226,54,64
1788429440.091889,iOS Bluetooth,210,2,0
1788429440.091889,iOS Bluetooth,210,0,0
1788429440.091889,iOS Bluetooth,227,124,62
1788429440.091889,iOS Bluetooth,227,0,0
1788429440.091889,iOS Bluetooth,227,0,0
1788429440.091889,iOS Bluetooth,227,0,0
1788429440.106482,iOS Bluetooth,234,125,62
1788429440.106482,iOS Bluetooth,218,55,0
1788429440.106482,iOS Bluetooth,218,0,0
1788429440.106482,iOS Bluetooth,235,52,64
1788429440.106482,iOS Bluetooth,219,8,0
1788429440.106482,iOS Bluetooth,219,0,0
1788429440.106482,iOS Bluetooth,220,22,0
1788429440.106482,iOS Bluetooth,220,0,0
1788429440.121889,iOS Bluetooth,237,41,64
1788429440.121889,iOS Bluetooth,221,109,0
1788429440.121889,iOS Bluetooth,221,0,0
1788429440.121889,iOS Bluetooth,238,117,62
1788429440.121889,iOS Bluetooth,222,11,0
1788429440.121889,iOS Bluetooth,222,0,0
1788429440.121889,iOS Bluetooth,239,60,64
1788429440.136711,iOS Bluetooth,223,83,0
1788429440.136711,iOS Bluetooth,223,0,0
1788429440.136711,iOS Bluetooth,209,39,0
1788429440.136711,iOS Bluetooth,209,0,0
1788429440.136711,iOS Bluetooth,226,31,64
1788429440.136711,iOS Bluetooth,210,0,0
1788429440.136711,iOS Bluetooth,210,0,0
1788429440.136711,iOS Bluetooth,227,114,62
1788429440.158774,iOS Bluetooth,211,38,0
1788429440.158774,iOS Bluetooth,211,0,0
1788429440.158774,iOS Bluetooth,229,7,63
1788429440.158774,iOS Bluetooth,213,1,0
1788429440.158774,iOS Bluetooth,213,0,0
1788429440.158774,iOS Bluetooth,234,9,63
1788429440.158774,iOS Bluetooth,218,57,0
1788429440.158774,iOS Bluetooth,218,0,0
1788429440.175455,iOS Bluetooth,235,75,64
1788429440.175455,iOS Bluetooth,219,4,0
1788429440.175455,iOS Bluetooth,219,0,0
1788429440.175455,iOS Bluetooth,236,34,65
1788429440.175455,iOS Bluetooth,220,28,0
1788429440.175455,iOS Bluetooth,220,0,0
1788429440.175455,iOS Bluetooth,237,21,64
1788429440.190376,iOS Bluetooth,221,103,0
1788429440.190376,iOS Bluetooth,221,0,0
1788429440.190376,iOS Bluetooth,238,106,62
1788429440.190376,iOS Bluetooth,222,6,0
1788429440.190376,iOS Bluetooth,222,0,0
1788429440.190376,iOS Bluetooth,239,80,64
1788429440.190376,iOS Bluetooth,239,0,0
1788429440.204389,iOS Bluetooth,225,33,65
1788429440.204389,iOS Bluetooth,209,35,0
1788429440.204389,iOS Bluetooth,209,0,0
1788429440.204389,iOS Bluetooth,226,6,64
1788429440.204389,iOS Bluetooth,227,104,62
1788429440.211716,iOS Bluetooth,229,24,63
1788429440.211716,iOS Bluetooth,213,4,0
1788429440.211716,iOS Bluetooth,213,0,0
1788429440.226769,iOS Bluetooth,234,26,63
1788429440.226769,iOS Bluetooth,218,59,0
1788429440.226769,iOS Bluetooth,218,0,0
1788429440.226769,iOS Bluetooth,218,0,0
1788429440.226769,iOS Bluetooth,218,0,0
1788429440.226769,iOS Bluetooth,218,0,0
1788429440.226769,iOS Bluetooth,219,1,0
1788429440.226769,iOS Bluetooth,219,0,0
1788429440.241783,iOS Bluetooth,236,29,65
1788429440.241783,iOS Bluetooth,220,34,0
1788429440.241783,iOS Bluetooth,220,0,0
1788429440.241783,iOS Bluetooth,237,0,64
1788429440.241783,iOS Bluetooth,237,0,0
1788429440.241783,iOS Bluetooth,237,0,114
1788429440.241783,iOS Bluetooth,237,98,62
1788429440.256969,iOS Bluetooth,222,3,0
1788429440.256969,iOS Bluetooth,222,0,0
1788429440.256969,iOS Bluetooth,239,98,64
1788429440.256969,iOS Bluetooth,223,69,0
1788429440.256969,iOS Bluetooth,223,0,0
1788429440.256969,iOS Bluetooth,223,0,0
1788429440.256969,iOS Bluetooth,223,0,0
1788429440.256969,iOS Bluetooth,223,0,0
1788429440.256969,iOS Bluetooth,209,31,0
1788429440.256969,iOS Bluetooth,209,0,0
1788429440.280619,iOS Bluetooth,226,127,63
1788429440.280619,iOS Bluetooth,227,97,62
1788429440.280619,iOS Bluetooth,227,0,0
1788429440.280619,iOS Bluetooth,227,0,0
1788429440.280619,iOS Bluetooth,227,0,0
1788429440.280619,iOS Bluetooth,213,11,0
1788429440.280619,iOS Bluetooth,213,0,0
1788429440.295529,iOS Bluetooth,234,44,63
1788429440.295529,iOS Bluetooth,218,62,0
1788429440.295529,iOS Bluetooth,218,0,0
1788429440.295529,iOS Bluetooth,218,0,0
1788429440.295529,iOS Bluetooth,218,0,0
1788429440.295529,iOS Bluetooth,218,0,0
1788429440.295529,iOS Bluetooth,218,0,0
1788429440.295529,iOS Bluetooth,218,0,0
1788429440.295529,iOS Bluetooth,218,0,0
1788429440.295529,iOS Bluetooth,236,22,65
1788429440.309312,iOS Bluetooth,220,41,0
1788429440.309312,iOS Bluetooth,220,0,0
1788429440.309312,iOS Bluetooth,237,106,63
1788429440.309312,iOS Bluetooth,237,0,0
1788429440.309312,iOS Bluetooth,237,0,0
1788429440.309312,iOS Bluetooth,237,0,0
1788429440.322966,iOS Bluetooth,222,1,0
1788429440.322966,iOS Bluetooth,222,0,0
1788429440.322966,iOS Bluetooth,239,115,64
1788429440.322966,iOS Bluetooth,223,63,0
1788429440.322966,iOS Bluetooth,223,0,0
1788429440.322966,iOS Bluetooth,225,18,65
1788429440.322966,iOS Bluetooth,209,27,0
1788429440.322966,iOS Bluetooth,209,0,0
1788429440.339374,iOS Bluetooth,226,103,63
1788429440.339374,iOS Bluetooth,210,6,0
1788429440.339374,iOS Bluetooth,210,0,0
1788429440.339374,iOS Bluetooth,227,93,62
1788429440.339374,iOS Bluetooth,211,45,0
1788429440.339374,iOS Bluetooth,211,0,0
1788429440.339374,iOS Bluetooth,229,62,63
1788429440.354469,iOS Bluetooth,213,21,0
1788429440.354469,iOS Bluetooth,213,0,0
1788429440.354469,iOS Bluetooth,234,64,63
1788429440.354469,iOS Bluetooth,218,64,0
1788429440.354469,iOS Bluetooth,218,0,0
1788429440.354469,iOS Bluetooth,235,126,64
1788429440.354469,iOS Bluetooth,219,1,0
1788429440.354469,iOS Bluetooth,219,0,0
1788429440.368819,iOS Bluetooth,236,10,65
1788429440.368819,iOS Bluetooth,220,48,0
1788429440.368819,iOS Bluetooth,220,0,0
1788429440.368819,iOS Bluetooth,237,82,63
1788429440.368819,iOS Bluetooth,221,78,0
1788429440.368819,iOS Bluetooth,221,0,0
1788429440.368819,iOS Bluetooth,238,91,62
1788429440.391928,iOS Bluetooth,222,0,0
1788429440.391928,iOS Bluetooth,222,0,0
1788429440.391928,iOS Bluetooth,239,2,65
1788429440.391928,iOS Bluetooth,223,59,0
1788429440.391928,iOS Bluetooth,223,0,0
1788429440.391928,iOS Bluetooth,225,6,65
1788429440.391928,iOS Bluetooth,225,0,0
1788429440.406642,iOS Bluetooth,226,79,63
1788429440.406642,iOS Bluetooth,210,13,0
1788429440.406642,iOS Bluetooth,210,0,0
1788429440.406642,iOS Bluetooth,227,91,62
1788429440.406642,iOS Bluetooth,211,47,0
1788429440.406642,iOS Bluetooth,211,0,0
1788429440.413731,iOS Bluetooth,213,30,0
1788429440.413731,iOS Bluetooth,213,0,0
1788429440.413731,iOS Bluetooth,234,87,63
1788429440.428798,iOS Bluetooth,218,49,0
1788429440.428798,iOS Bluetooth,218,0,0
1788429440.428798,iOS Bluetooth,235,11,65
1788429440.428798,iOS Bluetooth,235,0,0
1788429440.428798,iOS Bluetooth,235,0,42
1788429440.428798,iOS Bluetooth,235,124,64
1788429440.443800,iOS Bluetooth,220,57,0
1788429440.443800,iOS Bluetooth,220,0,0
1788429440.443800,iOS Bluetooth,237,61,63
1788429440.443800,iOS Bluetooth,221,67,0
1788429440.443800,iOS Bluetooth,221,0,0
1788429440.443800,iOS Bluetooth,221,0,0
1788429440.443800,iOS Bluetooth,221,0,0
1788429440.443800,iOS Bluetooth,221,0,0
1788429440.443800,iOS Bluetooth,222,1,0
1788429440.443800,iOS Bluetooth,222,0,0
1788429440.458852,iOS Bluetooth,239,16,65
1788429440.458852,iOS Bluetooth,223,55,0
1788429440.458852,iOS Bluetooth,223,0,0
1788429440.458852,iOS Bluetooth,225,120,64
1788429440.458852,iOS Bluetooth,225,0,0
1788429440.458852,iOS Bluetooth,225,0,74
1788429440.458852,iOS Bluetooth,225,56,63
1788429440.473675,iOS Bluetooth,210,24,0
1788429440.473675,iOS Bluetooth,210,0,0
1788429440.473675,iOS Bluetooth,227,94,62
1788429440.473675,iOS Bluetooth,227,0,0
1788429440.473675,iOS Bluetooth,227,0,0
1788429440.473675,iOS Bluetooth,227,0,0
1788429440.473675,iOS Bluetooth,213,37,0
1788429440.473675,iOS Bluetooth,213,0,0
1788429440.488835,iOS Bluetooth,234,112,63
1788429440.488835,iOS Bluetooth,218,34,0
1788429440.488835,iOS Bluetooth,218,0,0
1788429440.488835,iOS Bluetooth,218,0,0
1788429440.488835,iOS Bluetooth,218,0,0
1788429440.488835,iOS Bluetooth,218,0,0
1788429440.488835,iOS Bluetooth,218,0,0
1788429440.488835,iOS Bluetooth,218,0,0
1788429440.488835,iOS Bluetooth,218,0,0
1788429440.488835,iOS Bluetooth,236,109,64
1788429440.511820,iOS Bluetooth,220,66,0
1788429440.511820,iOS Bluetooth,220,0,0
1788429440.511820,iOS Bluetooth,237,41,63
1788429440.511820,iOS Bluetooth,237,0,0
1788429440.511820,iOS Bluetooth,237,0,0
1788429440.511820,iOS Bluetooth,237,0,0
1788429440.527017,iOS Bluetooth,222,3,0
1788429440.527017,iOS Bluetooth,222,0,0
1788429440.527017,iOS Bluetooth,239,25,65
1788429440.527017,iOS Bluetooth,223,51,0
1788429440.527017,iOS Bluetooth,223,0,0
1788429440.527017,iOS Bluetooth,225,102,64
1788429440.527017,iOS Bluetooth,209,14,0
1788429440.527017,iOS Bluetooth,209,0,0
1788429440.541726,iOS Bluetooth,226,34,63
1788429440.541726,iOS Bluetooth,210,28,0
1788429440.541726,iOS Bluetooth,210,0,0
1788429440.541726,iOS Bluetooth,227,98,62
1788429440.541726,iOS Bluetooth,211,51,0
1788429440.541726,iOS Bluetooth,211,0,0
1788429440.541726,iOS Bluetooth,229,0,64
1788429440.556860,iOS Bluetooth,213,47,0
1788429440.556860,iOS Bluetooth,213,0,0
1788429440.556860,iOS Bluetooth,234,2,64
1788429440.556860,iOS Bluetooth,218,18,0
1788429440.556860,iOS Bluetooth,218,0,0
1788429440.556860,iOS Bluetooth,235,30,65
1788429440.556860,iOS Bluetooth,219,11,0
1788429440.556860,iOS Bluetooth,219,0,0
1788429440.571772,iOS Bluetooth,236,89,64
1788429440.571772,iOS Bluetooth,220,77,0
1788429440.571772,iOS Bluetooth,220,0,0
1788429440.571772,iOS Bluetooth,237,21,63
1788429440.571772,iOS Bluetooth,221,31,0
1788429440.571772,iOS Bluetooth,221,0,0
1788429440.571772,iOS Bluetooth,238,104,62
1788429440.586964,iOS Bluetooth,222,6,0
1788429440.586964,iOS Bluetooth,222,0,0
1788429440.586964,iOS Bluetooth,239,32,65
1788429440.586964,iOS Bluetooth,223,47,0
1788429440.586964,iOS Bluetooth,223,0,0
1788429440.586964,iOS Bluetooth,225,84,64
1788429440.601948,iOS Bluetooth,226,17,63
1788429440.601948,iOS Bluetooth,210,31,0
1788429440.601948,iOS Bluetooth,210,0,0
1788429440.601948,iOS Bluetooth,218,0,0
1788429440.601948,iOS Bluetooth,218,0,0
1788429440.601948,iOS Bluetooth,138,63,64
1788429440.601948,iOS Bluetooth,228,0,64
1788429440.601948,iOS Bluetooth,148,63,96
1788429440.601948,iOS Bluetooth,176,118,21
1788429440.608725,iOS Bluetooth,227,108,62
1788429440.608725,iOS Bluetooth,211,53,0
1788429440.608725,iOS Bluetooth,211,0,0
1788429440.608725,iOS Bluetooth,211,0,0
1788429440.608725,iOS Bluetooth,211,0,0
1788429440.608725,iOS Bluetooth,211,0,0
1788429440.608725,iOS Bluetooth,212,16,0
1788429440.608725,iOS Bluetooth,212,0,0
1788429440.608725,iOS Bluetooth,229,23,64
1788429440.623793,iOS Bluetooth,213,64,0
1788429440.623793,iOS Bluetooth,213,0,0
1788429440.623793,iOS Bluetooth,234,14,64
1788429440.623793,iOS Bluetooth,234,0,0
1788429440.623793,iOS Bluetooth,234,0,114
1788429440.623793,iOS Bluetooth,234,16,0
1788429440.646860,iOS Bluetooth,236,67,64
1788429440.646860,iOS Bluetooth,220,91,0
1788429440.646860,iOS Bluetooth,220,0,0
1788429440.646860,iOS Bluetooth,237,5,63
1788429440.646860,iOS Bluetooth,237,0,0
1788429440.646860,iOS Bluetooth,237,0,2
1788429440.646860,iOS Bluetooth,237,115,62
1788429440.661870,iOS Bluetooth,222,12,0
1788429440.661870,iOS Bluetooth,222,0,0
1788429440.661870,iOS Bluetooth,239,36,65
1788429440.661870,iOS Bluetooth,223,43,0
1788429440.661870,iOS Bluetooth,223,0,0
1788429440.661870,iOS Bluetooth,223,0,0
1788429440.661870,iOS Bluetooth,223,0,0
1788429440.661870,iOS Bluetooth,223,0,0
1788429440.661870,iOS Bluetooth,209,4,0
1788429440.661870,iOS Bluetooth,209,0,0
1788429440.676561,iOS Bluetooth,226,0,63
1788429440.676561,iOS Bluetooth,210,35,0
1788429440.676561,iOS Bluetooth,210,0,0
1788429440.676561,iOS Bluetooth,210,0,0
1788429440.676561,iOS Bluetooth,210,0,0
1788429440.676561,iOS Bluetooth,210,0,0
1788429440.676561,iOS Bluetooth,210,0,0
1788429440.676561,iOS Bluetooth,210,0,0
1788429440.676561,iOS Bluetooth,210,0,0
1788429440.676561,iOS Bluetooth,228,43,64
1788429440.691685,iOS Bluetooth,212,10,0
1788429440.691685,iOS Bluetooth,212,0,0
1788429440.691685,iOS Bluetooth,229,48,64
1788429440.691685,iOS Bluetooth,229,0,0
1788429440.691685,iOS Bluetooth,229,0,0
1788429440.691685,iOS Bluetooth,229,0,0
1788429440.691685,iOS Bluetooth,219,21,0
1788429440.691685,iOS Bluetooth,219,0,0
1788429440.706395,iOS Bluetooth,236,46,64
1788429440.706395,iOS Bluetooth,220,105,0
1788429440.706395,iOS Bluetooth,220,0,0
1788429440.706395,iOS Bluetooth,220,0,0
1788429440.706395,iOS Bluetooth,220,0,0
1788429440.706395,iOS Bluetooth,220,0,0
1788429440.706395,iOS Bluetooth,220,0,0
1788429440.706395,iOS Bluetooth,220,0,0
1788429440.706395,iOS Bluetooth,220,0,0
1788429440.744013,iOS Bluetooth,238,2,63
1788429440.744013,iOS Bluetooth,222,19,0
1788429440.744013,iOS Bluetooth,222,0,0
1788429440.744013,iOS Bluetooth,223,39,0
1788429440.744013,iOS Bluetooth,223,0,0
1788429440.744013,iOS Bluetooth,225,36,64
1788429440.744013,iOS Bluetooth,209,1,0
1788429440.744013,iOS Bluetooth,209,0,0
1788429440.744216,iOS Bluetooth,226,115,62
1788429440.744216,iOS Bluetooth,210,37,0
1788429440.744216,iOS Bluetooth,210,0,0
1788429440.744216,iOS Bluetooth,227,4,63
1788429440.744216,iOS Bluetooth,211,56,0
1788429440.744216,iOS Bluetooth,211,0,0
1788429440.744216,iOS Bluetooth,228,66,64
1788429440.758533,iOS Bluetooth,212,5,0
1788429440.758533,iOS Bluetooth,212,0,0
1788429440.758533,iOS Bluetooth,229,70,64
1788429440.758533,iOS Bluetooth,213,79,0
1788429440.758533,iOS Bluetooth,213,0,0
1788429440.758533,iOS Bluetooth,235,35,65
1788429440.758533,iOS Bluetooth,219,26,0
1788429440.758533,iOS Bluetooth,219,0,0
1788429440.773656,iOS Bluetooth,236,24,64
1788429440.773656,iOS Bluetooth,220,104,0
1788429440.773656,iOS Bluetooth,220,0,0
1788429440.773656,iOS Bluetooth,237,107,62
1788429440.773656,iOS Bluetooth,221,7,0
1788429440.773656,iOS Bluetooth,221,0,0
1788429440.773656,iOS Bluetooth,238,15,63
1788429440.788822,iOS Bluetooth,223,35,0
1788429440.788822,iOS Bluetooth,223,0,0
1788429440.788822,iOS Bluetooth,225,12,64
1788429440.796840,iOS Bluetooth,226,105,62
1788429440.796840,iOS Bluetooth,210,40,0
1788429440.796840,iOS Bluetooth,210,0,0
1788429440.812805,iOS Bluetooth,227,21,63
1788429440.812805,iOS Bluetooth,211,58,0
1788429440.812805,iOS Bluetooth,211,0,0
1788429440.812805,iOS Bluetooth,211,0,0
1788429440.812805,iOS Bluetooth,211,0,0
1788429440.812805,iOS Bluetooth,211,0,0
1788429440.812805,iOS Bluetooth,212,1,0
1788429440.812805,iOS Bluetooth,212,0,0
1788429440.812805,iOS Bluetooth,229,89,64
1788429440.829160,iOS Bluetooth,213,72,0
1788429440.829160,iOS Bluetooth,213,0,0
1788429440.829160,iOS Bluetooth,235,30,65
1788429440.829160,iOS Bluetooth,235,0,0
1788429440.829160,iOS Bluetooth,235,0,58
1788429440.829160,iOS Bluetooth,235,3,64
1788429440.840968,iOS Bluetooth,220,96,0
1788429440.840968,iOS Bluetooth,220,0,0
1788429440.840968,iOS Bluetooth,237,99,62
1788429440.840968,iOS Bluetooth,221,3,0
1788429440.840968,iOS Bluetooth,221,0,0
1788429440.840968,iOS Bluetooth,221,0,0
1788429440.840968,iOS Bluetooth,221,0,0
1788429440.840968,iOS Bluetooth,221,0,0
1788429440.840968,iOS Bluetooth,222,42,0
1788429440.840968,iOS Bluetooth,222,0,0
1788429440.856928,iOS Bluetooth,239,28,65
1788429440.856928,iOS Bluetooth,223,31,0
1788429440.856928,iOS Bluetooth,223,0,0
1788429440.856928,iOS Bluetooth,225,0,64
1788429440.856928,iOS Bluetooth,225,0,0
1788429440.856928,iOS Bluetooth,225,0,90
1788429440.856928,iOS Bluetooth,225,42,0
1788429440.879371,iOS Bluetooth,227,39,63
1788429440.879371,iOS Bluetooth,211,61,0
1788429440.879371,iOS Bluetooth,211,0,0
1788429440.879371,iOS Bluetooth,211,0,0
1788429440.879371,iOS Bluetooth,211,0,0
1788429440.879371,iOS Bluetooth,211,0,0
1788429440.879371,iOS Bluetooth,211,0,0
1788429440.879371,iOS Bluetooth,211,0,0
1788429440.879371,iOS Bluetooth,211,0,0
1788429440.879371,iOS Bluetooth,229,107,64
1788429440.894393,iOS Bluetooth,213,66,0
1788429440.894393,iOS Bluetooth,213,0,0
1788429440.894393,iOS Bluetooth,235,23,65
1788429440.894393,iOS Bluetooth,235,0,0
1788429440.894393,iOS Bluetooth,235,0,0
1788429440.894393,iOS Bluetooth,235,0,0
1788429440.894393,iOS Bluetooth,220,89,0
1788429440.894393,iOS Bluetooth,220,0,0
1788429440.908570,iOS Bluetooth,237,94,62
1788429440.908570,iOS Bluetooth,221,1,0
1788429440.908570,iOS Bluetooth,221,0,0
1788429440.908570,iOS Bluetooth,221,0,0
1788429440.908570,iOS Bluetooth,221,0,0
1788429440.908570,iOS Bluetooth,221,0,0
1788429440.908570,iOS Bluetooth,221,0,0
1788429440.908570,iOS Bluetooth,221,0,0
1788429440.908570,iOS Bluetooth,221,0,0
1788429440.923625,iOS Bluetooth,239,19,65
1788429440.923625,iOS Bluetooth,223,27,0
1788429440.923625,iOS Bluetooth,223,0,0
1788429440.923625,iOS Bluetooth,225,109,63
1788429440.923625,iOS Bluetooth,209,5,0
1788429440.923625,iOS Bluetooth,209,0,0
1788429440.923625,iOS Bluetooth,226,93,62
1788429440.939428,iOS Bluetooth,210,45,0
1788429440.939428,iOS Bluetooth,210,0,0
1788429440.939428,iOS Bluetooth,227,58,63
1788429440.939428,iOS Bluetooth,211,66,0
1788429440.939428,iOS Bluetooth,211,0,0
1788429440.939428,iOS Bluetooth,228,123,64
1788429440.939428,iOS Bluetooth,212,1,0
1788429440.939428,iOS Bluetooth,212,0,0
1788429440.954546,iOS Bluetooth,229,125,64
1788429440.954546,iOS Bluetooth,213,61,0
1788429440.954546,iOS Bluetooth,213,0,0
1788429440.954546,iOS Bluetooth,235,11,65
1788429440.954546,iOS Bluetooth,219,47,0
1788429440.954546,iOS Bluetooth,219,0,0
1788429440.954546,iOS Bluetooth,236,88,63
1788429440.968682,iOS Bluetooth,220,79,0
1788429440.968682,iOS Bluetooth,220,0,0
1788429440.968682,iOS Bluetooth,237,92,62
1788429440.968682,iOS Bluetooth,221,0,0
1788429440.968682,iOS Bluetooth,221,0,0
1788429440.968682,iOS Bluetooth,238,75,63
1788429440.968682,iOS Bluetooth,222,75,0
1788429440.968682,iOS Bluetooth,222,0,0
1788429440.991776,iOS Bluetooth,239,8,65
1788429440.991776,iOS Bluetooth,223,23,0
1788429440.991776,iOS Bluetooth,223,0,0
1788429440.991776,iOS Bluetooth,225,82,63
1788429440.991776,iOS Bluetooth,209,12,0
1788429440.991776,iOS Bluetooth,209,0,0
1788429440.991776,iOS Bluetooth,209,0,0
1788429440.991776,iOS Bluetooth,209,0,0
1788429440.991776,iOS Bluetooth,209,0,0
1788429441.006544,iOS Bluetooth,210,47,0
1788429441.006544,iOS Bluetooth,210,0,0
1788429441.006544,iOS Bluetooth,227,81,63
1788429441.006544,iOS Bluetooth,211,53,0
1788429441.006544,iOS Bluetooth,211,0,0
1788429441.006544,iOS Bluetooth,228,8,65
1788429441.013644,iOS Bluetooth,229,10,65
1788429441.013644,iOS Bluetooth,213,57,0
1788429441.013644,iOS Bluetooth,213,0,0
1788429441.028746,iOS Bluetooth,235,126,64
1788429441.028746,iOS Bluetooth,219,55,0
1788429441.028746,iOS Bluetooth,219,0,0
1788429441.028746,iOS Bluetooth,219,0,0
1788429441.028746,iOS Bluetooth,219,0,0
1788429441.028746,iOS Bluetooth,219,0,0
1788429441.028746,iOS Bluetooth,220,70,0
1788429441.028746,iOS Bluetooth,220,0,0
1788429441.043509,iOS Bluetooth,238,96,63
1788429441.043509,iOS Bluetooth,222,84,0
1788429441.043509,iOS Bluetooth,222,0,0
1788429441.043509,iOS Bluetooth,239,124,64
1788429441.043509,iOS Bluetooth,239,0,0
1788429441.043509,iOS Bluetooth,239,0,18
1788429441.043509,iOS Bluetooth,239,62,63
1788429441.060431,iOS Bluetooth,209,21,0
1788429441.060431,iOS Bluetooth,209,0,0
1788429441.060431,iOS Bluetooth,226,93,62
1788429441.060431,iOS Bluetooth,210,49,0
1788429441.060431,iOS Bluetooth,210,0,0
1788429441.060431,iOS Bluetooth,210,0,0
1788429441.060431,iOS Bluetooth,210,0,0
1788429441.060431,iOS Bluetooth,210,0,0
1788429441.060431,iOS Bluetooth,211,40,0
1788429441.060431,iOS Bluetooth,211,0,0
1788429441.073857,iOS Bluetooth,228,20,65
1788429441.073857,iOS Bluetooth,212,6,0
1788429441.073857,iOS Bluetooth,212,0,0
1788429441.073857,iOS Bluetooth,212,0,0
1788429441.073857,iOS Bluetooth,212,0,0
1788429441.073857,iOS Bluetooth,212,0,0
1788429441.073857,iOS Bluetooth,212,0,0
1788429441.073857,iOS Bluetooth,212,0,0
1788429441.073857,iOS Bluetooth,212,0,0
1788429441.073857,iOS Bluetooth,235,113,64
1788429441.088817,iOS Bluetooth,219,64,0
1788429441.088817,iOS Bluetooth,219,0,0
1788429441.088817,iOS Bluetooth,236,46,63
1788429441.088817,iOS Bluetooth,236,0,0
1788429441.088817,iOS Bluetooth,236,0,0
1788429441.088817,iOS Bluetooth,236,0,0
1788429441.104412,iOS Bluetooth,221,2,0
1788429441.104412,iOS Bluetooth,221,0,0
1788429441.104412,iOS Bluetooth,238,118,63
1788429441.104412,iOS Bluetooth,222,92,0
1788429441.104412,iOS Bluetooth,222,0,0
1788429441.104412,iOS Bluetooth,222,0,0
1788429441.104412,iOS Bluetooth,222,0,0
1788429441.104412,iOS Bluetooth,222,0,0
1788429441.104412,iOS Bluetooth,222,0,0
1788429441.104412,iOS Bluetooth,222,0,0
1788429441.104412,iOS Bluetooth,222,0,0
1788429441.126899,iOS Bluetooth,225,39,63
1788429441.126899,iOS Bluetooth,209,27,0
1788429441.126899,iOS Bluetooth,209,0,0
1788429441.126899,iOS Bluetooth,226,97,62
1788429441.126899,iOS Bluetooth,210,51,0
1788429441.126899,iOS Bluetooth,210,0,0
1788429441.126899,iOS Bluetooth,227,124,63
1788429441.141876,iOS Bluetooth,211,22,0
1788429441.141876,iOS Bluetooth,211,0,0
1788429441.141876,iOS Bluetooth,228,28,65
1788429441.141876,iOS Bluetooth,212,9,0
1788429441.141876,iOS Bluetooth,212,0,0
1788429441.141876,iOS Bluetooth,229,29,65
1788429441.141876,iOS Bluetooth,213,50,0
1788429441.141876,iOS Bluetooth,213,0,0
1788429441.156768,iOS Bluetooth,235,93,64
1788429441.156768,iOS Bluetooth,219,74,0
1788429441.156768,iOS Bluetooth,219,0,0
1788429441.156768,iOS Bluetooth,236,25,63
1788429441.156768,iOS Bluetooth,220,34,0
1788429441.156768,iOS Bluetooth,220,0,0
1788429441.156768,iOS Bluetooth,237,102,62
1788429441.171650,iOS Bluetooth,221,5,0
1788429441.171650,iOS Bluetooth,221,0,0
1788429441.171650,iOS Bluetooth,238,11,64
1788429441.171650,iOS Bluetooth,222,101,0
1788429441.171650,iOS Bluetooth,222,0,0
1788429441.171650,iOS Bluetooth,239,89,64
1788429441.171650,iOS Bluetooth,223,11,0
1788429441.171650,iOS Bluetooth,223,0,0
1788429441.186964,iOS Bluetooth,225,21,63
1788429441.186964,iOS Bluetooth,209,30,0
1788429441.186964,iOS Bluetooth,209,0,0
1788429441.186964,iOS Bluetooth,226,105,62
1788429441.186964,iOS Bluetooth,210,52,0
1788429441.186964,iOS Bluetooth,210,0,0
1788429441.186964,iOS Bluetooth,210,0,0
1788429441.186964,iOS Bluetooth,210,0,0
1788429441.186964,iOS Bluetooth,210,0,0
1788429441.202025,iOS Bluetooth,211,17,0
1788429441.202025,iOS Bluetooth,211,0,0
1788429441.202025,iOS Bluetooth,228,34,65
1788429441.202025,iOS Bluetooth,219,0,0
1788429441.202025,iOS Bluetooth,219,0,0
1788429441.202025,iOS Bluetooth,139,66,64
1788429441.202025,iOS Bluetooth,230,0,64
1788429441.202025,iOS Bluetooth,150,66,96
1788429441.202025,iOS Bluetooth,212,14,0
1788429441.202025,iOS Bluetooth,212,0,0
1788429441.202025,iOS Bluetooth,229,34,65
1788429441.217007,iOS Bluetooth,230,74,64
1788429441.217007,iOS Bluetooth,214,86,0
1788429441.217007,iOS Bluetooth,214,0,0
1788429441.231913,iOS Bluetooth,235,79,64
1788429441.231913,iOS Bluetooth,236,9,63
1788429441.231913,iOS Bluetooth,236,0,0
1788429441.231913,iOS Bluetooth,236,0,74
1788429441.231913,iOS Bluetooth,236,113,62
1788429441.247124,iOS Bluetooth,221,10,0
1788429441.247124,iOS Bluetooth,221,0,0
1788429441.247124,iOS Bluetooth,238,36,64
1788429441.247124,iOS Bluetooth,222,108,0
1788429441.247124,iOS Bluetooth,222,0,0
1788429441.247124,iOS Bluetooth,222,0,0
1788429441.247124,iOS Bluetooth,222,0,0
1788429441.247124,iOS Bluetooth,222,0,0
1788429441.247124,iOS Bluetooth,223,5,0
1788429441.247124,iOS Bluetooth,223,0,0
1788429441.260637,iOS Bluetooth,225,3,63
1788429441.260637,iOS Bluetooth,209,34,0
1788429441.260637,iOS Bluetooth,209,0,0
1788429441.260637,iOS Bluetooth,226,115,62
1788429441.260637,iOS Bluetooth,226,0,0
1788429441.260637,iOS Bluetooth,226,0,106
1788429441.260637,iOS Bluetooth,226,37,64
1788429441.276714,iOS Bluetooth,211,12,0
1788429441.276714,iOS Bluetooth,211,0,0
1788429441.276714,iOS Bluetooth,228,36,65
1788429441.276714,iOS Bluetooth,228,0,0
1788429441.276714,iOS Bluetooth,228,0,0
1788429441.276714,iOS Bluetooth,228,0,0
1788429441.276714,iOS Bluetooth,213,42,0
1788429441.276714,iOS Bluetooth,213,0,0
1788429441.291689,iOS Bluetooth,230,51,64
1788429441.291689,iOS Bluetooth,214,101,0
1788429441.291689,iOS Bluetooth,214,0,0
1788429441.291689,iOS Bluetooth,214,0,0
1788429441.291689,iOS Bluetooth,214,0,0
1788429441.291689,iOS Bluetooth,214,0,0
1788429441.291689,iOS Bluetooth,214,0,0
1788429441.291689,iOS Bluetooth,214,0,0
1788429441.291689,iOS Bluetooth,214,0,0
1788429441.291689,iOS Bluetooth,237,125,62
1788429441.306616,iOS Bluetooth,221,17,0
1788429441.306616,iOS Bluetooth,221,0,0
1788429441.306616,iOS Bluetooth,238,57,64
1788429441.306616,iOS Bluetooth,238,0,0
1788429441.306616,iOS Bluetooth,238,0,0
1788429441.306616,iOS Bluetooth,238,0,0
1788429441.321825,iOS Bluetooth,223,1,0
1788429441.321825,iOS Bluetooth,223,0,0
1788429441.321825,iOS Bluetooth,225,118,62
1788429441.321825,iOS Bluetooth,209,37,0
1788429441.321825,iOS Bluetooth,209,0,0
1788429441.321825,iOS Bluetooth,226,2,63
1788429441.321825,iOS Bluetooth,210,56,0
1788429441.321825,iOS Bluetooth,210,0,0
1788429441.338525,iOS Bluetooth,227,63,64
1788429441.338525,iOS Bluetooth,211,6,0
1788429441.338525,iOS Bluetooth,211,0,0
1788429441.338525,iOS Bluetooth,212,24,0
1788429441.338525,iOS Bluetooth,212,0,0
1788429441.338525,iOS Bluetooth,213,38,0
1788429441.338525,iOS Bluetooth,213,0,0
1788429441.338525,iOS Bluetooth,230,32,64
1788429441.360522,iOS Bluetooth,214,106,0
1788429441.360522,iOS Bluetooth,214,0,0
1788429441.360522,iOS Bluetooth,236,111,62
1788429441.360522,iOS Bluetooth,220,8,0
1788429441.360522,iOS Bluetooth,220,0,0
1788429441.360522,iOS Bluetooth,237,11,63
1788429441.360522,iOS Bluetooth,221,24,0
1788429441.360522,iOS Bluetooth,221,0,0
1788429441.373919,iOS Bluetooth,238,77,64
1788429441.373919,iOS Bluetooth,222,84,0
1788429441.373919,iOS Bluetooth,222,0,0
1788429441.373919,iOS Bluetooth,239,15,64
1788429441.373919,iOS Bluetooth,223,0,0
1788429441.373919,iOS Bluetooth,223,0,0
1788429441.373919,iOS Bluetooth,225,108,62
1788429441.388902,iOS Bluetooth,209,39,0
1788429441.388902,iOS Bluetooth,209,0,0
1788429441.388902,iOS Bluetooth,226,15,63
1788429441.388902,iOS Bluetooth,210,58,0
1788429441.388902,iOS Bluetooth,210,0,0
1788429441.388902,iOS Bluetooth,227,82,64
1788429441.388902,iOS Bluetooth,227,0,0
1788429441.404510,iOS Bluetooth,228,32,65
1788429441.404510,iOS Bluetooth,212,30,0
1788429441.404510,iOS Bluetooth,212,0,0
1788429441.404510,iOS Bluetooth,229,32,65
1788429441.404510,iOS Bluetooth,213,34,0
1788429441.404510,iOS Bluetooth,213,0,0
1788429441.404510,iOS Bluetooth,213,0,0
1788429441.404510,iOS Bluetooth,213,0,0
1788429441.404510,iOS Bluetooth,213,0,0
1788429441.419638,iOS Bluetooth,214,99,0
1788429441.419638,iOS Bluetooth,214,0,0
1788429441.419638,iOS Bluetooth,236,102,62
1788429441.419638,iOS Bluetooth,220,4,0
1788429441.419638,iOS Bluetooth,220,0,0
1788429441.419638,iOS Bluetooth,237,28,63
1788429441.433879,iOS Bluetooth,238,96,64
1788429441.441989,iOS Bluetooth,222,71,0
1788429441.441989,iOS Bluetooth,222,0,0
1788429441.441989,iOS Bluetooth,239,0,64
1788429441.441989,iOS Bluetooth,225,99,62
1788429441.441989,iOS Bluetooth,225,0,0
1788429441.441989,iOS Bluetooth,225,0,34
1788429441.441989,iOS Bluetooth,225,32,63
1788429441.457137,iOS Bluetooth,210,61,0
1788429441.457137,iOS Bluetooth,210,0,0
1788429441.457137,iOS Bluetooth,227,101,64
1788429441.457137,iOS Bluetooth,211,0,0
1788429441.457137,iOS Bluetooth,211,0,0
1788429441.457137,iOS Bluetooth,211,0,0
1788429441.457137,iOS Bluetooth,211,0,0
1788429441.457137,iOS Bluetooth,211,0,0
1788429441.457137,iOS Bluetooth,212,36,0
1788429441.457137,iOS Bluetooth,212,0,0
1788429441.479459,iOS Bluetooth,229,25,65
1788429441.479459,iOS Bluetooth,213,30,0
1788429441.479459,iOS Bluetooth,213,0,0
1788429441.479459,iOS Bluetooth,213,0,0
1788429441.479459,iOS Bluetooth,213,0,0
1788429441.479459,iOS Bluetooth,213,0,0
1788429441.479459,iOS Bluetooth,213,0,0
1788429441.479459,iOS Bluetooth,213,0,0
1788429441.479459,iOS Bluetooth,213,0,0
1788429441.479459,iOS Bluetooth,236,96,62
1788429441.493606,iOS Bluetooth,220,1,0
1788429441.493606,iOS Bluetooth,220,0,0
1788429441.493606,iOS Bluetooth,237,46,63
1788429441.493606,iOS Bluetooth,237,0,0
1788429441.493606,iOS Bluetooth,237,0,0
1788429441.493606,iOS Bluetooth,237,0,0
1788429441.509316,iOS Bluetooth,222,61,0
1788429441.509316,iOS Bluetooth,222,0,0
1788429441.509316,iOS Bluetooth,239,115,63
1788429441.509316,iOS Bluetooth,223,3,0
1788429441.509316,iOS Bluetooth,223,0,0
1788429441.509316,iOS Bluetooth,223,0,0
1788429441.509316,iOS Bluetooth,223,0,0
1788429441.509316,iOS Bluetooth,223,0,0
1788429441.509316,iOS Bluetooth,223,0,0
1788429441.509316,iOS Bluetooth,223,0,0
1788429441.509316,iOS Bluetooth,223,0,0
1788429441.524591,iOS Bluetooth,226,54,63
1788429441.524591,iOS Bluetooth,210,65,0
1788429441.524591,iOS Bluetooth,210,0,0
1788429441.524591,iOS Bluetooth,227,117,64
1788429441.524591,iOS Bluetooth,228,17,65
1788429441.524591,iOS Bluetooth,212,43,0
1788429441.524591,iOS Bluetooth,212,0,0
1788429441.538745,iOS Bluetooth,229,15,65
1788429441.538745,iOS Bluetooth,213,26,0
1788429441.538745,iOS Bluetooth,213,0,0
1788429441.538745,iOS Bluetooth,230,96,63
1788429441.538745,iOS Bluetooth,214,82,0
1788429441.538745,iOS Bluetooth,214,0,0
1788429441.538745,iOS Bluetooth,236,92,62
1788429441.554397,iOS Bluetooth,220,0,0
1788429441.554397,iOS Bluetooth,220,0,0
1788429441.554397,iOS Bluetooth,237,66,63
1788429441.554397,iOS Bluetooth,221,73,0
1788429441.554397,iOS Bluetooth,221,0,0
1788429441.554397,iOS Bluetooth,238,0,65
1788429441.554397,iOS Bluetooth,222,54,0
1788429441.554397,iOS Bluetooth,222,0,0
1788429441.569325,iOS Bluetooth,239,91,63
1788429441.569325,iOS Bluetooth,223,9,0
1788429441.569325,iOS Bluetooth,223,0,0
1788429441.569325,iOS Bluetooth,225,92,62
1788429441.569325,iOS Bluetooth,209,46,0
1788429441.569325,iOS Bluetooth,209,0,0
1788429441.569325,iOS Bluetooth,226,72,63
1788429441.583665,iOS Bluetooth,210,58,0
1788429441.583665,iOS Bluetooth,210,0,0
1788429441.583665,iOS Bluetooth,227,4,65
1788429441.583665,iOS Bluetooth,211,2,0
1788429441.583665,iOS Bluetooth,211,0,0
1788429441.583665,iOS Bluetooth,228,5,65
1788429441.583665,iOS Bluetooth,228,0,0
1788429441.606684,iOS Bluetooth,229,3,65
1788429441.606684,iOS Bluetooth,213,22,0
1788429441.606684,iOS Bluetooth,213,0,0
1788429441.606684,iOS Bluetooth,176,118,22
1788429441.606684,iOS Bluetooth,230,71,63
1788429441.606684,iOS Bluetooth,214,74,0
1788429441.606684,iOS Bluetooth,214,0,0
1788429441.606684,iOS Bluetooth,214,0,0
1788429441.606684,iOS Bluetooth,214,0,0
1788429441.606684,iOS Bluetooth,214,0,0
1788429441.621724,iOS Bluetooth,221,81,0
1788429441.621724,iOS Bluetooth,221,0,0
1788429441.621724,iOS Bluetooth,238,11,65
1788429441.621724,iOS Bluetooth,222,46,0
1788429441.621724,iOS Bluetooth,222,0,0
1788429441.621724,iOS Bluetooth,239,70,63
1788429441.628720,iOS Bluetooth,209,48,0
1788429441.628720,iOS Bluetooth,209,0,0
1788429441.643683,iOS Bluetooth,226,95,63
1788429441.643683,iOS Bluetooth,210,46,0
1788429441.643683,iOS Bluetooth,210,0,0
1788429441.643683,iOS Bluetooth,227,14,65
1788429441.643683,iOS Bluetooth,227,0,0
1788429441.643683,iOS Bluetooth,227,0,106
1788429441.643683,iOS Bluetooth,227,121,64
1788429441.658941,iOS Bluetooth,212,59,0
1788429441.658941,iOS Bluetooth,212,0,0
1788429441.658941,iOS Bluetooth,229,119,64
1788429441.658941,iOS Bluetooth,213,18,0
1788429441.658941,iOS Bluetooth,213,0,0
1788429441.658941,iOS Bluetooth,213,0,0
1788429441.658941,iOS Bluetooth,213,0,0
1788429441.658941,iOS Bluetooth,213,0,0
1788429441.658941,iOS Bluetooth,214,59,0
1788429441.658941,iOS Bluetooth,214,0,0
1788429441.673930,iOS Bluetooth,236,94,62
1788429441.673930,iOS Bluetooth,220,1,0
1788429441.673930,iOS Bluetooth,220,0,0
1788429441.673930,iOS Bluetooth,220,0,0
1788429441.673930,iOS Bluetooth,220,0,0
1788429441.673930,iOS Bluetooth,220,0,0
1788429441.673930,iOS Bluetooth,220,0,0
1788429441.673930,iOS Bluetooth,220,0,0
1788429441.673930,iOS Bluetooth,220,0,0
1788429441.673930,iOS Bluetooth,238,22,65
1788429441.688892,iOS Bluetooth,222,39,0
1788429441.688892,iOS Bluetooth,222,0,0
1788429441.688892,iOS Bluetooth,239,48,63
1788429441.688892,iOS Bluetooth,239,0,0
1788429441.688892,iOS Bluetooth,239,0,0
1788429441.688892,iOS Bluetooth,239,0,0
1788429441.688892,iOS Bluetooth,209,50,0
1788429441.688892,iOS Bluetooth,209,0,0
1788429441.712137,iOS Bluetooth,226,118,63
1788429441.712137,iOS Bluetooth,210,30,0
1788429441.712137,iOS Bluetooth,210,0,0
1788429441.712137,iOS Bluetooth,210,0,0
1788429441.712137,iOS Bluetooth,210,0,0
1788429441.712137,iOS Bluetooth,210,0,0
1788429441.712137,iOS Bluetooth,210,0,0
1788429441.712137,iOS Bluetooth,210,0,0
1788429441.712137,iOS Bluetooth,210,0,0
1788429441.727393,iOS Bluetooth,228,102,64
1788429441.727393,iOS Bluetooth,212,69,0
1788429441.727393,iOS Bluetooth,212,0,0
1788429441.727393,iOS Bluetooth,229,102,64
1788429441.727393,iOS Bluetooth,213,14,0
1788429441.727393,iOS Bluetooth,213,0,0
1788429441.727393,iOS Bluetooth,230,34,63
1788429441.741848,iOS Bluetooth,214,40,0
1788429441.741848,iOS Bluetooth,214,0,0
1788429441.741848,iOS Bluetooth,236,99,62
1788429441.741848,iOS Bluetooth,220,3,0
1788429441.741848,iOS Bluetooth,220,0,0
1788429441.741848,iOS Bluetooth,237,3,64
1788429441.741848,iOS Bluetooth,221,97,0
1788429441.741848,iOS Bluetooth,221,0,0
1788429441.756859,iOS Bluetooth,238,30,65
1788429441.756859,iOS Bluetooth,222,32,0
1788429441.756859,iOS Bluetooth,222,0,0
1788429441.756859,iOS Bluetooth,239,27,63
1788429441.756859,iOS Bluetooth,223,29,0
1788429441.756859,iOS Bluetooth,223,0,0
1788429441.756859,iOS Bluetooth,225,101,62
1788429441.784908,iOS Bluetooth,209,52,0
1788429441.784908,iOS Bluetooth,209,0,0
1788429441.784908,iOS Bluetooth,226,5,64
1788429441.784908,iOS Bluetooth,210,17,0
1788429441.784908,iOS Bluetooth,210,0,0
1788429441.784908,iOS Bluetooth,227,32,65
1788429441.786713,iOS Bluetooth,229,82,64
1788429441.786713,iOS Bluetooth,213,10,0
1788429441.786713,iOS Bluetooth,213,0,0
1788429441.801932,iOS Bluetooth,214,27,0
1788429441.801932,iOS Bluetooth,214,0,0
1788429441.801932,iOS Bluetooth,236,108,62
1788429441.801932,iOS Bluetooth,220,0,0
1788429441.801932,iOS Bluetooth,220,0,0
1788429441.801932,iOS Bluetooth,140,69,64
1788429441.801932,iOS Bluetooth,231,0,64
1788429441.801932,iOS Bluetooth,151,69,96
1788429441.809282,iOS Bluetooth,237,25,64
1788429441.809282,iOS Bluetooth,221,105,0
1788429441.809282,iOS Bluetooth,221,0,0
1788429441.809282,iOS Bluetooth,221,0,0
1788429441.809282,iOS Bluetooth,221,0,0
1788429441.809282,iOS Bluetooth,221,0,0
1788429441.809282,iOS Bluetooth,222,26,0
1788429441.809282,iOS Bluetooth,222,0,0
1788429441.809282,iOS Bluetooth,239,13,63
1788429441.823716,iOS Bluetooth,223,32,0
1788429441.823716,iOS Bluetooth,223,0,0
1788429441.823716,iOS Bluetooth,225,110,62
1788429441.823716,iOS Bluetooth,225,0,0
1788429441.823716,iOS Bluetooth,225,0,34
1788429441.823716,iOS Bluetooth,225,25,64
1788429441.848901,iOS Bluetooth,210,14,0
1788429441.848901,iOS Bluetooth,210,0,0
1788429441.848901,iOS Bluetooth,227,36,65
1788429441.848901,iOS Bluetooth,211,16,0
1788429441.848901,iOS Bluetooth,211,0,0
1788429441.848901,iOS Bluetooth,211,0,0
1788429441.848901,iOS Bluetooth,211,0,0
1788429441.848901,iOS Bluetooth,211,0,0
1788429441.848901,iOS Bluetooth,212,93,0
1788429441.848901,iOS Bluetooth,212,0,0
1788429441.863368,iOS Bluetooth,229,60,64
1788429441.863368,iOS Bluetooth,213,4,0
1788429441.863368,iOS Bluetooth,213,0,0
1788429441.863368,iOS Bluetooth,230,2,63
1788429441.863368,iOS Bluetooth,230,0,0
1788429441.863368,iOS Bluetooth,230,0,66
1788429441.863368,iOS Bluetooth,230,118,62
1788429441.878331,iOS Bluetooth,215,13,0
1788429441.878331,iOS Bluetooth,215,0,0
1788429441.878331,iOS Bluetooth,237,47,64
1788429441.878331,iOS Bluetooth,237,0,0
1788429441.878331,iOS Bluetooth,237,0,0
1788429441.878331,iOS Bluetooth,237,0,0
1788429441.878331,iOS Bluetooth,222,21,0
1788429441.878331,iOS Bluetooth,222,0,0
1788429441.891490,iOS Bluetooth,239,124,62
1788429441.891490,iOS Bluetooth,223,35,0
1788429441.891490,iOS Bluetooth,223,0,0
1788429441.891490,iOS Bluetooth,223,0,0
1788429441.891490,iOS Bluetooth,223,0,0
1788429441.891490,iOS Bluetooth,223,0,0
1788429441.891490,iOS Bluetooth,223,0,0
1788429441.891490,iOS Bluetooth,223,0,0
1788429441.891490,iOS Bluetooth,223,0,0
1788429441.891490,iOS Bluetooth,226,49,64
1788429441.906617,iOS Bluetooth,210,9,0
1788429441.906617,iOS Bluetooth,210,0,0
1788429441.906617,iOS Bluetooth,227,37,65
1788429441.906617,iOS Bluetooth,227,0,0
1788429441.906617,iOS Bluetooth,227,0,0
1788429441.906617,iOS Bluetooth,227,0,0
1788429441.921876,iOS Bluetooth,212,109,0
1788429441.921876,iOS Bluetooth,212,0,0
1788429441.921876,iOS Bluetooth,229,37,64
1788429441.921876,iOS Bluetooth,213,1,0
1788429441.921876,iOS Bluetooth,213,0,0
1788429441.921876,iOS Bluetooth,230,115,62
1788429441.921876,iOS Bluetooth,214,11,0
1788429441.921876,iOS Bluetooth,214,0,0
1788429441.936863,iOS Bluetooth,231,5,63
1788429441.936863,iOS Bluetooth,215,21,0
1788429441.936863,iOS Bluetooth,215,0,0
1788429441.936863,iOS Bluetooth,237,67,64
1788429441.936863,iOS Bluetooth,221,89,0
1788429441.936863,iOS Bluetooth,221,0,0
1788429441.936863,iOS Bluetooth,238,35,65
1788429441.958850,iOS Bluetooth,222,15,0
1788429441.958850,iOS Bluetooth,222,0,0
1788429441.958850,iOS Bluetooth,239,112,62
1788429441.958850,iOS Bluetooth,223,38,0
1788429441.958850,iOS Bluetooth,223,0,0
1788429441.958850,iOS Bluetooth,225,9,63
1788429441.958850,iOS Bluetooth,209,57,0
1788429441.958850,iOS Bluetooth,209,0,0
1788429441.975435,iOS Bluetooth,226,75,64
1788429441.975435,iOS Bluetooth,210,4,0
1788429441.975435,iOS Bluetooth,210,0,0
1788429441.975435,iOS Bluetooth,227,34,65
1788429441.975435,iOS Bluetooth,211,28,0
1788429441.975435,iOS Bluetooth,211,0,0
1788429441.975435,iOS Bluetooth,228,21,64
1788429441.990573,iOS Bluetooth,212,103,0
1788429441.990573,iOS Bluetooth,212,0,0
1788429441.990573,iOS Bluetooth,229,12,64
1788429441.990573,iOS Bluetooth,213,0,0
1788429441.990573,iOS Bluetooth,213,0,0
1788429441.990573,iOS Bluetooth,230,105,62
1788429441.990573,iOS Bluetooth,230,0,0
1788429442.005670,iOS Bluetooth,231,22,63
1788429442.005670,iOS Bluetooth,215,31,0
1788429442.005670,iOS Bluetooth,215,0,0
1788429442.005670,iOS Bluetooth,237,89,64
1788429442.005670,iOS Bluetooth,221,77,0
1788429442.005670,iOS Bluetooth,221,0,0
1788429442.020637,iOS Bluetooth,222,11,0
1788429442.020637,iOS Bluetooth,222,0,0
1788429442.020637,iOS Bluetooth,239,103,62
1788429442.028162,iOS Bluetooth,223,41,0
1788429442.028162,iOS Bluetooth,223,0,0
1788429442.028162,iOS Bluetooth,225,26,63
1788429442.028162,iOS Bluetooth,225,0,0
1788429442.028162,iOS Bluetooth,225,0,106
1788429442.028162,iOS Bluetooth,225,94,64
1788429442.042087,iOS Bluetooth,210,0,0
1788429442.042087,iOS Bluetooth,210,0,0
1788429442.042087,iOS Bluetooth,227,29,65
1788429442.042087,iOS Bluetooth,211,34,0
1788429442.042087,iOS Bluetooth,211,0,0
1788429442.042087,iOS Bluetooth,211,0,0
1788429442.042087,iOS Bluetooth,211,0,0
1788429442.042087,iOS Bluetooth,211,0,0
1788429442.042087,iOS Bluetooth,212,95,0
1788429442.042087,iOS Bluetooth,212,0,0
1788429442.057958,iOS Bluetooth,229,0,64
1788429442.057958,iOS Bluetooth,230,98,62
1788429442.057958,iOS Bluetooth,230,0,0
1788429442.057958,iOS Bluetooth,230,0,0
1788429442.057958,iOS Bluetooth,230,0,0
1788429442.057958,iOS Bluetooth,215,46,0
1788429442.057958,iOS Bluetooth,215,0,0
1788429442.080581,iOS Bluetooth,237,107,64
1788429442.080581,iOS Bluetooth,221,66,0
1788429442.080581,iOS Bluetooth,221,0,0
1788429442.080581,iOS Bluetooth,221,0,0
1788429442.080581,iOS Bluetooth,221,0,0
1788429442.080581,iOS Bluetooth,221,0,0
1788429442.080581,iOS Bluetooth,221,0,0
1788429442.080581,iOS Bluetooth,221,0,0
1788429442.080581,iOS Bluetooth,221,0,0
1788429442.080581,iOS Bluetooth,239,96,62
1788429442.095402,iOS Bluetooth,223,43,0
1788429442.095402,iOS Bluetooth,223,0,0
1788429442.095402,iOS Bluetooth,225,44,63
1788429442.095402,iOS Bluetooth,225,0,0
1788429442.095402,iOS Bluetooth,225,0,0
1788429442.095402,iOS Bluetooth,225,0,0
1788429442.095402,iOS Bluetooth,227,22,65
1788429442.110452,iOS Bluetooth,211,41,0
1788429442.110452,iOS Bluetooth,211,0,0
1788429442.110452,iOS Bluetooth,228,106,63
1788429442.110452,iOS Bluetooth,228,0,0
1788429442.110452,iOS Bluetooth,228,0,0
1788429442.110452,iOS Bluetooth,228,0,0
1788429442.125626,iOS Bluetooth,213,4,0
1788429442.125626,iOS Bluetooth,213,0,0
1788429442.125626,iOS Bluetooth,230,93,62
1788429442.125626,iOS Bluetooth,214,1,0
1788429442.125626,iOS Bluetooth,214,0,0
1788429442.125626,iOS Bluetooth,231,59,63
1788429442.125626,iOS Bluetooth,215,65,0
1788429442.125626,iOS Bluetooth,215,0,0
1788429442.140319,iOS Bluetooth,237,123,64
1788429442.140319,iOS Bluetooth,221,57,0
1788429442.140319,iOS Bluetooth,221,0,0
1788429442.140319,iOS Bluetooth,238,14,65
1788429442.140319,iOS Bluetooth,222,4,0
1788429442.140319,iOS Bluetooth,222,0,0
1788429442.140319,iOS Bluetooth,239,92,62
1788429442.155323,iOS Bluetooth,223,45,0
1788429442.155323,iOS Bluetooth,223,0,0
1788429442.155323,iOS Bluetooth,225,64,63
1788429442.155323,iOS Bluetooth,209,64,0
1788429442.155323,iOS Bluetooth,209,0,0
1788429442.155323,iOS Bluetooth,226,126,64
1788429442.155323,iOS Bluetooth,210,1,0
1788429442.155323,iOS Bluetooth,210,0,0
1788429442.168625,iOS Bluetooth,227,10,65
1788429442.168625,iOS Bluetooth,211,48,0
1788429442.168625,iOS Bluetooth,211,0,0
1788429442.168625,iOS Bluetooth,228,82,63
1788429442.168625,iOS Bluetooth,212,78,0
1788429442.168625,iOS Bluetooth,212,0,0
1788429442.168625,iOS Bluetooth,229,85,63
1788429442.191726,iOS Bluetooth,213,11,0
1788429442.191726,iOS Bluetooth,213,0,0
1788429442.191726,iOS Bluetooth,230,91,62
1788429442.191726,iOS Bluetooth,214,0,0
1788429442.191726,iOS Bluetooth,214,0,0
1788429442.191726,iOS Bluetooth,231,80,63
1788429442.191726,iOS Bluetooth,231,0,0
1788429442.206610,iOS Bluetooth,237,8,65
1788429442.206610,iOS Bluetooth,221,49,0
1788429442.206610,iOS Bluetooth,221,0,0
1788429442.206610,iOS Bluetooth,238,0,65
1788429442.206610,iOS Bluetooth,222,1,0
1788429442.206610,iOS Bluetooth,222,0,0
1788429442.213734,iOS Bluetooth,225,87,63
1788429442.213734,iOS Bluetooth,209,51,0
1788429442.213734,iOS Bluetooth,209,0,0
1788429442.228763,iOS Bluetooth,226,11,65
1788429442.228763,iOS Bluetooth,210,3,0
1788429442.228763,iOS Bluetooth,210,0,0
1788429442.228763,iOS Bluetooth,210,0,0
1788429442.228763,iOS Bluetooth,210,0,0
1788429442.228763,iOS Bluetooth,210,0,0
1788429442.228763,iOS Bluetooth,211,56,0
1788429442.228763,iOS Bluetooth,211,0,0
1788429442.243665,iOS Bluetooth,228,61,63
1788429442.243665,iOS Bluetooth,212,67,0
1788429442.243665,iOS Bluetooth,212,0,0
1788429442.243665,iOS Bluetooth,229,62,63
1788429442.243665,iOS Bluetooth,229,0,0
1788429442.243665,iOS Bluetooth,229,0,66
1788429442.243665,iOS Bluetooth,229,93,62
1788429442.258949,iOS Bluetooth,214,1,0
1788429442.258949,iOS Bluetooth,214,0,0
1788429442.258949,iOS Bluetooth,231,102,63
1788429442.258949,iOS Bluetooth,215,86,0
1788429442.258949,iOS Bluetooth,215,0,0
1788429442.258949,iOS Bluetooth,215,0,0
1788429442.258949,iOS Bluetooth,215,0,0
1788429442.258949,iOS Bluetooth,215,0,0
1788429442.258949,iOS Bluetooth,221,41,0
1788429442.258949,iOS Bluetooth,221,0,0
1788429442.273837,iOS Bluetooth,238,113,64
1788429442.273837,iOS Bluetooth,222,0,0
1788429442.273837,iOS Bluetooth,222,0,0
1788429442.273837,iOS Bluetooth,222,0,0
1788429442.273837,iOS Bluetooth,222,0,0
1788429442.273837,iOS Bluetooth,222,0,0
1788429442.273837,iOS Bluetooth,222,0,0
1788429442.273837,iOS Bluetooth,222,0,0
1788429442.273837,iOS Bluetooth,222,0,0
1788429442.273837,iOS Bluetooth,225,110,63
1788429442.288849,iOS Bluetooth,209,34,0
1788429442.288849,iOS Bluetooth,209,0,0
1788429442.288849,iOS Bluetooth,226,22,65
1788429442.288849,iOS Bluetooth,226,0,0
1788429442.288849,iOS Bluetooth,226,0,0
1788429442.288849,iOS Bluetooth,226,0,0
1788429442.288849,iOS Bluetooth,211,65,0
1788429442.288849,iOS Bluetooth,211,0,0
1788429442.311757,iOS Bluetooth,228,41,63
1788429442.311757,iOS Bluetooth,212,48,0
1788429442.311757,iOS Bluetooth,212,0,0
1788429442.311757,iOS Bluetooth,212,0,0
1788429442.311757,iOS Bluetooth,212,0,0
1788429442.311757,iOS Bluetooth,212,0,0
1788429442.311757,iOS Bluetooth,212,0,0
1788429442.311757,iOS Bluetooth,212,0,0
1788429442.311757,iOS Bluetooth,212,0,0
1788429442.327082,iOS Bluetooth,230,98,62
1788429442.327082,iOS Bluetooth,214,3,0
1788429442.327082,iOS Bluetooth,214,0,0
1788429442.327082,iOS Bluetooth,231,123,63
1788429442.327082,iOS Bluetooth,215,95,0
1788429442.327082,iOS Bluetooth,215,0,0
1788429442.327082,iOS Bluetooth,237,28,65
1788429442.341830,iOS Bluetooth,221,34,0
1788429442.341830,iOS Bluetooth,221,0,0
1788429442.341830,iOS Bluetooth,238,96,64
1788429442.341830,iOS Bluetooth,239,98,62
1788429442.341830,iOS Bluetooth,223,51,0
1788429442.341830,iOS Bluetooth,223,0,0
1788429442.341830,iOS Bluetooth,225,0,64
1788429442.356831,iOS Bluetooth,209,19,0
1788429442.356831,iOS Bluetooth,209,0,0
1788429442.356831,iOS Bluetooth,226,30,65
1788429442.356831,iOS Bluetooth,210,11,0
1788429442.356831,iOS Bluetooth,210,0,0
1788429442.356831,iOS Bluetooth,227,91,64
1788429442.356831,iOS Bluetooth,211,76,0
1788429442.356831,iOS Bluetooth,211,0,0
1788429442.371653,iOS Bluetooth,228,23,63
1788429442.371653,iOS Bluetooth,212,33,0
1788429442.371653,iOS Bluetooth,212,0,0
1788429442.371653,iOS Bluetooth,229,21,63
1788429442.371653,iOS Bluetooth,213,30,0
1788429442.371653,iOS Bluetooth,213,0,0
1788429442.371653,iOS Bluetooth,230,104,62
1788429442.386935,iOS Bluetooth,214,6,0
1788429442.386935,iOS Bluetooth,214,0,0
1788429442.386935,iOS Bluetooth,231,17,64
1788429442.386935,iOS Bluetooth,215,103,0
1788429442.386935,iOS Bluetooth,215,0,0
1788429442.386935,iOS Bluetooth,237,34,65
1788429442.386935,iOS Bluetooth,237,0,0
1788429442.401944,iOS Bluetooth,238,77,64
1788429442.401944,iOS Bluetooth,222,4,0
1788429442.401944,iOS Bluetooth,222,0,0
1788429442.401944,iOS Bluetooth,221,0,0
1788429442.401944,iOS Bluetooth,221,0,0
1788429442.401944,iOS Bluetooth,141,72,64
1788429442.401944,iOS Bluetooth,232,0,64
1788429442.401944,iOS Bluetooth,152,72,96
1788429442.401944,iOS Bluetooth,239,107,62
1788429442.401944,iOS Bluetooth,223,53,0
1788429442.401944,iOS Bluetooth,223,0,0
1788429442.417355,iOS Bluetooth,209,16,0
1788429442.417355,iOS Bluetooth,209,0,0
1788429442.431773,iOS Bluetooth,226,35,65
1788429442.431773,iOS Bluetooth,210,15,0
1788429442.431773,iOS Bluetooth,210,0,0
1788429442.431773,iOS Bluetooth,227,72,64
1788429442.431773,iOS Bluetooth,227,0,0
1788429442.431773,iOS Bluetooth,227,0,122
1788429442.431773,iOS Bluetooth,227,7,63
1788429442.446855,iOS Bluetooth,212,21,0
1788429442.446855,iOS Bluetooth,212,0,0
1788429442.446855,iOS Bluetooth,229,5,63
1788429442.446855,iOS Bluetooth,213,33,0
1788429442.446855,iOS Bluetooth,213,0,0
1788429442.446855,iOS Bluetooth,213,0,0
1788429442.446855,iOS Bluetooth,213,0,0
1788429442.446855,iOS Bluetooth,213,0,0
1788429442.446855,iOS Bluetooth,214,11,0
1788429442.446855,iOS Bluetooth,214,0,0
1788429442.461951,iOS Bluetooth,231,41,64
1788429442.461951,iOS Bluetooth,215,108,0
1788429442.461951,iOS Bluetooth,215,0,0
1788429442.461951,iOS Bluetooth,232,36,65
1788429442.461951,iOS Bluetooth,232,0,0
1788429442.461951,iOS Bluetooth,232,0,26
1788429442.461951,iOS Bluetooth,232,54,64
1788429442.476547,iOS Bluetooth,222,9,0
1788429442.476547,iOS Bluetooth,222,0,0
1788429442.476547,iOS Bluetooth,239,118,62
1788429442.476547,iOS Bluetooth,239,0,0
1788429442.476547,iOS Bluetooth,239,0,0
1788429442.476547,iOS Bluetooth,239,0,0
1788429442.476547,iOS Bluetooth,209,11,0
1788429442.476547,iOS Bluetooth,209,0,0
1788429442.491832,iOS Bluetooth,226,37,65
1788429442.491832,iOS Bluetooth,210,20,0
1788429442.491832,iOS Bluetooth,210,0,0
1788429442.491832,iOS Bluetooth,210,0,0
1788429442.491832,iOS Bluetooth,210,0,0
1788429442.491832,iOS Bluetooth,210,0,0
1788429442.491832,iOS Bluetooth,210,0,0
1788429442.491832,iOS Bluetooth,210,0,0
1788429442.491832,iOS Bluetooth,210,0,0
1788429442.491832,iOS Bluetooth,228,121,62
1788429442.506497,iOS Bluetooth,212,13,0
1788429442.506497,iOS Bluetooth,212,0,0
1788429442.506497,iOS Bluetooth,229,120,62
1788429442.506497,iOS Bluetooth,229,0,0
1788429442.506497,iOS Bluetooth,229,0,0
1788429442.506497,iOS Bluetooth,229,0,0
1788429442.521951,iOS Bluetooth,214,19,0
1788429442.521951,iOS Bluetooth,214,0,0
1788429442.521951,iOS Bluetooth,231,62,64
1788429442.521951,iOS Bluetooth,215,94,0
1788429442.521951,iOS Bluetooth,215,0,0
1788429442.521951,iOS Bluetooth,216,17,0
1788429442.521951,iOS Bluetooth,216,0,0
1788429442.521951,iOS Bluetooth,238,31,64
1788429442.536767,iOS Bluetooth,222,15,0
1788429442.536767,iOS Bluetooth,222,0,0
1788429442.536767,iOS Bluetooth,239,4,63
1788429442.536767,iOS Bluetooth,223,56,0
1788429442.536767,iOS Bluetooth,223,0,0
1788429442.536767,iOS Bluetooth,225,66,64
1788429442.536767,iOS Bluetooth,209,6,0
1788429442.536767,iOS Bluetooth,209,0,0
1788429442.558795,iOS Bluetooth,226,35,65
1788429442.558795,iOS Bluetooth,210,26,0
1788429442.558795,iOS Bluetooth,210,0,0
1788429442.558795,iOS Bluetooth,227,27,64
1788429442.558795,iOS Bluetooth,211,105,0
1788429442.558795,iOS Bluetooth,211,0,0
1788429442.558795,iOS Bluetooth,228,110,62
1788429442.573711,iOS Bluetooth,212,7,0
1788429442.573711,iOS Bluetooth,212,0,0
1788429442.573711,iOS Bluetooth,229,108,62
1788429442.573711,iOS Bluetooth,213,39,0
1788429442.573711,iOS Bluetooth,213,0,0
1788429442.573711,iOS Bluetooth,230,15,63
1788429442.573711,iOS Bluetooth,214,27,0
1788429442.573711,iOS Bluetooth,214,0,0
1788429442.588870,iOS Bluetooth,231,82,64
1788429442.588870,iOS Bluetooth,215,81,0
1788429442.588870,iOS Bluetooth,215,0,0
1788429442.588870,iOS Bluetooth,232,32,65
1788429442.588870,iOS Bluetooth,216,12,0
1788429442.588870,iOS Bluetooth,216,0,0
1788429442.588870,iOS Bluetooth,216,0,0
1788429442.588870,iOS Bluetooth,216,0,0
1788429442.588870,iOS Bluetooth,216,0,0
1788429442.604507,iOS Bluetooth,222,17,0
1788429442.604507,iOS Bluetooth,222,0,0
1788429442.604507,iOS Bluetooth,239,19,63
1788429442.604507,iOS Bluetooth,176,118,23
1788429442.604507,iOS Bluetooth,223,58,0
1788429442.604507,iOS Bluetooth,223,0,0
1788429442.604507,iOS Bluetooth,225,87,64
1788429442.604507,iOS Bluetooth,225,0,0
1788429442.619251,iOS Bluetooth,226,31,65
1788429442.619251,iOS Bluetooth,210,32,0
1788429442.619251,iOS Bluetooth,210,0,0
1788429442.619251,iOS Bluetooth,227,5,64
1788429442.619251,iOS Bluetooth,211,98,0
1788429442.619251,iOS Bluetooth,211,0,0
1788429442.633667,iOS Bluetooth,212,4,0
1788429442.633667,iOS Bluetooth,212,0,0
1788429442.641854,iOS Bluetooth,229,99,62
1788429442.641854,iOS Bluetooth,213,42,0
1788429442.641854,iOS Bluetooth,213,0,0
1788429442.641854,iOS Bluetooth,230,32,63
1788429442.641854,iOS Bluetooth,230,0,0
1788429442.641854,iOS Bluetooth,230,0,82
1788429442.641854,iOS Bluetooth,230,101,64
1788429442.657180,iOS Bluetooth,215,69,0
1788429442.657180,iOS Bluetooth,215,0,0
1788429442.657180,iOS Bluetooth,232,26,65
1788429442.657180,iOS Bluetooth,216,8,0
1788429442.657180,iOS Bluetooth,216,0,0
1788429442.657180,iOS Bluetooth,216,0,0
1788429442.657180,iOS Bluetooth,216,0,0
1788429442.657180,iOS Bluetooth,216,0,0
1788429442.657180,iOS Bluetooth,222,28,0
1788429442.657180,iOS Bluetooth,222,0,0
1788429442.678697,iOS Bluetooth,239,39,63
1788429442.678697,iOS Bluetooth,223,61,0
1788429442.678697,iOS Bluetooth,223,0,0
1788429442.678697,iOS Bluetooth,223,0,0
1788429442.678697,iOS Bluetooth,223,0,0
1788429442.678697,iOS Bluetooth,223,0,0
1788429442.678697,iOS Bluetooth,223,0,0
1788429442.678697,iOS Bluetooth,223,0,0
1788429442.678697,iOS Bluetooth,223,0,0
1788429442.678697,iOS Bluetooth,226,24,65
1788429442.694407,iOS Bluetooth,210,39,0
1788429442.694407,iOS Bluetooth,210,0,0
1788429442.694407,iOS Bluetooth,227,112,63
1788429442.694407,iOS Bluetooth,227,0,0
1788429442.694407,iOS Bluetooth,227,0,0
1788429442.694407,iOS Bluetooth,227,0,0
1788429442.694407,iOS Bluetooth,212,1,0
1788429442.694407,iOS Bluetooth,212,0,0
1788429442.709295,iOS Bluetooth,229,94,62
1788429442.709295,iOS Bluetooth,213,44,0
1788429442.709295,iOS Bluetooth,213,0,0
1788429442.709295,iOS Bluetooth,213,0,0
1788429442.709295,iOS Bluetooth,213,0,0
1788429442.709295,iOS Bluetooth,213,0,0
1788429442.709295,iOS Bluetooth,213,0,0
1788429442.709295,iOS Bluetooth,213,0,0
1788429442.709295,iOS Bluetooth,213,0,0
1788429442.724749,iOS Bluetooth,231,119,64
1788429442.724749,iOS Bluetooth,215,59,0
1788429442.724749,iOS Bluetooth,215,0,0
1788429442.724749,iOS Bluetooth,232,17,65
1788429442.724749,iOS Bluetooth,216,4,0
1788429442.724749,iOS Bluetooth,216,0,0
1788429442.724749,iOS Bluetooth,238,98,63
1788429442.739451,iOS Bluetooth,222,46,0
1788429442.739451,iOS Bluetooth,222,0,0
1788429442.739451,iOS Bluetooth,239,58,63
1788429442.739451,iOS Bluetooth,223,66,0
1788429442.739451,iOS Bluetooth,223,0,0
1788429442.739451,iOS Bluetooth,225,123,64
1788429442.739451,iOS Bluetooth,209,1,0
1788429442.739451,iOS Bluetooth,209,0,0
1788429442.754489,iOS Bluetooth,226,13,65
1788429442.754489,iOS Bluetooth,210,46,0
1788429442.754489,iOS Bluetooth,210,0,0
1788429442.754489,iOS Bluetooth,227,88,63
1788429442.754489,iOS Bluetooth,211,80,0
1788429442.754489,iOS Bluetooth,211,0,0
1788429442.754489,iOS Bluetooth,228,92,62
1788429442.768725,iOS Bluetooth,212,0,0
1788429442.768725,iOS Bluetooth,212,0,0
1788429442.768725,iOS Bluetooth,229,92,62
1788429442.768725,iOS Bluetooth,213,46,0
1788429442.768725,iOS Bluetooth,213,0,0
1788429442.768725,iOS Bluetooth,230,75,63
1788429442.768725,iOS Bluetooth,214,75,0
1788429442.768725,iOS Bluetooth,214,0,0
1788429442.783884,iOS Bluetooth,215,51,0
1788429442.783884,iOS Bluetooth,215,0,0
1788429442.783884,iOS Bluetooth,232,3,65
1788429442.783884,iOS Bluetooth,216,2,0
1788429442.783884,iOS Bluetooth,216,0,0
1788429442.799065,iOS Bluetooth,222,61,0
1788429442.799065,iOS Bluetooth,222,0,0
1788429442.799065,iOS Bluetooth,239,84,63
1788429442.813707,iOS Bluetooth,223,53,0
1788429442.813707,iOS Bluetooth,223,0,0
1788429442.813707,iOS Bluetooth,225,8,65
1788429442.813707,iOS Bluetooth,225,0,0
1788429442.813707,iOS Bluetooth,225,0,122
1788429442.813707,iOS Bluetooth,225,0,65
1788429442.813707,iOS Bluetooth,210,54,0
1788429442.813707,iOS Bluetooth,210,0,0
1788429442.836533,iOS Bluetooth,227,66,63
1788429442.836533,iOS Bluetooth,211,71,0
1788429442.836533,iOS Bluetooth,211,0,0
1788429442.836533,iOS Bluetooth,211,0,0
1788429442.836533,iOS Bluetooth,211,0,0
1788429442.836533,iOS Bluetooth,211,0,0
1788429442.836533,iOS Bluetooth,230,93,63
1788429442.843647,iOS Bluetooth,214,84,0
1788429442.843647,iOS Bluetooth,214,0,0
1788429442.843647,iOS Bluetooth,231,16,65
1788429442.843647,iOS Bluetooth,215,44,0
1788429442.843647,iOS Bluetooth,215,0,0
1788429442.843647,iOS Bluetooth,215,0,0
1788429442.843647,iOS Bluetooth,215,0,0
1788429442.843647,iOS Bluetooth,215,0,0
1788429442.843647,iOS Bluetooth,216,0,0
1788429442.843647,iOS Bluetooth,216,0,0
1788429442.859064,iOS Bluetooth,238,53,63
1788429442.859064,iOS Bluetooth,222,65,0
1788429442.859064,iOS Bluetooth,222,0,0
1788429442.859064,iOS Bluetooth,239,104,63
1788429442.859064,iOS Bluetooth,239,0,0
1788429442.859064,iOS Bluetooth,239,0,42
1788429442.859064,iOS Bluetooth,239,18,65
1788429442.873903,iOS Bluetooth,209,6,0
1788429442.873903,iOS Bluetooth,209,0,0
1788429442.873903,iOS Bluetooth,226,115,64
1788429442.873903,iOS Bluetooth,226,0,0
1788429442.873903,iOS Bluetooth,226,0,0
1788429442.873903,iOS Bluetooth,226,0,0
1788429442.873903,iOS Bluetooth,211,54,0
1788429442.873903,iOS Bluetooth,211,0,0
1788429442.888648,iOS Bluetooth,228,95,62
1788429442.888648,iOS Bluetooth,212,1,0
1788429442.888648,iOS Bluetooth,212,0,0
1788429442.888648,iOS Bluetooth,212,0,0
1788429442.888648,iOS Bluetooth,212,0,0
1788429442.888648,iOS Bluetooth,212,0,0
1788429442.888648,iOS Bluetooth,212,0,0
1788429442.888648,iOS Bluetooth,212,0,0
1788429442.888648,iOS Bluetooth,212,0,0
1788429442.888648,iOS Bluetooth,230,115,63
1788429442.904366,iOS Bluetooth,214,92,0
1788429442.904366,iOS Bluetooth,214,0,0
1788429442.904366,iOS Bluetooth,231,25,65
1788429442.904366,iOS Bluetooth,231,0,0
1788429442.904366,iOS Bluetooth,231,0,0
1788429442.904366,iOS Bluetooth,231,0,0
1788429442.926945,iOS Bluetooth,238,34,63
1788429442.926945,iOS Bluetooth,222,61,0
1788429442.926945,iOS Bluetooth,222,0,0
1788429442.926945,iOS Bluetooth,239,122,63
1788429442.926945,iOS Bluetooth,223,24,0
1788429442.926945,iOS Bluetooth,223,0,0
1788429442.926945,iOS Bluetooth,225,27,65
1788429442.941750,iOS Bluetooth,209,9,0
1788429442.941750,iOS Bluetooth,209,0,0
1788429442.941750,iOS Bluetooth,226,98,64
1788429442.941750,iOS Bluetooth,210,71,0
1788429442.941750,iOS Bluetooth,210,0,0
1788429442.941750,iOS Bluetooth,227,30,63
1788429442.941750,iOS Bluetooth,211,38,0
1788429442.941750,iOS Bluetooth,211,0,0
1788429442.956679,iOS Bluetooth,228,101,62
1788429442.956679,iOS Bluetooth,212,4,0
1788429442.956679,iOS Bluetooth,212,0,0
1788429442.956679,iOS Bluetooth,229,102,62
1788429442.956679,iOS Bluetooth,213,51,0
1788429442.956679,iOS Bluetooth,213,0,0
1788429442.956679,iOS Bluetooth,230,8,64
1788429442.971615,iOS Bluetooth,214,100,0
1788429442.971615,iOS Bluetooth,214,0,0
1788429442.971615,iOS Bluetooth,231,32,65
1788429442.971615,iOS Bluetooth,215,30,0
1788429442.971615,iOS Bluetooth,215,0,0
1788429442.971615,iOS Bluetooth,232,84,64
1788429442.971615,iOS Bluetooth,216,2,0
1788429442.971615,iOS Bluetooth,216,0,0
1788429442.986730,iOS Bluetooth,238,17,63
1788429442.986730,iOS Bluetooth,222,58,0
1788429442.986730,iOS Bluetooth,222,0,0
1788429442.986730,iOS Bluetooth,239,12,64
1788429442.986730,iOS Bluetooth,223,17,0
1788429442.986730,iOS Bluetooth,223,0,0
1788429442.986730,iOS Bluetooth,223,0,0
1788429442.986730,iOS Bluetooth,223,0,0
1788429442.986730,iOS Bluetooth,223,0,0
1788429443.001911,iOS Bluetooth,209,13,0
1788429443.001911,iOS Bluetooth,209,0,0
1788429443.001911,iOS Bluetooth,226,79,64
1788429443.001911,iOS Bluetooth,222,0,0
1788429443.001911,iOS Bluetooth,222,0,0
1788429443.001911,iOS Bluetooth,142,75,64
1788429443.001911,iOS Bluetooth,233,0,64
1788429443.001911,iOS Bluetooth,153,75,96
1788429443.001911,iOS Bluetooth,210,84,0
1788429443.001911,iOS Bluetooth,210,0,0
1788429443.001911,iOS Bluetooth,227,13,63
1788429443.016970,iOS Bluetooth,228,110,62
1788429443.016970,iOS Bluetooth,212,8,0
1788429443.016970,iOS Bluetooth,212,0,0
1788429443.031793,iOS Bluetooth,229,111,62
1788429443.031793,iOS Bluetooth,213,53,0
1788429443.031793,iOS Bluetooth,213,0,0
1788429443.031793,iOS Bluetooth,213,0,0
1788429443.031793,iOS Bluetooth,213,0,0
1788429443.031793,iOS Bluetooth,213,0,0
1788429443.031793,iOS Bluetooth,214,107,0
1788429443.031793,iOS Bluetooth,214,0,0
1788429443.046868,iOS Bluetooth,231,36,65
1788429443.046868,iOS Bluetooth,215,24,0
1788429443.046868,iOS Bluetooth,215,0,0
1788429443.046868,iOS Bluetooth,232,63,64
1788429443.046868,iOS Bluetooth,232,0,0
1788429443.046868,iOS Bluetooth,232,0,98
1788429443.046868,iOS Bluetooth,232,2,63
1788429443.061734,iOS Bluetooth,217,55,0
1788429443.061734,iOS Bluetooth,217,0,0
1788429443.061734,iOS Bluetooth,238,13,63
1788429443.061734,iOS Bluetooth,239,34,64
1788429443.061734,iOS Bluetooth,239,0,0
1788429443.061734,iOS Bluetooth,239,0,114
1788429443.061734,iOS Bluetooth,239,36,65
1788429443.076505,iOS Bluetooth,209,19,0
1788429443.076505,iOS Bluetooth,209,0,0
1788429443.076505,iOS Bluetooth,226,57,64
1788429443.076505,iOS Bluetooth,226,0,0
1788429443.076505,iOS Bluetooth,226,0,0
1788429443.076505,iOS Bluetooth,226,0,0
1788429443.076505,iOS Bluetooth,211,15,0
1788429443.076505,iOS Bluetooth,211,0,0
1788429443.091530,iOS Bluetooth,228,123,62
1788429443.091530,iOS Bluetooth,212,15,0
1788429443.091530,iOS Bluetooth,212,0,0
1788429443.091530,iOS Bluetooth,212,0,0
1788429443.091530,iOS Bluetooth,212,0,0
1788429443.091530,iOS Bluetooth,212,0,0
1788429443.091530,iOS Bluetooth,212,0,0
1788429443.091530,iOS Bluetooth,212,0,0
1788429443.091530,iOS Bluetooth,212,0,0
1788429443.091530,iOS Bluetooth,230,55,64
1788429443.106496,iOS Bluetooth,214,97,0
1788429443.106496,iOS Bluetooth,214,0,0
1788429443.106496,iOS Bluetooth,215,19,0
1788429443.106496,iOS Bluetooth,215,0,0
1788429443.106496,iOS Bluetooth,232,37,64
1788429443.106496,iOS Bluetooth,216,13,0
1788429443.106496,iOS Bluetooth,216,0,0
1788429443.121853,iOS Bluetooth,233,115,62
1788429443.121853,iOS Bluetooth,217,54,0
1788429443.121853,iOS Bluetooth,217,0,0
1788429443.121853,iOS Bluetooth,239,57,64
1788429443.121853,iOS Bluetooth,223,7,0
1788429443.121853,iOS Bluetooth,223,0,0
1788429443.121853,iOS Bluetooth,209,23,0
1788429443.121853,iOS Bluetooth,209,0,0
1788429443.136744,iOS Bluetooth,226,35,64
1788429443.136744,iOS Bluetooth,210,108,0
1788429443.136744,iOS Bluetooth,210,0,0
1788429443.136744,iOS Bluetooth,227,114,62
1788429443.136744,iOS Bluetooth,211,9,0
1788429443.136744,iOS Bluetooth,211,0,0
1788429443.136744,iOS Bluetooth,228,8,63
1788429443.158803,iOS Bluetooth,212,23,0
1788429443.158803,iOS Bluetooth,212,0,0
1788429443.158803,iOS Bluetooth,229,9,63
1788429443.158803,iOS Bluetooth,213,57,0
1788429443.158803,iOS Bluetooth,213,0,0
1788429443.158803,iOS Bluetooth,230,75,64
1788429443.158803,iOS Bluetooth,214,86,0
1788429443.158803,iOS Bluetooth,214,0,0
1788429443.173706,iOS Bluetooth,231,34,65
1788429443.173706,iOS Bluetooth,215,14,0
1788429443.173706,iOS Bluetooth,215,0,0
1788429443.173706,iOS Bluetooth,232,14,64
1788429443.173706,iOS Bluetooth,216,17,0
1788429443.173706,iOS Bluetooth,216,0,0
1788429443.173706,iOS Bluetooth,233,106,62
1788429443.188750,iOS Bluetooth,217,52,0
1788429443.188750,iOS Bluetooth,217,0,0
1788429443.188750,iOS Bluetooth,239,80,64
1788429443.188750,iOS Bluetooth,223,2,0
1788429443.188750,iOS Bluetooth,223,0,0
1788429443.188750,iOS Bluetooth,225,33,65
1788429443.188750,iOS Bluetooth,225,0,0
1788429443.204232,iOS Bluetooth,226,13,64
1788429443.204232,iOS Bluetooth,210,101,0
1788429443.204232,iOS Bluetooth,210,0,0
1788429443.204232,iOS Bluetooth,227,103,62
1788429443.204232,iOS Bluetooth,211,5,0
1788429443.204232,iOS Bluetooth,211,0,0
1788429443.211621,iOS Bluetooth,212,35,0
1788429443.211621,iOS Bluetooth,212,0,0
1788429443.211621,iOS Bluetooth,229,26,63
1788429443.226680,iOS Bluetooth,213,59,0
1788429443.226680,iOS Bluetooth,213,0,0
1788429443.226680,iOS Bluetooth,230,94,64
1788429443.226680,iOS Bluetooth,230,0,0
1788429443.226680,iOS Bluetooth,230,0,26
1788429443.226680,iOS Bluetooth,230,29,65
1788429443.241863,iOS Bluetooth,215,9,0
1788429443.241863,iOS Bluetooth,215,0,0
1788429443.241863,iOS Bluetooth,232,126,63
1788429443.241863,iOS Bluetooth,216,22,0
1788429443.241863,iOS Bluetooth,216,0,0
1788429443.241863,iOS Bluetooth,216,0,0
1788429443.241863,iOS Bluetooth,216,0,0
1788429443.241863,iOS Bluetooth,216,0,0
1788429443.241863,iOS Bluetooth,217,50,0
1788429443.241863,iOS Bluetooth,217,0,0
1788429443.266445,iOS Bluetooth,239,100,64
1788429443.266445,iOS Bluetooth,223,0,0
1788429443.266445,iOS Bluetooth,223,0,0
1788429443.266445,iOS Bluetooth,225,27,65
1788429443.266445,iOS Bluetooth,225,0,0
1788429443.266445,iOS Bluetooth,225,0,58
1788429443.266445,iOS Bluetooth,225,120,63
1788429443.281672,iOS Bluetooth,210,92,0
1788429443.281672,iOS Bluetooth,210,0,0
1788429443.281672,iOS Bluetooth,227,96,62
1788429443.281672,iOS Bluetooth,227,0,0
1788429443.281672,iOS Bluetooth,227,0,0
1788429443.281672,iOS Bluetooth,227,0,0
1788429443.281672,iOS Bluetooth,212,50,0
1788429443.281672,iOS Bluetooth,212,0,0
1788429443.294480,iOS Bluetooth,229,46,63
1788429443.294480,iOS Bluetooth,213,62,0
1788429443.294480,iOS Bluetooth,213,0,0
1788429443.294480,iOS Bluetooth,213,0,0
1788429443.294480,iOS Bluetooth,213,0,0
1788429443.294480,iOS Bluetooth,213,0,0
1788429443.294480,iOS Bluetooth,213,0,0
1788429443.294480,iOS Bluetooth,213,0,0
1788429443.294480,iOS Bluetooth,213,0,0
1788429443.294480,iOS Bluetooth,231,20,65
1788429443.310579,iOS Bluetooth,215,5,0
1788429443.310579,iOS Bluetooth,215,0,0
1788429443.310579,iOS Bluetooth,232,106,63
1788429443.310579,iOS Bluetooth,232,0,0
1788429443.310579,iOS Bluetooth,232,0,0
1788429443.310579,iOS Bluetooth,232,0,0
1788429443.325843,iOS Bluetooth,217,48,0
1788429443.325843,iOS Bluetooth,217,0,0
1788429443.325843,iOS Bluetooth,239,117,64
1788429443.325843,iOS Bluetooth,225,18,65
1788429443.325843,iOS Bluetooth,209,43,0
1788429443.325843,iOS Bluetooth,209,0,0
1788429443.325843,iOS Bluetooth,226,98,63
1788429443.339493,iOS Bluetooth,210,84,0
1788429443.339493,iOS Bluetooth,210,0,0
1788429443.339493,iOS Bluetooth,227,92,62
1788429443.339493,iOS Bluetooth,211,0,0
1788429443.339493,iOS Bluetooth,211,0,0
1788429443.339493,iOS Bluetooth,228,64,63
1788429443.339493,iOS Bluetooth,212,70,0
1788429443.339493,iOS Bluetooth,212,0,0
1788429443.354430,iOS Bluetooth,229,67,63
1788429443.354430,iOS Bluetooth,213,65,0
1788429443.354430,iOS Bluetooth,213,0,0
1788429443.354430,iOS Bluetooth,230,0,65
1788429443.354430,iOS Bluetooth,214,54,0
1788429443.354430,iOS Bluetooth,214,0,0
1788429443.354430,iOS Bluetooth,231,10,65
1788429443.368685,iOS Bluetooth,215,3,0
1788429443.368685,iOS Bluetooth,215,0,0
1788429443.368685,iOS Bluetooth,232,83,63
1788429443.368685,iOS Bluetooth,216,55,0
1788429443.368685,iOS Bluetooth,216,0,0
1788429443.368685,iOS Bluetooth,233,91,62
1788429443.368685,iOS Bluetooth,217,47,0
1788429443.368685,iOS Bluetooth,217,0,0
1788429443.391499,iOS Bluetooth,239,4,65
1788429443.391499,iOS Bluetooth,223,2,0
1788429443.391499,iOS Bluetooth,223,0,0
1788429443.391499,iOS Bluetooth,225,5,65
1788429443.391499,iOS Bluetooth,209,51,0
1788429443.391499,iOS Bluetooth,209,0,0
1788429443.391499,iOS Bluetooth,209,0,0
1788429443.391499,iOS Bluetooth,209,0,0
1788429443.391499,iOS Bluetooth,209,0,0
1788429443.406623,iOS Bluetooth,210,75,0
1788429443.406623,iOS Bluetooth,210,0,0
1788429443.406623,iOS Bluetooth,227,91,62
1788429443.406623,iOS Bluetooth,228,85,63
1788429443.406623,iOS Bluetooth,212,79,0
1788429443.406623,iOS Bluetooth,212,0,0
1788429443.415537,iOS Bluetooth,213,51,0
1788429443.415537,iOS Bluetooth,213,0,0
1788429443.415537,iOS Bluetooth,230,11,65
1788429443.430072,iOS Bluetooth,214,46,0
1788429443.430072,iOS Bluetooth,214,0,0
1788429443.430072,iOS Bluetooth,231,124,64
1788429443.430072,iOS Bluetooth,231,0,0
1788429443.430072,iOS Bluetooth,231,0,98
1788429443.430072,iOS Bluetooth,231,61,63
1788429443.445303,iOS Bluetooth,216,66,0
1788429443.445303,iOS Bluetooth,216,0,0
1788429443.445303,iOS Bluetooth,233,93,62
1788429443.445303,iOS Bluetooth,217,45,0
1788429443.445303,iOS Bluetooth,217,0,0
1788429443.445303,iOS Bluetooth,217,0,0
1788429443.445303,iOS Bluetooth,217,0,0
1788429443.445303,iOS Bluetooth,217,0,0
1788429443.445303,iOS Bluetooth,223,4,0
1788429443.445303,iOS Bluetooth,223,0,0
1788429443.460581,iOS Bluetooth,225,119,64
1788429443.460581,iOS Bluetooth,209,59,0
1788429443.460581,iOS Bluetooth,209,0,0
1788429443.460581,iOS Bluetooth,226,56,63
1788429443.460581,iOS Bluetooth,226,0,0
1788429443.460581,iOS Bluetooth,226,0,2
1788429443.460581,iOS Bluetooth,226,94,62
1788429443.473653,iOS Bluetooth,211,1,0
1788429443.473653,iOS Bluetooth,211,0,0
1788429443.473653,iOS Bluetooth,228,107,63
1788429443.473653,iOS Bluetooth,228,0,0
1788429443.473653,iOS Bluetooth,228,0,0
1788429443.473653,iOS Bluetooth,228,0,0
1788429443.473653,iOS Bluetooth,213,36,0
1788429443.473653,iOS Bluetooth,213,0,0
1788429443.488843,iOS Bluetooth,230,23,65
1788429443.488843,iOS Bluetooth,214,39,0
1788429443.488843,iOS Bluetooth,214,0,0
1788429443.488843,iOS Bluetooth,214,0,0
1788429443.488843,iOS Bluetooth,214,0,0
1788429443.488843,iOS Bluetooth,214,0,0
1788429443.488843,iOS Bluetooth,214,0,0
1788429443.488843,iOS Bluetooth,214,0,0
1788429443.488843,iOS Bluetooth,214,0,0
1788429443.488843,iOS Bluetooth,232,41,63
1788429443.504394,iOS Bluetooth,216,61,0
1788429443.504394,iOS Bluetooth,216,0,0
1788429443.504394,iOS Bluetooth,233,97,62
1788429443.504394,iOS Bluetooth,233,0,0
1788429443.504394,iOS Bluetooth,233,0,0
1788429443.504394,iOS Bluetooth,233,0,0
1788429443.527052,iOS Bluetooth,223,8,0
1788429443.527052,iOS Bluetooth,223,0,0
1788429443.527052,iOS Bluetooth,225,102,64
1788429443.527052,iOS Bluetooth,209,69,0
1788429443.527052,iOS Bluetooth,209,0,0
1788429443.527052,iOS Bluetooth,226,34,63
1788429443.527052,iOS Bluetooth,210,41,0
1788429443.527052,iOS Bluetooth,210,0,0
1788429443.541852,iOS Bluetooth,227,99,62
1788429443.541852,iOS Bluetooth,211,3,0
1788429443.541852,iOS Bluetooth,211,0,0
1788429443.541852,iOS Bluetooth,228,0,64
1788429443.541852,iOS Bluetooth,212,97,0
1788429443.541852,iOS Bluetooth,212,0,0
1788429443.541852,iOS Bluetooth,229,2,64
1788429443.556943,iOS Bluetooth,213,19,0
1788429443.556943,iOS Bluetooth,213,0,0
1788429443.556943,iOS Bluetooth,230,30,65
1788429443.556943,iOS Bluetooth,214,31,0
1788429443.556943,iOS Bluetooth,214,0,0
1788429443.556943,iOS Bluetooth,231,89,64
1788429443.556943,iOS Bluetooth,215,1,0
1788429443.556943,iOS Bluetooth,215,0,0
1788429443.571834,iOS Bluetooth,232,21,63
1788429443.571834,iOS Bluetooth,216,58,0
1788429443.571834,iOS Bluetooth,216,0,0
1788429443.571834,iOS Bluetooth,233,105,62
1788429443.571834,iOS Bluetooth,217,40,0
1788429443.571834,iOS Bluetooth,217,0,0
1788429443.571834,iOS Bluetooth,239,32,65
1788429443.586832,iOS Bluetooth,223,12,0
1788429443.586832,iOS Bluetooth,223,0,0
1788429443.586832,iOS Bluetooth,225,84,64
1788429443.586832,iOS Bluetooth,209,81,0
1788429443.586832,iOS Bluetooth,209,0,0
1788429443.586832,iOS Bluetooth,226,17,63
1788429443.586832,iOS Bluetooth,226,0,0
1788429443.602071,iOS Bluetooth,213,0,0
1788429443.602071,iOS Bluetooth,213,0,0
1788429443.602071,iOS Bluetooth,133,48,64
1788429443.602071,iOS Bluetooth,234,0,64
1788429443.602071,iOS Bluetooth,154,48,96
1788429443.602071,iOS Bluetooth,227,108,62
1788429443.602071,iOS Bluetooth,211,7,0
1788429443.602071,iOS Bluetooth,211,0,0
1788429443.602071,iOS Bluetooth,176,118,24
1788429443.602071,iOS Bluetooth,228,25,64
1788429443.602071,iOS Bluetooth,212,105,0
1788429443.602071,iOS Bluetooth,212,0,0
1788429443.616992,iOS Bluetooth,230,35,65
1788429443.616992,iOS Bluetooth,214,26,0
1788429443.616992,iOS Bluetooth,214,0,0
1788429443.624371,iOS Bluetooth,231,68,64
1788429443.624371,iOS Bluetooth,215,5,0
1788429443.624371,iOS Bluetooth,215,0,0
1788429443.624371,iOS Bluetooth,215,0,0
1788429443.624371,iOS Bluetooth,215,0,0
1788429443.624371,iOS Bluetooth,215,0,0
1788429443.624371,iOS Bluetooth,216,56,0
1788429443.624371,iOS Bluetooth,216,0,0
1788429443.646713,iOS Bluetooth,233,115,62
1788429443.646713,iOS Bluetooth,217,37,0
1788429443.646713,iOS Bluetooth,217,0,0
1788429443.646713,iOS Bluetooth,234,31,64
1788429443.646713,iOS Bluetooth,234,0,0
1788429443.646713,iOS Bluetooth,234,0,57
1788429443.646713,iOS Bluetooth,234,36,65
1788429443.662054,iOS Bluetooth,223,17,0
1788429443.662054,iOS Bluetooth,223,0,0
1788429443.662054,iOS Bluetooth,225,62,64
1788429443.662054,iOS Bluetooth,209,94,0
1788429443.662054,iOS Bluetooth,209,0,0
1788429443.662054,iOS Bluetooth,209,0,0
1788429443.662054,iOS Bluetooth,209,0,0
1788429443.662054,iOS Bluetooth,209,0,0
1788429443.662054,iOS Bluetooth,210,17,0
1788429443.662054,iOS Bluetooth,210,0,0
1788429443.676655,iOS Bluetooth,227,120,62
1788429443.676655,iOS Bluetooth,211,13,0
1788429443.676655,iOS Bluetooth,211,0,0
1788429443.676655,iOS Bluetooth,211,0,0
1788429443.676655,iOS Bluetooth,211,0,0
1788429443.676655,iOS Bluetooth,211,0,0
1788429443.676655,iOS Bluetooth,211,0,0
1788429443.676655,iOS Bluetooth,211,0,0
1788429443.676655,iOS Bluetooth,211,0,0
1788429443.676655,iOS Bluetooth,230,37,65
1788429443.691473,iOS Bluetooth,214,20,0
1788429443.691473,iOS Bluetooth,214,0,0
1788429443.691473,iOS Bluetooth,231,45,64
1788429443.691473,iOS Bluetooth,231,0,0
1788429443.691473,iOS Bluetooth,231,0,0
1788429443.691473,iOS Bluetooth,231,0,0
1788429443.691473,iOS Bluetooth,216,54,0
1788429443.691473,iOS Bluetooth,216,0,0
1788429443.706517,iOS Bluetooth,233,0,63
1788429443.706517,iOS Bluetooth,217,34,0
1788429443.706517,iOS Bluetooth,217,0,0
1788429443.706517,iOS Bluetooth,217,0,0
1788429443.706517,iOS Bluetooth,217,0,0
1788429443.706517,iOS Bluetooth,217,0,0
1788429443.706517,iOS Bluetooth,217,0,0
1788429443.706517,iOS Bluetooth,217,0,0
1788429443.706517,iOS Bluetooth,217,0,0
1788429443.721511,iOS Bluetooth,223,23,0
1788429443.721511,iOS Bluetooth,223,0,0
1788429443.721511,iOS Bluetooth,225,41,64
1788429443.721511,iOS Bluetooth,209,109,0
1788429443.721511,iOS Bluetooth,209,0,0
1788429443.721511,iOS Bluetooth,226,115,62
1788429443.721511,iOS Bluetooth,210,11,0
1788429443.721511,iOS Bluetooth,210,0,0
1788429443.736684,iOS Bluetooth,227,5,63
1788429443.736684,iOS Bluetooth,211,21,0
1788429443.736684,iOS Bluetooth,211,0,0
1788429443.736684,iOS Bluetooth,228,67,64
1788429443.736684,iOS Bluetooth,212,89,0
1788429443.736684,iOS Bluetooth,212,0,0
1788429443.736684,iOS Bluetooth,230,35,65
1788429443.758893,iOS Bluetooth,214,15,0
1788429443.758893,iOS Bluetooth,214,0,0
1788429443.758893,iOS Bluetooth,231,22,64
1788429443.758893,iOS Bluetooth,215,16,0
1788429443.758893,iOS Bluetooth,215,0,0
1788429443.758893,iOS Bluetooth,232,108,62
1788429443.758893,iOS Bluetooth,216,53,0
1788429443.758893,iOS Bluetooth,216,0,0
1788429443.773745,iOS Bluetooth,233,15,63
1788429443.773745,iOS Bluetooth,217,31,0
1788429443.773745,iOS Bluetooth,217,0,0
1788429443.773745,iOS Bluetooth,234,80,64
1788429443.773745,iOS Bluetooth,218,3,0
1788429443.773745,iOS Bluetooth,218,0,0
1788429443.773745,iOS Bluetooth,239,34,65
1788429443.788781,iOS Bluetooth,225,19,64
1788429443.788781,iOS Bluetooth,209,102,0
1788429443.788781,iOS Bluetooth,209,0,0
1788429443.788781,iOS Bluetooth,226,105,62
1788429443.796471,iOS Bluetooth,227,22,63
1788429443.796471,iOS Bluetooth,211,31,0
1788429443.796471,iOS Bluetooth,211,0,0
1788429443.811277,iOS Bluetooth,228,89,64
1788429443.811277,iOS Bluetooth,212,77,0
1788429443.811277,iOS Bluetooth,212,0,0
1788429443.811277,iOS Bluetooth,212,0,0
1788429443.811277,iOS Bluetooth,212,0,0
1788429443.811277,iOS Bluetooth,212,0,0
1788429443.811277,iOS Bluetooth,214,11,0
1788429443.811277,iOS Bluetooth,214,0,0
1788429443.811277,iOS Bluetooth,231,3,64
1788429443.826347,iOS Bluetooth,215,19,0
1788429443.826347,iOS Bluetooth,215,0,0
1788429443.826347,iOS Bluetooth,232,100,62
1788429443.826347,iOS Bluetooth,232,0,0
1788429443.826347,iOS Bluetooth,232,0,114
1788429443.826347,iOS Bluetooth,232,32,63
1788429443.841285,iOS Bluetooth,217,28,0
1788429443.841285,iOS Bluetooth,217,0,0
1788429443.841285,iOS Bluetooth,234,98,64
1788429443.841285,iOS Bluetooth,218,0,0
1788429443.841285,iOS Bluetooth,218,0,0
1788429443.841285,iOS Bluetooth,218,0,0
1788429443.841285,iOS Bluetooth,218,0,0
1788429443.841285,iOS Bluetooth,218,0,0
1788429443.841285,iOS Bluetooth,223,35,0
1788429443.841285,iOS Bluetooth,223,0,0
1788429443.856515,iOS Bluetooth,225,122,63
1788429443.856515,iOS Bluetooth,209,94,0
1788429443.856515,iOS Bluetooth,209,0,0
1788429443.856515,iOS Bluetooth,226,98,62
1788429443.856515,iOS Bluetooth,226,0,0
1788429443.856515,iOS Bluetooth,226,0,18
1788429443.856515,iOS Bluetooth,226,39,63
1788429443.886433,iOS Bluetooth,211,48,0
1788429443.886433,iOS Bluetooth,211,0,0
1788429443.886433,iOS Bluetooth,228,107,64
1788429443.886433,iOS Bluetooth,228,0,0
1788429443.886433,iOS Bluetooth,228,0,0
1788429443.886433,iOS Bluetooth,228,0,0
1788429443.886433,iOS Bluetooth,214,7,0
1788429443.886433,iOS Bluetooth,214,0,0
1788429443.893712,iOS Bluetooth,231,112,63
1788429443.893712,iOS Bluetooth,215,34,0
1788429443.893712,iOS Bluetooth,215,0,0
1788429443.893712,iOS Bluetooth,215,0,0
1788429443.893712,iOS Bluetooth,215,0,0
1788429443.893712,iOS Bluetooth,215,0,0
1788429443.893712,iOS Bluetooth,215,0,0
1788429443.893712,iOS Bluetooth,215,0,0
1788429443.893712,iOS Bluetooth,215,0,0
1788429443.893712,iOS Bluetooth,233,51,63
1788429443.908626,iOS Bluetooth,217,24,0
1788429443.908626,iOS Bluetooth,217,0,0
1788429443.908626,iOS Bluetooth,234,115,64
1788429443.908626,iOS Bluetooth,234,0,0
1788429443.908626,iOS Bluetooth,234,0,0
1788429443.908626,iOS Bluetooth,234,0,0
1788429443.924130,iOS Bluetooth,225,101,63
1788429443.924130,iOS Bluetooth,209,85,0
1788429443.924130,iOS Bluetooth,209,0,0
1788429443.924130,iOS Bluetooth,226,93,62
1788429443.924130,iOS Bluetooth,226,0,0
1788429443.924130,iOS Bluetooth,226,0,0
1788429443.924130,iOS Bluetooth,226,0,0
1788429443.940679,iOS Bluetooth,211,68,0
1788429443.940679,iOS Bluetooth,211,0,0
1788429443.940679,iOS Bluetooth,228,123,64
1788429443.940679,iOS Bluetooth,212,57,0
1788429443.940679,iOS Bluetooth,212,0,0
1788429443.940679,iOS Bluetooth,230,13,65
1788429443.940679,iOS Bluetooth,214,4,0
1788429443.940679,iOS Bluetooth,214,0,0
1788429443.955350,iOS Bluetooth,231,89,63
1788429443.955350,iOS Bluetooth,215,50,0
1788429443.955350,iOS Bluetooth,215,0,0
1788429443.955350,iOS Bluetooth,232,92,62
1788429443.955350,iOS Bluetooth,216,47,0
1788429443.955350,iOS Bluetooth,216,0,0
1788429443.955350,iOS Bluetooth,233,74,63
1788429443.970490,iOS Bluetooth,217,14,0
1788429443.970490,iOS Bluetooth,217,0,0
1788429443.970490,iOS Bluetooth,234,2,65
1788429443.970490,iOS Bluetooth,218,2,0
1788429443.970490,iOS Bluetooth,218,0,0
1788429443.970490,iOS Bluetooth,239,8,65
1788429443.970490,iOS Bluetooth,223,49,0
1788429443.970490,iOS Bluetooth,223,0,0
1788429443.991593,iOS Bluetooth,225,79,63
1788429443.991593,iOS Bluetooth,209,77,0
1788429443.991593,iOS Bluetooth,209,0,0
1788429443.991593,iOS Bluetooth,226,91,62
1788429443.991593,iOS Bluetooth,210,0,0
1788429443.991593,iOS Bluetooth,210,0,0
1788429443.991593,iOS Bluetooth,210,0,0
1788429443.991593,iOS Bluetooth,210,0,0
1788429443.991593,iOS Bluetooth,210,0,0
1788429444.006463,iOS Bluetooth,211,78,0
1788429444.006463,iOS Bluetooth,211,0,0
1788429444.006463,iOS Bluetooth,228,8,65
1788429444.006463,iOS Bluetooth,212,48,0
1788429444.006463,iOS Bluetooth,212,0,0
1788429444.006463,iOS Bluetooth,230,0,65
1788429444.013732,iOS Bluetooth,231,66,63
1788429444.013732,iOS Bluetooth,215,64,0
1788429444.013732,iOS Bluetooth,215,0,0
1788429444.028866,iOS Bluetooth,216,45,0
1788429444.028866,iOS Bluetooth,216,0,0
1788429444.028866,iOS Bluetooth,233,98,63
1788429444.028866,iOS Bluetooth,233,0,0
1788429444.028866,iOS Bluetooth,233,0,58
1788429444.028866,iOS Bluetooth,233,14,65
1788429444.043518,iOS Bluetooth,218,4,0
1788429444.043518,iOS Bluetooth,218,0,0
1788429444.043518,iOS Bluetooth,239,122,64
1788429444.043518,iOS Bluetooth,223,57,0
1788429444.043518,iOS Bluetooth,223,0,0
1788429444.043518,iOS Bluetooth,223,0,0
1788429444.043518,iOS Bluetooth,223,0,0
1788429444.043518,iOS Bluetooth,223,0,0
1788429444.043518,iOS Bluetooth,209,65,0
1788429444.043518,iOS Bluetooth,209,0,0
1788429444.059004,iOS Bluetooth,226,93,62
1788429444.059004,iOS Bluetooth,210,1,0
1788429444.059004,iOS Bluetooth,210,0,0
1788429444.059004,iOS Bluetooth,227,102,63
1788429444.059004,iOS Bluetooth,227,0,0
1788429444.059004,iOS Bluetooth,227,0,90
1788429444.059004,iOS Bluetooth,227,20,65
1788429444.075341,iOS Bluetooth,212,40,0
1788429444.075341,iOS Bluetooth,212,0,0
1788429444.075341,iOS Bluetooth,230,113,64
1788429444.075341,iOS Bluetooth,230,0,0
1788429444.075341,iOS Bluetooth,230,0,0
1788429444.075341,iOS Bluetooth,230,0,0
1788429444.075341,iOS Bluetooth,215,63,0
1788429444.075341,iOS Bluetooth,215,0,0
1788429444.088802,iOS Bluetooth,232,96,62
1788429444.088802,iOS Bluetooth,216,43,0
1788429444.088802,iOS Bluetooth,216,0,0
1788429444.088802,iOS Bluetooth,216,0,0
1788429444.088802,iOS Bluetooth,216,0,0
1788429444.088802,iOS Bluetooth,216,0,0
1788429444.088802,iOS Bluetooth,216,0,0
1788429444.088802,iOS Bluetooth,216,0,0
1788429444.088802,iOS Bluetooth,216,0,0
1788429444.088802,iOS Bluetooth,234,24,65
1788429444.103192,iOS Bluetooth,218,7,0
1788429444.103192,iOS Bluetooth,218,0,0
1788429444.103192,iOS Bluetooth,239,107,64
1788429444.103192,iOS Bluetooth,239,0,0
1788429444.103192,iOS Bluetooth,239,0,0
1788429444.103192,iOS Bluetooth,239,0,0
1788429444.128492,iOS Bluetooth,209,43,0
1788429444.128492,iOS Bluetooth,209,0,0
1788429444.128492,iOS Bluetooth,226,98,62
1788429444.128492,iOS Bluetooth,210,3,0
1788429444.128492,iOS Bluetooth,210,0,0
1788429444.128492,iOS Bluetooth,210,0,0
1788429444.128492,iOS Bluetooth,210,0,0
1788429444.128492,iOS Bluetooth,210,0,0
1788429444.128492,iOS Bluetooth,210,0,0
1788429444.128492,iOS Bluetooth,210,0,0
1788429444.128492,iOS Bluetooth,210,0,0
1788429444.143228,iOS Bluetooth,228,29,65
1788429444.143228,iOS Bluetooth,212,34,0
1788429444.143228,iOS Bluetooth,212,0,0
1788429444.143228,iOS Bluetooth,230,96,64
1788429444.143228,iOS Bluetooth,214,1,0
1788429444.143228,iOS Bluetooth,214,0,0
1788429444.143228,iOS Bluetooth,231,27,63
1788429444.158346,iOS Bluetooth,215,59,0
1788429444.158346,iOS Bluetooth,215,0,0
1788429444.158346,iOS Bluetooth,232,102,62
1788429444.158346,iOS Bluetooth,216,41,0
1788429444.158346,iOS Bluetooth,216,0,0
1788429444.158346,iOS Bluetooth,233,4,64
1788429444.158346,iOS Bluetooth,217,0,0
1788429444.158346,iOS Bluetooth,217,0,0
1788429444.173287,iOS Bluetooth,234,32,65
1788429444.173287,iOS Bluetooth,218,11,0
1788429444.173287,iOS Bluetooth,218,0,0
1788429444.173287,iOS Bluetooth,239,84,64
1788429444.173287,iOS Bluetooth,223,79,0
1788429444.173287,iOS Bluetooth,223,0,0
1788429444.173287,iOS Bluetooth,225,21,63
1788429444.188697,iOS Bluetooth,209,30,0
1788429444.188697,iOS Bluetooth,209,0,0
1788429444.188697,iOS Bluetooth,226,105,62
1788429444.188697,iOS Bluetooth,210,6,0
1788429444.188697,iOS Bluetooth,210,0,0
1788429444.188697,iOS Bluetooth,227,19,64
1788429444.188697,iOS Bluetooth,227,0,0
1788429444.202627,iOS Bluetooth,228,34,65
1788429444.202627,iOS Bluetooth,212,28,0
1788429444.202627,iOS Bluetooth,212,0,0
1788429444.202627,iOS Bluetooth,223,0,0
1788429444.202627,iOS Bluetooth,223,0,0
1788429444.202627,iOS Bluetooth,143,51,64
1788429444.202627,iOS Bluetooth,235,0,64
1788429444.202627,iOS Bluetooth,155,51,96
1788429444.202627,iOS Bluetooth,230,74,64
1788429444.202627,iOS Bluetooth,214,4,0
1788429444.202627,iOS Bluetooth,214,0,0
1788429444.218377,iOS Bluetooth,215,57,0
1788429444.218377,iOS Bluetooth,215,0,0
1788429444.218377,iOS Bluetooth,232,111,62
1788429444.224407,iOS Bluetooth,216,38,0
1788429444.224407,iOS Bluetooth,216,0,0
1788429444.224407,iOS Bluetooth,233,28,64
1788429444.224407,iOS Bluetooth,233,0,0
1788429444.224407,iOS Bluetooth,233,0,2
1788429444.224407,iOS Bluetooth,233,16,0
1788429444.248891,iOS Bluetooth,235,67,64
1788429444.248891,iOS Bluetooth,219,91,0
1788429444.248891,iOS Bluetooth,219,0,0
1788429444.248891,iOS Bluetooth,239,79,64
1788429444.248891,iOS Bluetooth,239,0,0
1788429444.248891,iOS Bluetooth,239,0,17
1788429444.248891,iOS Bluetooth,239,19,0
1788429444.263245,iOS Bluetooth,226,117,62
1788429444.263245,iOS Bluetooth,210,11,0
1788429444.263245,iOS Bluetooth,210,0,0
1788429444.263245,iOS Bluetooth,227,41,64
1788429444.263245,iOS Bluetooth,227,0,0
1788429444.263245,iOS Bluetooth,227,0,34
1788429444.263245,iOS Bluetooth,227,37,65
1788429444.278402,iOS Bluetooth,212,21,0
1788429444.278402,iOS Bluetooth,212,0,0
1788429444.278402,iOS Bluetooth,230,51,64
1788429444.278402,iOS Bluetooth,230,0,0
1788429444.278402,iOS Bluetooth,230,0,0
1788429444.278402,iOS Bluetooth,230,0,0
1788429444.278402,iOS Bluetooth,215,55,0
1788429444.278402,iOS Bluetooth,215,0,0
1788429444.292440,iOS Bluetooth,232,125,62
1788429444.292440,iOS Bluetooth,216,35,0
1788429444.292440,iOS Bluetooth,216,0,0
1788429444.292440,iOS Bluetooth,216,0,0
1788429444.292440,iOS Bluetooth,216,0,0
1788429444.292440,iOS Bluetooth,216,0,0
1788429444.292440,iOS Bluetooth,216,0,0
1788429444.292440,iOS Bluetooth,216,0,0
1788429444.292440,iOS Bluetooth,216,0,0
1788429444.292440,iOS Bluetooth,234,37,65
1788429444.306445,iOS Bluetooth,218,21,0
1788429444.306445,iOS Bluetooth,218,0,0
1788429444.306445,iOS Bluetooth,235,46,64
1788429444.306445,iOS Bluetooth,235,0,0
1788429444.306445,iOS Bluetooth,235,0,0
1788429444.306445,iOS Bluetooth,235,0,0
1788429444.322462,iOS Bluetooth,209,11,0
1788429444.322462,iOS Bluetooth,209,0,0
1788429444.322462,iOS Bluetooth,226,2,63
1788429444.322462,iOS Bluetooth,210,19,0
1788429444.322462,iOS Bluetooth,210,0,0
1788429444.322462,iOS Bluetooth,210,0,0
1788429444.322462,iOS Bluetooth,210,0,0
1788429444.322462,iOS Bluetooth,210,0,0
1788429444.322462,iOS Bluetooth,210,0,0
1788429444.322462,iOS Bluetooth,210,0,0
1788429444.322462,iOS Bluetooth,210,0,0
1788429444.336436,iOS Bluetooth,228,36,65
1788429444.336436,iOS Bluetooth,212,16,0
1788429444.336436,iOS Bluetooth,212,0,0
1788429444.336436,iOS Bluetooth,230,28,64
1788429444.336436,iOS Bluetooth,214,15,0
1788429444.336436,iOS Bluetooth,214,0,0
1788429444.336436,iOS Bluetooth,231,111,62
1788429444.364835,iOS Bluetooth,215,53,0
1788429444.364835,iOS Bluetooth,215,0,0
1788429444.364835,iOS Bluetooth,232,11,63
1788429444.364835,iOS Bluetooth,216,32,0
1788429444.364835,iOS Bluetooth,216,0,0
1788429444.364835,iOS Bluetooth,233,77,64
1788429444.364835,iOS Bluetooth,217,8,0
1788429444.364835,iOS Bluetooth,217,0,0
1788429444.376330,iOS Bluetooth,234,34,65
1788429444.376330,iOS Bluetooth,218,28,0
1788429444.376330,iOS Bluetooth,218,0,0
1788429444.376330,iOS Bluetooth,235,19,64
1788429444.376330,iOS Bluetooth,219,104,0
1788429444.376330,iOS Bluetooth,219,0,0
1788429444.376330,iOS Bluetooth,225,107,62
1788429444.388741,iOS Bluetooth,209,6,0
1788429444.388741,iOS Bluetooth,209,0,0
1788429444.388741,iOS Bluetooth,226,17,63
1788429444.388741,iOS Bluetooth,210,30,0
1788429444.388741,iOS Bluetooth,210,0,0
1788429444.388741,iOS Bluetooth,227,84,64
1788429444.388741,iOS Bluetooth,227,0,0
1788429444.404277,iOS Bluetooth,228,32,65
1788429444.404277,iOS Bluetooth,212,12,0
1788429444.404277,iOS Bluetooth,212,0,0
1788429444.404277,iOS Bluetooth,230,5,64
1788429444.404277,iOS Bluetooth,214,17,0
1788429444.404277,iOS Bluetooth,214,0,0
1788429444.404277,iOS Bluetooth,214,0,0
1788429444.404277,iOS Bluetooth,214,0,0
1788429444.404277,iOS Bluetooth,214,0,0
1788429444.419522,iOS Bluetooth,215,51,0
1788429444.419522,iOS Bluetooth,215,0,0
1788429444.419522,iOS Bluetooth,232,28,63
1788429444.419522,iOS Bluetooth,216,29,0
1788429444.419522,iOS Bluetooth,216,0,0
1788429444.419522,iOS Bluetooth,233,96,64
1788429444.433845,iOS Bluetooth,234,29,65
1788429444.441405,iOS Bluetooth,218,34,0
1788429444.441405,iOS Bluetooth,218,0,0
1788429444.441405,iOS Bluetooth,235,0,64
1788429444.441405,iOS Bluetooth,219,96,0
1788429444.441405,iOS Bluetooth,219,0,0
1788429444.441405,iOS Bluetooth,219,0,0
1788429444.441405,iOS Bluetooth,219,0,0
1788429444.441405,iOS Bluetooth,219,0,0
1788429444.441405,iOS Bluetooth,209,3,0
1788429444.441405,iOS Bluetooth,209,0,0
1788429444.456394,iOS Bluetooth,226,37,63
1788429444.456394,iOS Bluetooth,210,44,0
1788429444.456394,iOS Bluetooth,210,0,0
1788429444.456394,iOS Bluetooth,227,103,64
1788429444.456394,iOS Bluetooth,227,0,0
1788429444.456394,iOS Bluetooth,227,0,106
1788429444.456394,iOS Bluetooth,227,25,65
1788429444.479446,iOS Bluetooth,212,7,0
1788429444.479446,iOS Bluetooth,212,0,0
1788429444.479446,iOS Bluetooth,230,117,63
1788429444.479446,iOS Bluetooth,230,0,0
1788429444.479446,iOS Bluetooth,230,0,0
1788429444.479446,iOS Bluetooth,230,0,0
1788429444.479446,iOS Bluetooth,215,50,0
1788429444.479446,iOS Bluetooth,215,0,0
1788429444.494528,iOS Bluetooth,232,49,63
1788429444.494528,iOS Bluetooth,216,25,0
1788429444.494528,iOS Bluetooth,216,0,0
1788429444.494528,iOS Bluetooth,216,0,0
1788429444.494528,iOS Bluetooth,216,0,0
1788429444.494528,iOS Bluetooth,216,0,0
1788429444.494528,iOS Bluetooth,216,0,0
1788429444.494528,iOS Bluetooth,216,0,0
1788429444.494528,iOS Bluetooth,216,0,0
1788429444.494528,iOS Bluetooth,234,20,65
1788429444.509503,iOS Bluetooth,218,41,0
1788429444.509503,iOS Bluetooth,218,0,0
1788429444.509503,iOS Bluetooth,235,106,63
1788429444.509503,iOS Bluetooth,235,0,0
1788429444.509503,iOS Bluetooth,235,0,0
1788429444.509503,iOS Bluetooth,235,0,0
1788429444.524615,iOS Bluetooth,209,1,0
1788429444.524615,iOS Bluetooth,209,0,0
1788429444.524615,iOS Bluetooth,226,56,63
1788429444.524615,iOS Bluetooth,210,63,0
1788429444.524615,iOS Bluetooth,210,0,0
1788429444.524615,iOS Bluetooth,227,121,64
1788429444.524615,iOS Bluetooth,211,58,0
1788429444.524615,iOS Bluetooth,211,0,0
1788429444.539502,iOS Bluetooth,228,14,65
1788429444.539502,iOS Bluetooth,212,4,0
1788429444.539502,iOS Bluetooth,212,0,0
1788429444.539502,iOS Bluetooth,230,95,63
1788429444.539502,iOS Bluetooth,214,48,0
1788429444.539502,iOS Bluetooth,214,0,0
1788429444.539502,iOS Bluetooth,231,92,62
1788429444.554383,iOS Bluetooth,215,48,0
1788429444.554383,iOS Bluetooth,215,0,0
1788429444.554383,iOS Bluetooth,232,71,63
1788429444.554383,iOS Bluetooth,216,15,0
1788429444.554383,iOS Bluetooth,216,0,0
1788429444.554383,iOS Bluetooth,233,2,65
1788429444.554383,iOS Bluetooth,217,21,0
1788429444.554383,iOS Bluetooth,217,0,0
1788429444.569406,iOS Bluetooth,234,8,65
1788429444.569406,iOS Bluetooth,218,48,0
1788429444.569406,iOS Bluetooth,218,0,0
1788429444.569406,iOS Bluetooth,235,82,63
1788429444.569406,iOS Bluetooth,219,78,0
1788429444.569406,iOS Bluetooth,219,0,0
1788429444.569406,iOS Bluetooth,225,91,62
1788429444.583704,iOS Bluetooth,209,0,0
1788429444.583704,iOS Bluetooth,209,0,0
1788429444.583704,iOS Bluetooth,226,77,63
1788429444.583704,iOS Bluetooth,210,77,0
1788429444.583704,iOS Bluetooth,210,0,0
1788429444.583704,iOS Bluetooth,227,7,65
1788429444.583704,iOS Bluetooth,227,0,0
1788429444.606778,iOS Bluetooth,228,1,65
1788429444.606778,iOS Bluetooth,212,2,0
1788429444.606778,iOS Bluetooth,212,0,0
1788429444.606778,iOS Bluetooth,176,118,25
1788429444.606778,iOS Bluetooth,230,69,63
1788429444.606778,iOS Bluetooth,214,62,0
1788429444.606778,iOS Bluetooth,214,0,0
1788429444.613764,iOS Bluetooth,232,95,63
1788429444.613764,iOS Bluetooth,216,8,0
1788429444.613764,iOS Bluetooth,216,0,0
1788429444.628908,iOS Bluetooth,233,14,65
1788429444.628908,iOS Bluetooth,217,25,0
1788429444.628908,iOS Bluetooth,217,0,0
1788429444.628908,iOS Bluetooth,217,0,0
1788429444.628908,iOS Bluetooth,217,0,0
1788429444.628908,iOS Bluetooth,217,0,0
1788429444.628908,iOS Bluetooth,218,56,0
1788429444.628908,iOS Bluetooth,218,0,0
1788429444.644245,iOS Bluetooth,235,61,63
1788429444.644245,iOS Bluetooth,219,67,0
1788429444.644245,iOS Bluetooth,219,0,0
1788429444.644245,iOS Bluetooth,225,92,62
1788429444.644245,iOS Bluetooth,225,0,0
1788429444.644245,iOS Bluetooth,225,0,34
1788429444.644245,iOS Bluetooth,225,99,63
1788429444.659039,iOS Bluetooth,210,86,0
1788429444.659039,iOS Bluetooth,210,0,0
1788429444.659039,iOS Bluetooth,227,18,65
1788429444.659039,iOS Bluetooth,211,42,0
1788429444.659039,iOS Bluetooth,211,0,0
1788429444.659039,iOS Bluetooth,211,0,0
1788429444.659039,iOS Bluetooth,211,0,0
1788429444.659039,iOS Bluetooth,211,0,0
1788429444.659039,iOS Bluetooth,212,0,0
1788429444.659039,iOS Bluetooth,212,0,0
1788429444.673800,iOS Bluetooth,230,48,63
1788429444.673800,iOS Bluetooth,214,63,0
1788429444.673800,iOS Bluetooth,214,0,0
1788429444.673800,iOS Bluetooth,214,0,0
1788429444.673800,iOS Bluetooth,214,0,0
1788429444.673800,iOS Bluetooth,214,0,0
1788429444.673800,iOS Bluetooth,214,0,0
1788429444.673800,iOS Bluetooth,214,0,0
1788429444.673800,iOS Bluetooth,214,0,0
1788429444.673800,iOS Bluetooth,232,119,63
1788429444.688769,iOS Bluetooth,216,2,0
1788429444.688769,iOS Bluetooth,216,0,0
1788429444.688769,iOS Bluetooth,233,24,65
1788429444.688769,iOS Bluetooth,233,0,0
1788429444.688769,iOS Bluetooth,233,0,0
1788429444.688769,iOS Bluetooth,233,0,0
1788429444.688769,iOS Bluetooth,218,65,0
1788429444.688769,iOS Bluetooth,218,0,0
1788429444.704295,iOS Bluetooth,235,41,63
1788429444.704295,iOS Bluetooth,219,48,0
1788429444.704295,iOS Bluetooth,219,0,0
1788429444.704295,iOS Bluetooth,219,0,0
1788429444.704295,iOS Bluetooth,219,0,0
1788429444.704295,iOS Bluetooth,219,0,0
1788429444.704295,iOS Bluetooth,219,0,0
1788429444.704295,iOS Bluetooth,219,0,0
1788429444.704295,iOS Bluetooth,219,0,0
1788429444.726700,iOS Bluetooth,226,123,63
1788429444.726700,iOS Bluetooth,210,94,0
1788429444.726700,iOS Bluetooth,210,0,0
1788429444.726700,iOS Bluetooth,227,27,65
1788429444.726700,iOS Bluetooth,227,0,0
1788429444.726700,iOS Bluetooth,227,0,0
1788429444.726700,iOS Bluetooth,227,0,0
1788429444.741399,iOS Bluetooth,212,1,0
1788429444.741399,iOS Bluetooth,212,0,0
1788429444.741399,iOS Bluetooth,230,30,63
1788429444.741399,iOS Bluetooth,214,60,0
1788429444.741399,iOS Bluetooth,214,0,0
1788429444.741399,iOS Bluetooth,231,101,62
1788429444.741399,iOS Bluetooth,215,41,0
1788429444.741399,iOS Bluetooth,215,0,0
1788429444.756727,iOS Bluetooth,232,0,64
1788429444.756727,iOS Bluetooth,216,0,0
1788429444.756727,iOS Bluetooth,216,0,0
1788429444.756727,iOS Bluetooth,233,32,65
1788429444.756727,iOS Bluetooth,217,34,0
1788429444.756727,iOS Bluetooth,217,0,0
1788429444.756727,iOS Bluetooth,234,89,64
1788429444.771350,iOS Bluetooth,218,77,0
1788429444.771350,iOS Bluetooth,218,0,0
1788429444.771350,iOS Bluetooth,235,23,63
1788429444.771350,iOS Bluetooth,219,31,0
1788429444.771350,iOS Bluetooth,219,0,0
1788429444.771350,iOS Bluetooth,225,104,62
1788429444.771350,iOS Bluetooth,209,5,0
1788429444.771350,iOS Bluetooth,209,0,0
1788429444.786371,iOS Bluetooth,226,17,64
1788429444.786371,iOS Bluetooth,210,102,0
1788429444.786371,iOS Bluetooth,210,0,0
1788429444.786371,iOS Bluetooth,227,34,65
1788429444.786371,iOS Bluetooth,211,28,0
1788429444.786371,iOS Bluetooth,211,0,0
1788429444.786371,iOS Bluetooth,211,0,0
1788429444.786371,iOS Bluetooth,211,0,0
1788429444.786371,iOS Bluetooth,211,0,0
1788429444.801567,iOS Bluetooth,212,4,0
1788429444.801567,iOS Bluetooth,212,0,0
1788429444.801567,iOS Bluetooth,230,13,63
1788429444.801567,iOS Bluetooth,209,0,0
1788429444.801567,iOS Bluetooth,209,0,0
1788429444.801567,iOS Bluetooth,129,54,64
1788429444.801567,iOS Bluetooth,236,0,64
1788429444.801567,iOS Bluetooth,156,54,96
1788429444.801567,iOS Bluetooth,214,57,0
1788429444.801567,iOS Bluetooth,214,0,0
1788429444.801567,iOS Bluetooth,231,110,62
1788429444.816425,iOS Bluetooth,232,25,64
1788429444.824426,iOS Bluetooth,233,36,65
1788429444.824426,iOS Bluetooth,217,38,0
1788429444.824426,iOS Bluetooth,217,0,0
1788429444.824426,iOS Bluetooth,234,69,64
1788429444.824426,iOS Bluetooth,234,0,0
1788429444.824426,iOS Bluetooth,234,0,90
1788429444.824426,iOS Bluetooth,234,7,63
1788429444.846486,iOS Bluetooth,219,21,0
1788429444.846486,iOS Bluetooth,219,0,0
1788429444.846486,iOS Bluetooth,236,114,62
1788429444.846486,iOS Bluetooth,220,10,0
1788429444.846486,iOS Bluetooth,220,0,0
1788429444.846486,iOS Bluetooth,220,0,0
1788429444.846486,iOS Bluetooth,220,0,0
1788429444.846486,iOS Bluetooth,220,0,0
1788429444.846486,iOS Bluetooth,226,39,64
1788429444.862192,iOS Bluetooth,210,108,0
1788429444.862192,iOS Bluetooth,210,0,0
1788429444.862192,iOS Bluetooth,227,36,65
1788429444.862192,iOS Bluetooth,211,23,0
1788429444.862192,iOS Bluetooth,211,0,0
1788429444.862192,iOS Bluetooth,211,0,0
1788429444.862192,iOS Bluetooth,211,0,0
1788429444.862192,iOS Bluetooth,211,0,0
1788429444.862192,iOS Bluetooth,212,8,0
1788429444.862192,iOS Bluetooth,212,0,0
1788429444.877535,iOS Bluetooth,230,124,62
1788429444.877535,iOS Bluetooth,214,55,0
1788429444.877535,iOS Bluetooth,214,0,0
1788429444.877535,iOS Bluetooth,214,0,0
1788429444.877535,iOS Bluetooth,214,0,0
1788429444.877535,iOS Bluetooth,214,0,0
1788429444.877535,iOS Bluetooth,214,0,0
1788429444.877535,iOS Bluetooth,214,0,0
1788429444.877535,iOS Bluetooth,214,0,0
1788429444.877535,iOS Bluetooth,232,49,64
1788429444.892640,iOS Bluetooth,216,2,0
1788429444.892640,iOS Bluetooth,216,0,0
1788429444.892640,iOS Bluetooth,233,37,65
1788429444.892640,iOS Bluetooth,233,0,0
1788429444.892640,iOS Bluetooth,233,0,0
1788429444.892640,iOS Bluetooth,233,0,0
1788429444.892640,iOS Bluetooth,218,103,0
1788429444.892640,iOS Bluetooth,218,0,0
1788429444.907523,iOS Bluetooth,235,120,62
1788429444.907523,iOS Bluetooth,219,13,0
1788429444.907523,iOS Bluetooth,219,0,0
1788429444.907523,iOS Bluetooth,219,0,0
1788429444.907523,iOS Bluetooth,219,0,0
1788429444.907523,iOS Bluetooth,219,0,0
1788429444.907523,iOS Bluetooth,219,0,0
1788429444.907523,iOS Bluetooth,219,0,0
1788429444.907523,iOS Bluetooth,219,0,0
1788429444.936812,iOS Bluetooth,226,62,64
1788429444.936812,iOS Bluetooth,210,94,0
1788429444.936812,iOS Bluetooth,210,0,0
1788429444.936812,iOS Bluetooth,211,17,0
1788429444.936812,iOS Bluetooth,211,0,0
1788429444.936812,iOS Bluetooth,211,0,0
1788429444.936812,iOS Bluetooth,211,0,0
1788429444.936812,iOS Bluetooth,211,0,0
1788429444.936812,iOS Bluetooth,211,0,0
1788429444.936812,iOS Bluetooth,211,0,0
1788429444.936812,iOS Bluetooth,211,0,0
1788429444.937008,iOS Bluetooth,230,112,62
1788429444.937008,iOS Bluetooth,214,53,0
1788429444.937008,iOS Bluetooth,214,0,0
1788429444.937008,iOS Bluetooth,231,8,63
1788429444.937008,iOS Bluetooth,215,33,0
1788429444.937008,iOS Bluetooth,215,0,0
1788429444.937008,iOS Bluetooth,232,72,64
1788429444.958936,iOS Bluetooth,216,7,0
1788429444.958936,iOS Bluetooth,216,0,0
1788429444.958936,iOS Bluetooth,233,34,65
1788429444.958936,iOS Bluetooth,217,46,0
1788429444.958936,iOS Bluetooth,217,0,0
1788429444.958936,iOS Bluetooth,234,24,64
1788429444.958936,iOS Bluetooth,218,105,0
1788429444.958936,iOS Bluetooth,218,0,0
1788429444.973766,iOS Bluetooth,235,108,62
1788429444.973766,iOS Bluetooth,219,7,0
1788429444.973766,iOS Bluetooth,219,0,0
1788429444.973766,iOS Bluetooth,236,15,63
1788429444.973766,iOS Bluetooth,220,27,0
1788429444.973766,iOS Bluetooth,220,0,0
1788429444.973766,iOS Bluetooth,226,80,64
1788429444.988603,iOS Bluetooth,210,81,0
1788429444.988603,iOS Bluetooth,210,0,0
1788429444.988603,iOS Bluetooth,227,33,65
1788429444.988603,iOS Bluetooth,211,12,0
1788429444.988603,iOS Bluetooth,211,0,0
1788429444.988603,iOS Bluetooth,228,9,64
1788429444.988603,iOS Bluetooth,228,0,0
1788429445.004373,iOS Bluetooth,230,103,62
1788429445.004373,iOS Bluetooth,214,52,0
1788429445.004373,iOS Bluetooth,214,0,0
1788429445.004373,iOS Bluetooth,231,26,63
1788429445.004373,iOS Bluetooth,215,29,0
1788429445.004373,iOS Bluetooth,215,0,0
1788429445.011310,iOS Bluetooth,216,12,0
1788429445.011310,iOS Bluetooth,216,0,0
1788429445.011310,iOS Bluetooth,233,29,65
1788429445.026400,iOS Bluetooth,217,49,0
1788429445.026400,iOS Bluetooth,217,0,0
1788429445.026400,iOS Bluetooth,234,2,64
1788429445.026400,iOS Bluetooth,234,0,0
1788429445.026400,iOS Bluetooth,234,0,34
1788429445.026400,iOS Bluetooth,234,100,62
1788429445.041474,iOS Bluetooth,219,3,0
1788429445.041474,iOS Bluetooth,219,0,0
1788429445.041474,iOS Bluetooth,236,32,63
1788429445.041474,iOS Bluetooth,220,40,0
1788429445.041474,iOS Bluetooth,220,0,0
1788429445.041474,iOS Bluetooth,220,0,0
1788429445.041474,iOS Bluetooth,220,0,0
1788429445.041474,iOS Bluetooth,220,0,0
1788429445.041474,iOS Bluetooth,210,70,0
1788429445.041474,iOS Bluetooth,210,0,0
1788429445.056500,iOS Bluetooth,227,26,65
1788429445.056500,iOS Bluetooth,211,8,0
1788429445.056500,iOS Bluetooth,211,0,0
1788429445.056500,iOS Bluetooth,228,122,63
1788429445.056500,iOS Bluetooth,228,0,0
1788429445.056500,iOS Bluetooth,228,0,66
1788429445.056500,iOS Bluetooth,228,96,62
1788429445.079418,iOS Bluetooth,214,50,0
1788429445.079418,iOS Bluetooth,214,0,0
1788429445.079418,iOS Bluetooth,231,44,63
1788429445.079418,iOS Bluetooth,231,0,0
1788429445.079418,iOS Bluetooth,231,0,0
1788429445.079418,iOS Bluetooth,231,0,0
1788429445.079418,iOS Bluetooth,216,16,0
1788429445.079418,iOS Bluetooth,216,0,0
1788429445.093768,iOS Bluetooth,233,20,65
1788429445.093768,iOS Bluetooth,217,53,0
1788429445.093768,iOS Bluetooth,217,0,0
1788429445.093768,iOS Bluetooth,217,0,0
1788429445.093768,iOS Bluetooth,217,0,0
1788429445.093768,iOS Bluetooth,217,0,0
1788429445.093768,iOS Bluetooth,217,0,0
1788429445.093768,iOS Bluetooth,217,0,0
1788429445.093768,iOS Bluetooth,217,0,0
1788429445.093768,iOS Bluetooth,235,94,62
1788429445.108629,iOS Bluetooth,219,1,0
1788429445.108629,iOS Bluetooth,219,0,0
1788429445.108629,iOS Bluetooth,236,51,63
1788429445.108629,iOS Bluetooth,236,0,0
1788429445.108629,iOS Bluetooth,236,0,0
1788429445.108629,iOS Bluetooth,236,0,0
1788429445.124067,iOS Bluetooth,210,59,0
1788429445.124067,iOS Bluetooth,210,0,0
1788429445.124067,iOS Bluetooth,227,17,65
1788429445.124067,iOS Bluetooth,211,5,0
1788429445.124067,iOS Bluetooth,211,0,0
1788429445.124067,iOS Bluetooth,211,0,0
1788429445.124067,iOS Bluetooth,211,0,0
1788429445.124067,iOS Bluetooth,211,0,0
1788429445.124067,iOS Bluetooth,211,0,0
1788429445.124067,iOS Bluetooth,211,0,0
1788429445.124067,iOS Bluetooth,211,0,0
1788429445.138799,iOS Bluetooth,230,92,62
1788429445.138799,iOS Bluetooth,214,48,0
1788429445.138799,iOS Bluetooth,214,0,0
1788429445.138799,iOS Bluetooth,231,65,63
1788429445.138799,iOS Bluetooth,215,17,0
1788429445.138799,iOS Bluetooth,215,0,0
1788429445.138799,iOS Bluetooth,232,126,64
1788429445.153814,iOS Bluetooth,216,21,0
1788429445.153814,iOS Bluetooth,216,0,0
1788429445.153814,iOS Bluetooth,233,10,65
1788429445.153814,iOS Bluetooth,217,57,0
1788429445.153814,iOS Bluetooth,217,0,0
1788429445.153814,iOS Bluetooth,234,85,63
1788429445.153814,iOS Bluetooth,218,80,0
1788429445.153814,iOS Bluetooth,218,0,0
1788429445.168960,iOS Bluetooth,235,92,62
1788429445.168960,iOS Bluetooth,219,0,0
1788429445.168960,iOS Bluetooth,219,0,0
1788429445.168960,iOS Bluetooth,236,74,63
1788429445.168960,iOS Bluetooth,220,75,0
1788429445.168960,iOS Bluetooth,220,0,0
1788429445.168960,iOS Bluetooth,226,3,65
1788429445.183678,iOS Bluetooth,210,51,0
1788429445.183678,iOS Bluetooth,210,0,0
1788429445.183678,iOS Bluetooth,227,5,65
1788429445.183678,iOS Bluetooth,211,2,0
1788429445.183678,iOS Bluetooth,211,0,0
1788429445.183678,iOS Bluetooth,228,75,63
1788429445.183678,iOS Bluetooth,228,0,0
1788429445.206762,iOS Bluetooth,214,46,0
1788429445.206762,iOS Bluetooth,214,0,0
1788429445.206762,iOS Bluetooth,231,89,63
1788429445.206762,iOS Bluetooth,215,9,0
1788429445.206762,iOS Bluetooth,215,0,0
1788429445.206762,iOS Bluetooth,232,11,65
1788429445.206762,iOS Bluetooth,232,0,0
1788429445.221480,iOS Bluetooth,233,124,64
1788429445.221480,iOS Bluetooth,217,61,0
1788429445.221480,iOS Bluetooth,217,0,0
1788429445.221480,iOS Bluetooth,234,63,63
1788429445.221480,iOS Bluetooth,218,71,0
1788429445.221480,iOS Bluetooth,218,0,0
1788429445.228732,iOS Bluetooth,220,83,0
1788429445.228732,iOS Bluetooth,220,0,0
1788429445.243816,iOS Bluetooth,226,16,65
1788429445.243816,iOS Bluetooth,210,44,0
1788429445.243816,iOS Bluetooth,210,0,0
1788429445.243816,iOS Bluetooth,227,120,64
1788429445.243816,iOS Bluetooth,227,0,0
1788429445.243816,iOS Bluetooth,227,0,122
1788429445.243816,iOS Bluetooth,227,55,63
1788429445.258825,iOS Bluetooth,212,65,0
1788429445.258825,iOS Bluetooth,212,0,0
1788429445.258825,iOS Bluetooth,230,94,62
1788429445.258825,iOS Bluetooth,214,44,0
1788429445.258825,iOS Bluetooth,214,0,0
1788429445.258825,iOS Bluetooth,214,0,0
1788429445.258825,iOS Bluetooth,214,0,0
1788429445.258825,iOS Bluetooth,214,0,0
1788429445.258825,iOS Bluetooth,215,4,0
1788429445.258825,iOS Bluetooth,215,0,0
1788429445.273899,iOS Bluetooth,232,22,65
1788429445.273899,iOS Bluetooth,216,28,0
1788429445.273899,iOS Bluetooth,216,0,0
1788429445.273899,iOS Bluetooth,216,0,0
1788429445.273899,iOS Bluetooth,216,0,0
1788429445.273899,iOS Bluetooth,216,0,0
1788429445.273899,iOS Bluetooth,216,0,0
1788429445.273899,iOS Bluetooth,216,0,0
1788429445.273899,iOS Bluetooth,216,0,0
1788429445.273899,iOS Bluetooth,234,46,63
1788429445.288746,iOS Bluetooth,218,52,0
1788429445.288746,iOS Bluetooth,218,0,0
1788429445.288746,iOS Bluetooth,235,95,62
1788429445.288746,iOS Bluetooth,235,0,0
1788429445.288746,iOS Bluetooth,235,0,0
1788429445.288746,iOS Bluetooth,235,0,0
1788429445.288746,iOS Bluetooth,220,91,0
1788429445.288746,iOS Bluetooth,220,0,0
1788429445.304421,iOS Bluetooth,226,25,65
1788429445.304421,iOS Bluetooth,210,37,0
1788429445.304421,iOS Bluetooth,210,0,0
1788429445.304421,iOS Bluetooth,210,0,0
1788429445.304421,iOS Bluetooth,210,0,0
1788429445.304421,iOS Bluetooth,210,0,0
1788429445.304421,iOS Bluetooth,210,0,0
1788429445.304421,iOS Bluetooth,210,0,0
1788429445.304421,iOS Bluetooth,210,0,0
1788429445.326925,iOS Bluetooth,212,61,0
1788429445.326925,iOS Bluetooth,212,0,0
1788429445.326925,iOS Bluetooth,230,99,62
1788429445.326925,iOS Bluetooth,214,42,0
1788429445.326925,iOS Bluetooth,214,0,0
1788429445.326925,iOS Bluetooth,214,0,0
1788429445.326925,iOS Bluetooth,214,0,0
1788429445.326925,iOS Bluetooth,214,0,0
1788429445.326925,iOS Bluetooth,214,0,0
1788429445.326925,iOS Bluetooth,214,0,0
1788429445.326925,iOS Bluetooth,214,0,0
1788429445.341351,iOS Bluetooth,232,30,65
1788429445.341351,iOS Bluetooth,216,32,0
1788429445.341351,iOS Bluetooth,216,0,0
1788429445.341351,iOS Bluetooth,233,93,64
1788429445.341351,iOS Bluetooth,217,71,0
1788429445.341351,iOS Bluetooth,217,0,0
1788429445.341351,iOS Bluetooth,234,27,63
1788429445.356394,iOS Bluetooth,218,36,0
1788429445.356394,iOS Bluetooth,218,0,0
1788429445.356394,iOS Bluetooth,235,101,62
1788429445.356394,iOS Bluetooth,219,4,0
1788429445.356394,iOS Bluetooth,219,0,0
1788429445.356394,iOS Bluetooth,236,8,64
1788429445.356394,iOS Bluetooth,220,99,0
1788429445.356394,iOS Bluetooth,220,0,0
1788429445.373550,iOS Bluetooth,226,32,65
1788429445.373550,iOS Bluetooth,210,31,0
1788429445.373550,iOS Bluetooth,210,0,0
1788429445.373550,iOS Bluetooth,227,84,64
1788429445.373550,iOS Bluetooth,211,2,0
1788429445.373550,iOS Bluetooth,211,0,0
1788429445.373550,iOS Bluetooth,228,19,63
1788429445.388450,iOS Bluetooth,212,58,0
1788429445.388450,iOS Bluetooth,212,0,0
1788429445.388450,iOS Bluetooth,230,106,62
1788429445.388450,iOS Bluetooth,214,39,0
1788429445.388450,iOS Bluetooth,214,0,0
1788429445.388450,iOS Bluetooth,231,16,64
1788429445.388450,iOS Bluetooth,231,0,0
1788429445.403488,iOS Bluetooth,216,36,0
1788429445.403488,iOS Bluetooth,216,0,0
1788429445.403488,iOS Bluetooth,233,74,64
1788429445.403488,iOS Bluetooth,210,0,0
1788429445.403488,iOS Bluetooth,210,0,0
1788429445.403488,iOS Bluetooth,130,57,64
1788429445.403488,iOS Bluetooth,237,0,64
1788429445.403488,iOS Bluetooth,157,57,96
1788429445.403488,iOS Bluetooth,217,79,0
1788429445.403488,iOS Bluetooth,217,0,0
1788429445.403488,iOS Bluetooth,234,11,63
1788429445.417541,iOS Bluetooth,235,110,62
1788429445.417541,iOS Bluetooth,219,8,0
1788429445.417541,iOS Bluetooth,219,0,0
1788429445.425621,iOS Bluetooth,236,30,64
1788429445.425621,iOS Bluetooth,220,106,0
1788429445.425621,iOS Bluetooth,220,0,0
1788429445.425621,iOS Bluetooth,220,0,0
1788429445.425621,iOS Bluetooth,220,0,0
1788429445.425621,iOS Bluetooth,220,0,0
1788429445.425621,iOS Bluetooth,221,25,0
1788429445.425621,iOS Bluetooth,221,0,0
1788429445.446629,iOS Bluetooth,226,34,65
1788429445.446629,iOS Bluetooth,227,63,64
1788429445.446629,iOS Bluetooth,211,6,0
1788429445.446629,iOS Bluetooth,211,0,0
1788429445.446629,iOS Bluetooth,211,0,0
1788429445.446629,iOS Bluetooth,211,0,0
1788429445.446629,iOS Bluetooth,211,0,0
1788429445.446629,iOS Bluetooth,212,56,0
1788429445.446629,iOS Bluetooth,212,0,0
1788429445.461549,iOS Bluetooth,230,118,62
1788429445.461549,iOS Bluetooth,214,37,0
1788429445.461549,iOS Bluetooth,214,0,0
1788429445.461549,iOS Bluetooth,231,40,64
1788429445.461549,iOS Bluetooth,231,0,0
1788429445.461549,iOS Bluetooth,231,0,82
1788429445.461549,iOS Bluetooth,231,37,65
1788429445.476432,iOS Bluetooth,216,41,0
1788429445.476432,iOS Bluetooth,216,0,0
1788429445.476432,iOS Bluetooth,233,51,64
1788429445.476432,iOS Bluetooth,233,0,0
1788429445.476432,iOS Bluetooth,233,0,0
1788429445.476432,iOS Bluetooth,233,0,0
1788429445.476432,iOS Bluetooth,218,15,0
1788429445.476432,iOS Bluetooth,218,0,0
1788429445.491473,iOS Bluetooth,235,123,62
1788429445.491473,iOS Bluetooth,219,15,0
1788429445.491473,iOS Bluetooth,219,0,0
1788429445.491473,iOS Bluetooth,219,0,0
1788429445.491473,iOS Bluetooth,219,0,0
1788429445.491473,iOS Bluetooth,219,0,0
1788429445.491473,iOS Bluetooth,219,0,0
1788429445.491473,iOS Bluetooth,219,0,0
1788429445.491473,iOS Bluetooth,219,0,0
1788429445.491473,iOS Bluetooth,237,37,65
1788429445.508339,iOS Bluetooth,221,19,0
1788429445.508339,iOS Bluetooth,221,0,0
1788429445.508339,iOS Bluetooth,227,39,64
1788429445.508339,iOS Bluetooth,227,0,0
1788429445.508339,iOS Bluetooth,227,0,0
1788429445.508339,iOS Bluetooth,227,0,0
1788429445.522488,iOS Bluetooth,212,54,0
1788429445.522488,iOS Bluetooth,212,0,0
1788429445.522488,iOS Bluetooth,230,4,63
1788429445.522488,iOS Bluetooth,214,34,0
1788429445.522488,iOS Bluetooth,214,0,0
1788429445.522488,iOS Bluetooth,231,66,64
1788429445.522488,iOS Bluetooth,215,5,0
1788429445.522488,iOS Bluetooth,215,0,0
1788429445.538420,iOS Bluetooth,232,35,65
1788429445.538420,iOS Bluetooth,216,44,0
1788429445.538420,iOS Bluetooth,216,0,0
1788429445.538420,iOS Bluetooth,233,26,64
1788429445.538420,iOS Bluetooth,217,66,0
1788429445.538420,iOS Bluetooth,217,0,0
1788429445.538420,iOS Bluetooth,234,111,62
1788429445.552497,iOS Bluetooth,218,9,0
1788429445.552497,iOS Bluetooth,218,0,0
1788429445.552497,iOS Bluetooth,235,9,63
1788429445.552497,iOS Bluetooth,219,24,0
1788429445.552497,iOS Bluetooth,219,0,0
1788429445.552497,iOS Bluetooth,236,75,64
1788429445.552497,iOS Bluetooth,220,86,0
1788429445.552497,iOS Bluetooth,220,0,0
1788429445.573754,iOS Bluetooth,237,34,65
1788429445.573754,iOS Bluetooth,221,14,0
1788429445.573754,iOS Bluetooth,221,0,0
1788429445.573754,iOS Bluetooth,227,14,64
1788429445.573754,iOS Bluetooth,211,17,0
1788429445.573754,iOS Bluetooth,211,0,0
1788429445.573754,iOS Bluetooth,228,106,62
1788429445.588490,iOS Bluetooth,212,52,0
1788429445.588490,iOS Bluetooth,212,0,0
1788429445.588490,iOS Bluetooth,230,19,63
1788429445.588490,iOS Bluetooth,214,30,0
1788429445.588490,iOS Bluetooth,214,0,0
1788429445.588490,iOS Bluetooth,231,87,64
1788429445.588490,iOS Bluetooth,231,0,0
1788429445.604517,iOS Bluetooth,232,31,65
1788429445.604517,iOS Bluetooth,216,48,0
1788429445.604517,iOS Bluetooth,216,0,0
1788429445.604517,iOS Bluetooth,176,118,26
1788429445.604517,iOS Bluetooth,233,4,64
1788429445.604517,iOS Bluetooth,217,50,0
1788429445.604517,iOS Bluetooth,217,0,0
1788429445.604517,iOS Bluetooth,217,0,0
1788429445.604517,iOS Bluetooth,217,0,0
1788429445.604517,iOS Bluetooth,217,0,0
1788429445.619330,iOS Bluetooth,218,4,0
1788429445.619330,iOS Bluetooth,218,0,0
1788429445.619330,iOS Bluetooth,235,26,63
1788429445.619330,iOS Bluetooth,219,36,0
1788429445.619330,iOS Bluetooth,219,0,0
1788429445.619330,iOS Bluetooth,236,94,64
1788429445.634318,iOS Bluetooth,237,29,65
1788429445.642237,iOS Bluetooth,221,9,0
1788429445.642237,iOS Bluetooth,221,0,0
1788429445.642237,iOS Bluetooth,227,126,63
1788429445.642237,iOS Bluetooth,211,22,0
1788429445.642237,iOS Bluetooth,211,0,0
1788429445.642237,iOS Bluetooth,211,0,0
1788429445.642237,iOS Bluetooth,211,0,0
1788429445.642237,iOS Bluetooth,211,0,0
1788429445.642237,iOS Bluetooth,212,50,0
1788429445.642237,iOS Bluetooth,212,0,0
1788429445.656404,iOS Bluetooth,230,39,63
1788429445.656404,iOS Bluetooth,214,27,0
1788429445.656404,iOS Bluetooth,214,0,0
1788429445.656404,iOS Bluetooth,231,105,64
1788429445.656404,iOS Bluetooth,231,0,0
1788429445.656404,iOS Bluetooth,231,0,26
1788429445.656404,iOS Bluetooth,231,24,65
1788429445.679301,iOS Bluetooth,216,52,0
1788429445.679301,iOS Bluetooth,216,0,0
1788429445.679301,iOS Bluetooth,233,114,63
1788429445.679301,iOS Bluetooth,233,0,0
1788429445.679301,iOS Bluetooth,233,0,0
1788429445.679301,iOS Bluetooth,233,0,0
1788429445.679301,iOS Bluetooth,218,2,0
1788429445.679301,iOS Bluetooth,218,0,0
1788429445.694475,iOS Bluetooth,235,46,63
1788429445.694475,iOS Bluetooth,219,53,0
1788429445.694475,iOS Bluetooth,219,0,0
1788429445.694475,iOS Bluetooth,219,0,0
1788429445.694475,iOS Bluetooth,219,0,0
1788429445.694475,iOS Bluetooth,219,0,0
1788429445.694475,iOS Bluetooth,219,0,0
1788429445.694475,iOS Bluetooth,219,0,0
1788429445.694475,iOS Bluetooth,219,0,0
1788429445.694475,iOS Bluetooth,237,20,65
1788429445.709364,iOS Bluetooth,221,5,0
1788429445.709364,iOS Bluetooth,221,0,0
1788429445.709364,iOS Bluetooth,227,106,63
1788429445.709364,iOS Bluetooth,227,0,0
1788429445.709364,iOS Bluetooth,227,0,0
1788429445.709364,iOS Bluetooth,227,0,0
1788429445.722833,iOS Bluetooth,212,49,0
1788429445.722833,iOS Bluetooth,212,0,0
1788429445.722833,iOS Bluetooth,230,59,63
1788429445.722833,iOS Bluetooth,214,21,0
1788429445.722833,iOS Bluetooth,214,0,0
1788429445.722833,iOS Bluetooth,214,0,0
1788429445.722833,iOS Bluetooth,214,0,0
1788429445.722833,iOS Bluetooth,214,0,0
1788429445.722833,iOS Bluetooth,214,0,0
1788429445.722833,iOS Bluetooth,214,0,0
1788429445.722833,iOS Bluetooth,214,0,0
1788429445.739552,iOS Bluetooth,232,13,65
1788429445.739552,iOS Bluetooth,216,56,0
1788429445.739552,iOS Bluetooth,216,0,0
1788429445.739552,iOS Bluetooth,233,93,63
1788429445.739552,iOS Bluetooth,217,31,0
1788429445.739552,iOS Bluetooth,217,0,0
1788429445.739552,iOS Bluetooth,234,92,62
1788429445.754402,iOS Bluetooth,218,0,0
1788429445.754402,iOS Bluetooth,218,0,0
1788429445.754402,iOS Bluetooth,235,69,63
1788429445.754402,iOS Bluetooth,219,73,0
1788429445.754402,iOS Bluetooth,219,0,0
1788429445.754402,iOS Bluetooth,236,0,65
1788429445.754402,iOS Bluetooth,220,54,0
1788429445.754402,iOS Bluetooth,220,0,0
1788429445.768927,iOS Bluetooth,237,8,65
1788429445.768927,iOS Bluetooth,221,3,0
1788429445.768927,iOS Bluetooth,221,0,0
1788429445.768927,iOS Bluetooth,227,80,63
1788429445.768927,iOS Bluetooth,211,55,0
1788429445.768927,iOS Bluetooth,211,0,0
1788429445.768927,iOS Bluetooth,228,91,62
1788429445.791534,iOS Bluetooth,212,47,0
1788429445.791534,iOS Bluetooth,212,0,0
1788429445.791534,iOS Bluetooth,230,83,63
1788429445.791534,iOS Bluetooth,214,11,0
1788429445.791534,iOS Bluetooth,214,0,0
1788429445.791534,iOS Bluetooth,231,8,65
1788429445.791534,iOS Bluetooth,231,0,0
1788429445.806555,iOS Bluetooth,232,0,65
1788429445.806555,iOS Bluetooth,216,60,0
1788429445.806555,iOS Bluetooth,216,0,0
1788429445.806555,iOS Bluetooth,233,67,63
1788429445.806555,iOS Bluetooth,217,23,0
1788429445.806555,iOS Bluetooth,217,0,0
1788429445.806555,iOS Bluetooth,217,0,0
1788429445.806555,iOS Bluetooth,217,0,0
1788429445.806555,iOS Bluetooth,217,0,0
1788429445.821555,iOS Bluetooth,219,81,0
1788429445.821555,iOS Bluetooth,219,0,0
1788429445.821555,iOS Bluetooth,236,11,65
1788429445.821555,iOS Bluetooth,220,46,0
1788429445.821555,iOS Bluetooth,220,0,0
1788429445.821555,iOS Bluetooth,237,124,64
1788429445.828740,iOS Bluetooth,227,61,63
1788429445.843637,iOS Bluetooth,211,66,0
1788429445.843637,iOS Bluetooth,211,0,0
1788429445.843637,iOS Bluetooth,228,93,62
1788429445.843637,iOS Bluetooth,212,45,0
1788429445.843637,iOS Bluetooth,212,0,0
1788429445.843637,iOS Bluetooth,212,0,0
1788429445.843637,iOS Bluetooth,212,0,0
1788429445.843637,iOS Bluetooth,212,0,0
1788429445.843637,iOS Bluetooth,214,5,0
1788429445.843637,iOS Bluetooth,214,0,0
1788429445.859224,iOS Bluetooth,231,20,65
1788429445.859224,iOS Bluetooth,215,27,0
1788429445.859224,iOS Bluetooth,215,0,0
1788429445.859224,iOS Bluetooth,232,115,64
1788429445.859224,iOS Bluetooth,232,0,0
1788429445.859224,iOS Bluetooth,232,0,98
1788429445.859224,iOS Bluetooth,232,48,63
1788429445.875347,iOS Bluetooth,217,14,0
1788429445.875347,iOS Bluetooth,217,0,0
1788429445.875347,iOS Bluetooth,234,95,62
1788429445.875347,iOS Bluetooth,234,0,0
1788429445.875347,iOS Bluetooth,234,0,0
1788429445.875347,iOS Bluetooth,234,0,0
1788429445.875347,iOS Bluetooth,219,89,0
1788429445.875347,iOS Bluetooth,219,0,0
1788429445.889425,iOS Bluetooth,236,23,65
1788429445.889425,iOS Bluetooth,220,39,0
1788429445.889425,iOS Bluetooth,220,0,0
1788429445.889425,iOS Bluetooth,220,0,0
1788429445.889425,iOS Bluetooth,220,0,0
1788429445.889425,iOS Bluetooth,220,0,0
1788429445.889425,iOS Bluetooth,220,0,0
1788429445.889425,iOS Bluetooth,220,0,0
1788429445.889425,iOS Bluetooth,220,0,0
1788429445.889425,iOS Bluetooth,227,41,63
1788429445.905608,iOS Bluetooth,211,61,0
1788429445.905608,iOS Bluetooth,211,0,0
1788429445.905608,iOS Bluetooth,228,97,62
1788429445.905608,iOS Bluetooth,228,0,0
1788429445.905608,iOS Bluetooth,228,0,0
1788429445.905608,iOS Bluetooth,228,0,0
1788429445.921960,iOS Bluetooth,214,0,0
1788429445.921960,iOS Bluetooth,214,0,0
1788429445.921960,iOS Bluetooth,231,28,65
1788429445.921960,iOS Bluetooth,215,31,0
1788429445.921960,iOS Bluetooth,215,0,0
1788429445.921960,iOS Bluetooth,215,0,0
1788429445.921960,iOS Bluetooth,215,0,0
1788429445.921960,iOS Bluetooth,215,0,0
1788429445.921960,iOS Bluetooth,215,0,0
1788429445.921960,iOS Bluetooth,215,0,0
1788429445.921960,iOS Bluetooth,215,0,0
1788429445.943377,iOS Bluetooth,233,27,63
1788429445.943377,iOS Bluetooth,217,6,0
1788429445.943377,iOS Bluetooth,217,0,0
1788429445.943377,iOS Bluetooth,234,100,62
1788429445.943377,iOS Bluetooth,218,4,0
1788429445.943377,iOS Bluetooth,218,0,0
1788429445.943377,iOS Bluetooth,235,3,64
1788429445.957510,iOS Bluetooth,219,98,0
1788429445.957510,iOS Bluetooth,219,0,0
1788429445.957510,iOS Bluetooth,236,30,65
1788429445.957510,iOS Bluetooth,220,31,0
1788429445.957510,iOS Bluetooth,220,0,0
1788429445.957510,iOS Bluetooth,237,89,64
1788429445.957510,iOS Bluetooth,221,1,0
1788429445.957510,iOS Bluetooth,221,0,0
1788429445.986681,iOS Bluetooth,227,21,63
1788429445.986681,iOS Bluetooth,211,58,0
1788429445.986681,iOS Bluetooth,211,0,0
1788429445.986681,iOS Bluetooth,228,105,62
1788429445.986681,iOS Bluetooth,212,40,0
1788429445.986681,iOS Bluetooth,212,0,0
1788429445.986681,iOS Bluetooth,230,10,64
1788429445.986977,iOS Bluetooth,231,34,65
1788429445.986977,iOS Bluetooth,215,35,0
1788429445.986977,iOS Bluetooth,215,0,0
1788429445.986977,iOS Bluetooth,232,77,64
1788429445.986977,iOS Bluetooth,216,77,0
1788429445.986977,iOS Bluetooth,216,0,0
1788429445.986977,iOS Bluetooth,216,0,0
1788429445.986977,iOS Bluetooth,216,0,0
1788429445.986977,iOS Bluetooth,216,0,0
1788429446.001501,iOS Bluetooth,217,2,0
1788429446.001501,iOS Bluetooth,217,0,0
1788429446.001501,iOS Bluetooth,234,109,62
1788429446.001501,iOS Bluetooth,211,0,0
1788429446.001501,iOS Bluetooth,211,0,0
1788429446.001501,iOS Bluetooth,131,60,64
1788429446.001501,iOS Bluetooth,238,0,64
1788429446.001501,iOS Bluetooth,158,60,96
1788429446.001501,iOS Bluetooth,218,8,0
1788429446.001501,iOS Bluetooth,218,0,0
1788429446.001501,iOS Bluetooth,235,25,64
1788429446.001501,iOS Bluetooth,235,0,0
1788429446.016354,iOS Bluetooth,236,35,65
1788429446.016354,iOS Bluetooth,220,26,0
1788429446.016354,iOS Bluetooth,220,0,0
1788429446.016354,iOS Bluetooth,237,68,64
1788429446.016354,iOS Bluetooth,221,5,0
1788429446.016354,iOS Bluetooth,221,0,0
1788429446.031494,iOS Bluetooth,222,56,0
1788429446.031494,iOS Bluetooth,222,0,0
1788429446.046282,iOS Bluetooth,227,13,63
1788429446.046282,iOS Bluetooth,228,116,62
1788429446.046282,iOS Bluetooth,212,37,0
1788429446.046282,iOS Bluetooth,212,0,0
1788429446.046282,iOS Bluetooth,212,0,0
1788429446.046282,iOS Bluetooth,212,0,0
1788429446.046282,iOS Bluetooth,212,0,0
1788429446.046282,iOS Bluetooth,214,1,0
1788429446.046282,iOS Bluetooth,214,0,0
1788429446.063431,iOS Bluetooth,231,36,65
1788429446.063431,iOS Bluetooth,215,40,0
1788429446.063431,iOS Bluetooth,215,0,0
1788429446.063431,iOS Bluetooth,232,56,64
1788429446.063431,iOS Bluetooth,232,0,0
1788429446.063431,iOS Bluetooth,232,0,42
1788429446.063431,iOS Bluetooth,232,124,62
1788429446.076531,iOS Bluetooth,217,0,0
1788429446.076531,iOS Bluetooth,217,0,0
1788429446.076531,iOS Bluetooth,234,122,62
1788429446.076531,iOS Bluetooth,234,0,0
1788429446.076531,iOS Bluetooth,234,0,0
1788429446.076531,iOS Bluetooth,234,0,0
1788429446.076531,iOS Bluetooth,219,103,0
1788429446.076531,iOS Bluetooth,219,0,0
1788429446.091519,iOS Bluetooth,236,37,65
1788429446.091519,iOS Bluetooth,220,20,0
1788429446.091519,iOS Bluetooth,220,0,0
1788429446.091519,iOS Bluetooth,220,0,0
1788429446.091519,iOS Bluetooth,220,0,0
1788429446.091519,iOS Bluetooth,220,0,0
1788429446.091519,iOS Bluetooth,220,0,0
1788429446.091519,iOS Bluetooth,220,0,0
1788429446.091519,iOS Bluetooth,220,0,0
1788429446.091519,iOS Bluetooth,238,120,62
1788429446.106259,iOS Bluetooth,222,54,0
1788429446.106259,iOS Bluetooth,222,0,0
1788429446.106259,iOS Bluetooth,228,0,63
1788429446.106259,iOS Bluetooth,228,0,0
1788429446.106259,iOS Bluetooth,228,0,0
1788429446.106259,iOS Bluetooth,228,0,0
1788429446.121720,iOS Bluetooth,214,5,0
1788429446.121720,iOS Bluetooth,214,0,0
1788429446.121720,iOS Bluetooth,215,43,0
1788429446.121720,iOS Bluetooth,215,0,0
1788429446.121720,iOS Bluetooth,232,34,64
1788429446.121720,iOS Bluetooth,232,0,0
1788429446.121720,iOS Bluetooth,232,0,0
1788429446.121720,iOS Bluetooth,232,0,0
1788429446.136610,iOS Bluetooth,234,7,63
1788429446.136610,iOS Bluetooth,218,21,0
1788429446.136610,iOS Bluetooth,218,0,0
1788429446.136610,iOS Bluetooth,235,70,64
1788429446.136610,iOS Bluetooth,219,89,0
1788429446.136610,iOS Bluetooth,219,0,0
1788429446.136610,iOS Bluetooth,236,35,65
1788429446.158726,iOS Bluetooth,220,15,0
1788429446.158726,iOS Bluetooth,220,0,0
1788429446.158726,iOS Bluetooth,237,22,64
1788429446.158726,iOS Bluetooth,221,16,0
1788429446.158726,iOS Bluetooth,221,0,0
1788429446.158726,iOS Bluetooth,238,108,62
1788429446.158726,iOS Bluetooth,222,53,0
1788429446.158726,iOS Bluetooth,222,0,0
1788429446.173825,iOS Bluetooth,228,15,63
1788429446.173825,iOS Bluetooth,212,31,0
1788429446.173825,iOS Bluetooth,212,0,0
1788429446.173825,iOS Bluetooth,230,82,64
1788429446.173825,iOS Bluetooth,214,9,0
1788429446.173825,iOS Bluetooth,214,0,0
1788429446.173825,iOS Bluetooth,231,33,65
1788429446.188590,iOS Bluetooth,215,47,0
1788429446.188590,iOS Bluetooth,215,0,0
1788429446.188590,iOS Bluetooth,232,12,64
1788429446.188590,iOS Bluetooth,216,54,0
1788429446.188590,iOS Bluetooth,216,0,0
1788429446.188590,iOS Bluetooth,233,103,62
1788429446.188590,iOS Bluetooth,233,0,0
1788429446.204336,iOS Bluetooth,234,23,63
1788429446.204336,iOS Bluetooth,218,31,0
1788429446.204336,iOS Bluetooth,218,0,0
1788429446.204336,iOS Bluetooth,235,89,64
1788429446.204336,iOS Bluetooth,219,77,0
1788429446.204336,iOS Bluetooth,219,0,0
1788429446.211392,iOS Bluetooth,220,11,0
1788429446.211392,iOS Bluetooth,220,0,0
1788429446.211392,iOS Bluetooth,237,3,64
1788429446.226438,iOS Bluetooth,221,19,0
1788429446.226438,iOS Bluetooth,221,0,0
1788429446.226438,iOS Bluetooth,238,100,62
1788429446.226438,iOS Bluetooth,238,0,0
1788429446.226438,iOS Bluetooth,238,0,82
1788429446.226438,iOS Bluetooth,238,32,63
1788429446.241303,iOS Bluetooth,212,28,0
1788429446.241303,iOS Bluetooth,212,0,0
1788429446.241303,iOS Bluetooth,230,101,64
1788429446.241303,iOS Bluetooth,214,13,0
1788429446.241303,iOS Bluetooth,214,0,0
1788429446.241303,iOS Bluetooth,214,0,0
1788429446.241303,iOS Bluetooth,214,0,0
1788429446.241303,iOS Bluetooth,214,0,0
1788429446.241303,iOS Bluetooth,215,51,0
1788429446.241303,iOS Bluetooth,215,0,0
1788429446.256314,iOS Bluetooth,232,119,63
1788429446.256314,iOS Bluetooth,216,41,0
1788429446.256314,iOS Bluetooth,216,0,0
1788429446.256314,iOS Bluetooth,233,96,62
1788429446.256314,iOS Bluetooth,233,0,0
1788429446.256314,iOS Bluetooth,233,0,114
1788429446.256314,iOS Bluetooth,233,42,63
1788429446.279611,iOS Bluetooth,218,48,0
1788429446.279611,iOS Bluetooth,218,0,0
1788429446.279611,iOS Bluetooth,235,107,64
1788429446.279611,iOS Bluetooth,235,0,0
1788429446.279611,iOS Bluetooth,235,0,0
1788429446.279611,iOS Bluetooth,235,0,0
1788429446.279611,iOS Bluetooth,220,7,0
1788429446.279611,iOS Bluetooth,220,0,0
1788429446.294592,iOS Bluetooth,237,112,63
1788429446.294592,iOS Bluetooth,221,34,0
1788429446.294592,iOS Bluetooth,221,0,0
1788429446.294592,iOS Bluetooth,221,0,0
1788429446.294592,iOS Bluetooth,221,0,0
1788429446.294592,iOS Bluetooth,221,0,0
1788429446.294592,iOS Bluetooth,221,0,0
1788429446.294592,iOS Bluetooth,221,0,0
1788429446.294592,iOS Bluetooth,221,0,0
1788429446.294592,iOS Bluetooth,228,51,63
1788429446.309358,iOS Bluetooth,212,24,0
1788429446.309358,iOS Bluetooth,212,0,0
1788429446.309358,iOS Bluetooth,230,117,64
1788429446.309358,iOS Bluetooth,230,0,0
1788429446.309358,iOS Bluetooth,230,0,0
1788429446.309358,iOS Bluetooth,230,0,0
1788429446.324463,iOS Bluetooth,215,55,0
1788429446.324463,iOS Bluetooth,215,0,0
1788429446.324463,iOS Bluetooth,232,98,63
1788429446.324463,iOS Bluetooth,216,34,0
1788429446.324463,iOS Bluetooth,216,0,0
1788429446.324463,iOS Bluetooth,216,0,0
1788429446.324463,iOS Bluetooth,216,0,0
1788429446.324463,iOS Bluetooth,216,0,0
1788429446.324463,iOS Bluetooth,216,0,0
1788429446.324463,iOS Bluetooth,216,0,0
1788429446.324463,iOS Bluetooth,216,0,0
1788429446.339535,iOS Bluetooth,234,64,63
1788429446.339535,iOS Bluetooth,218,68,0
1788429446.339535,iOS Bluetooth,218,0,0
1788429446.339535,iOS Bluetooth,235,123,64
1788429446.339535,iOS Bluetooth,219,56,0
1788429446.339535,iOS Bluetooth,219,0,0
1788429446.339535,iOS Bluetooth,236,13,65
1788429446.354412,iOS Bluetooth,220,3,0
1788429446.354412,iOS Bluetooth,220,0,0
1788429446.354412,iOS Bluetooth,237,89,63
1788429446.354412,iOS Bluetooth,221,52,0
1788429446.354412,iOS Bluetooth,221,0,0
1788429446.354412,iOS Bluetooth,238,92,62
1788429446.354412,iOS Bluetooth,222,47,0
1788429446.354412,iOS Bluetooth,222,0,0
1788429446.368990,iOS Bluetooth,228,77,63
1788429446.368990,iOS Bluetooth,212,14,0
1788429446.368990,iOS Bluetooth,212,0,0
1788429446.368990,iOS Bluetooth,230,5,65
1788429446.368990,iOS Bluetooth,214,22,0
1788429446.368990,iOS Bluetooth,214,0,0
1788429446.368990,iOS Bluetooth,231,5,65
1788429446.383633,iOS Bluetooth,215,59,0
1788429446.383633,iOS Bluetooth,215,0,0
1788429446.383633,iOS Bluetooth,232,76,63
1788429446.383633,iOS Bluetooth,216,25,0
1788429446.383633,iOS Bluetooth,216,0,0
1788429446.383633,iOS Bluetooth,217,11,0
1788429446.383633,iOS Bluetooth,217,0,0
1788429446.383633,iOS Bluetooth,217,0,0
1788429446.383633,iOS Bluetooth,217,0,0
1788429446.383633,iOS Bluetooth,217,0,0
1788429446.398945,iOS Bluetooth,218,78,0
1788429446.398945,iOS Bluetooth,218,0,0
1788429446.398945,iOS Bluetooth,235,8,65
1788429446.398945,iOS Bluetooth,219,48,0
1788429446.398945,iOS Bluetooth,219,0,0
1788429446.398945,iOS Bluetooth,236,0,65
1788429446.413783,iOS Bluetooth,237,66,63
1788429446.413783,iOS Bluetooth,221,64,0
1788429446.413783,iOS Bluetooth,221,0,0
1788429446.428925,iOS Bluetooth,222,45,0
1788429446.428925,iOS Bluetooth,222,0,0
1788429446.428925,iOS Bluetooth,228,98,63
1788429446.428925,iOS Bluetooth,228,0,0
1788429446.428925,iOS Bluetooth,228,0,26
1788429446.428925,iOS Bluetooth,228,16,65
1788429446.443732,iOS Bluetooth,214,26,0
1788429446.443732,iOS Bluetooth,214,0,0
1788429446.443732,iOS Bluetooth,231,119,64
1788429446.443732,iOS Bluetooth,215,62,0
1788429446.443732,iOS Bluetooth,215,0,0
1788429446.443732,iOS Bluetooth,215,0,0
1788429446.443732,iOS Bluetooth,215,0,0
1788429446.443732,iOS Bluetooth,215,0,0
1788429446.443732,iOS Bluetooth,216,18,0
1788429446.443732,iOS Bluetooth,216,0,0
1788429446.458627,iOS Bluetooth,233,94,62
1788429446.458627,iOS Bluetooth,217,16,0
1788429446.458627,iOS Bluetooth,217,0,0
1788429446.458627,iOS Bluetooth,234,104,63
1788429446.458627,iOS Bluetooth,234,0,0
1788429446.458627,iOS Bluetooth,234,0,58
1788429446.458627,iOS Bluetooth,234,20,65
1788429446.473772,iOS Bluetooth,219,40,0
1788429446.473772,iOS Bluetooth,219,0,0
1788429446.473772,iOS Bluetooth,236,113,64
1788429446.473772,iOS Bluetooth,236,0,0
1788429446.473772,iOS Bluetooth,236,0,0
1788429446.473772,iOS Bluetooth,236,0,0
1788429446.473772,iOS Bluetooth,221,63,0
1788429446.473772,iOS Bluetooth,221,0,0
1788429446.488996,iOS Bluetooth,238,96,62
1788429446.488996,iOS Bluetooth,222,43,0
1788429446.488996,iOS Bluetooth,222,0,0
1788429446.488996,iOS Bluetooth,222,0,0
1788429446.488996,iOS Bluetooth,222,0,0
1788429446.488996,iOS Bluetooth,222,0,0
1788429446.488996,iOS Bluetooth,222,0,0
1788429446.488996,iOS Bluetooth,222,0,0
1788429446.488996,iOS Bluetooth,222,0,0
1788429446.488996,iOS Bluetooth,230,25,65
1788429446.504553,iOS Bluetooth,214,30,0
1788429446.504553,iOS Bluetooth,214,0,0
1788429446.504553,iOS Bluetooth,231,102,64
1788429446.504553,iOS Bluetooth,231,0,0
1788429446.504553,iOS Bluetooth,231,0,0
1788429446.504553,iOS Bluetooth,231,0,0
1788429446.526620,iOS Bluetooth,216,8,0
1788429446.526620,iOS Bluetooth,216,0,0
1788429446.526620,iOS Bluetooth,233,99,62
1788429446.526620,iOS Bluetooth,217,22,0
1788429446.526620,iOS Bluetooth,217,0,0
1788429446.526620,iOS Bluetooth,234,0,64
1788429446.526620,iOS Bluetooth,218,95,0
1788429446.526620,iOS Bluetooth,218,0,0
1788429446.541354,iOS Bluetooth,235,29,65
1788429446.541354,iOS Bluetooth,219,34,0
1788429446.541354,iOS Bluetooth,219,0,0
1788429446.541354,iOS Bluetooth,236,96,64
1788429446.541354,iOS Bluetooth,220,1,0
1788429446.541354,iOS Bluetooth,220,0,0
1788429446.541354,iOS Bluetooth,237,27,63
1788429446.558189,iOS Bluetooth,221,59,0
1788429446.558189,iOS Bluetooth,221,0,0
1788429446.558189,iOS Bluetooth,238,102,62
1788429446.558189,iOS Bluetooth,222,41,0
1788429446.558189,iOS Bluetooth,222,0,0
1788429446.558189,iOS Bluetooth,228,4,64
1788429446.558189,iOS Bluetooth,212,0,0
1788429446.558189,iOS Bluetooth,212,0,0
1788429446.572155,iOS Bluetooth,230,32,65
1788429446.572155,iOS Bluetooth,214,34,0
1788429446.572155,iOS Bluetooth,214,0,0
1788429446.572155,iOS Bluetooth,231,82,64
1788429446.572155,iOS Bluetooth,215,75,0
1788429446.572155,iOS Bluetooth,215,0,0
1788429446.572155,iOS Bluetooth,232,17,63
1788429446.588337,iOS Bluetooth,216,3,0
1788429446.588337,iOS Bluetooth,216,0,0
1788429446.588337,iOS Bluetooth,233,108,62
1788429446.588337,iOS Bluetooth,217,30,0
1788429446.588337,iOS Bluetooth,217,0,0
1788429446.588337,iOS Bluetooth,234,22,64
1788429446.588337,iOS Bluetooth,234,0,0
1788429446.603539,iOS Bluetooth,235,34,65
1788429446.603539,iOS Bluetooth,219,28,0
1788429446.603539,iOS Bluetooth,219,0,0
1788429446.603539,iOS Bluetooth,212,0,0
1788429446.603539,iOS Bluetooth,212,0,0
1788429446.603539,iOS Bluetooth,132,63,64
1788429446.603539,iOS Bluetooth,229,0,64
1788429446.603539,iOS Bluetooth,149,63,96
1788429446.603539,iOS Bluetooth,176,118,27
1788429446.603539,iOS Bluetooth,236,74,64
1788429446.603539,iOS Bluetooth,220,4,0
1788429446.603539,iOS Bluetooth,220,0,0
1788429446.617197,iOS Bluetooth,221,57,0
1788429446.617197,iOS Bluetooth,221,0,0
1788429446.628957,iOS Bluetooth,238,113,62
1788429446.628957,iOS Bluetooth,222,38,0
1788429446.628957,iOS Bluetooth,222,0,0
1788429446.628957,iOS Bluetooth,228,19,64
1788429446.628957,iOS Bluetooth,228,0,0
1788429446.628957,iOS Bluetooth,228,0,98
1788429446.628957,iOS Bluetooth,228,36,65
1788429446.646526,iOS Bluetooth,214,39,0
1788429446.646526,iOS Bluetooth,214,0,0
1788429446.646526,iOS Bluetooth,231,62,64
1788429446.646526,iOS Bluetooth,215,83,0
1788429446.646526,iOS Bluetooth,215,0,0
1788429446.646526,iOS Bluetooth,215,0,0
1788429446.646526,iOS Bluetooth,215,0,0
1788429446.646526,iOS Bluetooth,215,0,0
1788429446.646526,iOS Bluetooth,216,0,0
1788429446.646526,iOS Bluetooth,216,0,0
1788429446.661602,iOS Bluetooth,233,120,62
1788429446.661602,iOS Bluetooth,217,39,0
1788429446.661602,iOS Bluetooth,217,0,0
1788429446.661602,iOS Bluetooth,217,0,0
1788429446.661602,iOS Bluetooth,217,0,0
1788429446.661602,iOS Bluetooth,217,0,0
1788429446.661602,iOS Bluetooth,217,0,0
1788429446.661602,iOS Bluetooth,217,0,0
1788429446.661602,iOS Bluetooth,217,0,0
1788429446.661602,iOS Bluetooth,235,36,65
1788429446.676274,iOS Bluetooth,219,21,0
1788429446.676274,iOS Bluetooth,219,0,0
1788429446.676274,iOS Bluetooth,236,51,64
1788429446.676274,iOS Bluetooth,236,0,0
1788429446.676274,iOS Bluetooth,236,0,0
1788429446.676274,iOS Bluetooth,236,0,0
1788429446.676274,iOS Bluetooth,221,55,0
1788429446.676274,iOS Bluetooth,221,0,0
1788429446.692314,iOS Bluetooth,238,125,62
1788429446.692314,iOS Bluetooth,222,35,0
1788429446.692314,iOS Bluetooth,222,0,0
1788429446.692314,iOS Bluetooth,222,0,0
1788429446.692314,iOS Bluetooth,222,0,0
1788429446.692314,iOS Bluetooth,222,0,0
1788429446.692314,iOS Bluetooth,222,0,0
1788429446.692314,iOS Bluetooth,222,0,0
1788429446.692314,iOS Bluetooth,222,0,0
1788429446.692314,iOS Bluetooth,214,42,0
1788429446.692314,iOS Bluetooth,214,0,0
1788429446.707637,iOS Bluetooth,231,40,64
1788429446.707637,iOS Bluetooth,215,75,0
1788429446.707637,iOS Bluetooth,215,0,0
1788429446.707637,iOS Bluetooth,215,0,0
1788429446.707637,iOS Bluetooth,215,0,0
1788429446.707637,iOS Bluetooth,215,0,0
1788429446.707637,iOS Bluetooth,215,0,0
1788429446.707637,iOS Bluetooth,215,0,0
1788429446.707637,iOS Bluetooth,215,0,0
1788429446.722192,iOS Bluetooth,217,48,0
1788429446.722192,iOS Bluetooth,217,0,0
1788429446.722192,iOS Bluetooth,234,65,64
1788429446.722192,iOS Bluetooth,218,94,0
1788429446.722192,iOS Bluetooth,218,0,0
1788429446.722192,iOS Bluetooth,218,0,0
1788429446.722192,iOS Bluetooth,218,0,0
1788429446.722192,iOS Bluetooth,218,0,0
1788429446.722192,iOS Bluetooth,218,0,0
1788429446.722192,iOS Bluetooth,218,0,0
1788429446.722192,iOS Bluetooth,218,0,0
1788429446.738334,iOS Bluetooth,220,15,0
1788429446.738334,iOS Bluetooth,220,0,0
1788429446.738334,iOS Bluetooth,237,112,62
1788429446.738334,iOS Bluetooth,221,53,0
1788429446.738334,iOS Bluetooth,221,0,0
1788429446.738334,iOS Bluetooth,238,9,63
1788429446.738334,iOS Bluetooth,222,33,0
1788429446.738334,iOS Bluetooth,222,0,0
1788429446.760258,iOS Bluetooth,229,74,64
1788429446.760258,iOS Bluetooth,213,7,0
1788429446.760258,iOS Bluetooth,213,0,0
1788429446.760258,iOS Bluetooth,230,34,65
1788429446.760258,iOS Bluetooth,214,46,0
1788429446.760258,iOS Bluetooth,214,0,0
1788429446.760258,iOS Bluetooth,231,20,64
1788429446.774555,iOS Bluetooth,215,60,0
1788429446.774555,iOS Bluetooth,215,0,0
1788429446.774555,iOS Bluetooth,232,106,62
1788429446.774555,iOS Bluetooth,216,1,0
1788429446.774555,iOS Bluetooth,216,0,0
1788429446.774555,iOS Bluetooth,233,19,63
1788429446.774555,iOS Bluetooth,217,58,0
1788429446.774555,iOS Bluetooth,217,0,0
1788429446.788781,iOS Bluetooth,234,85,64
1788429446.788781,iOS Bluetooth,218,81,0
1788429446.788781,iOS Bluetooth,218,0,0
1788429446.788781,iOS Bluetooth,235,32,65
1788429446.788781,iOS Bluetooth,219,12,0
1788429446.788781,iOS Bluetooth,219,0,0
1788429446.788781,iOS Bluetooth,219,0,0
1788429446.788781,iOS Bluetooth,219,0,0
1788429446.788781,iOS Bluetooth,219,0,0
1788429446.804437,iOS Bluetooth,220,17,0
1788429446.804437,iOS Bluetooth,220,0,0
1788429446.804437,iOS Bluetooth,237,103,62
1788429446.804437,iOS Bluetooth,221,51,0
1788429446.804437,iOS Bluetooth,221,0,0
1788429446.804437,iOS Bluetooth,238,26,63
1788429446.804437,iOS Bluetooth,238,0,0
1788429446.818830,iOS Bluetooth,229,94,64
1788429446.818830,iOS Bluetooth,213,12,0
1788429446.818830,iOS Bluetooth,213,0,0
1788429446.818830,iOS Bluetooth,230,29,65
1788429446.818830,iOS Bluetooth,214,49,0
1788429446.818830,iOS Bluetooth,214,0,0
1788429446.834443,iOS Bluetooth,215,46,0
1788429446.834443,iOS Bluetooth,215,0,0
1788429446.841506,iOS Bluetooth,232,98,62
1788429446.841506,iOS Bluetooth,216,3,0
1788429446.841506,iOS Bluetooth,216,0,0
1788429446.841506,iOS Bluetooth,233,37,63
1788429446.841506,iOS Bluetooth,233,0,0
1788429446.841506,iOS Bluetooth,233,0,58
1788429446.841506,iOS Bluetooth,233,103,64
1788429446.856320,iOS Bluetooth,218,69,0
1788429446.856320,iOS Bluetooth,218,0,0
1788429446.856320,iOS Bluetooth,235,26,65
1788429446.856320,iOS Bluetooth,219,8,0
1788429446.856320,iOS Bluetooth,219,0,0
1788429446.856320,iOS Bluetooth,219,0,0
1788429446.856320,iOS Bluetooth,219,0,0
1788429446.856320,iOS Bluetooth,219,0,0
1788429446.856320,iOS Bluetooth,220,28,0
1788429446.856320,iOS Bluetooth,220,0,0
1788429446.879587,iOS Bluetooth,237,96,62
1788429446.879587,iOS Bluetooth,221,50,0
1788429446.879587,iOS Bluetooth,221,0,0
1788429446.879587,iOS Bluetooth,221,0,0
1788429446.879587,iOS Bluetooth,221,0,0
1788429446.879587,iOS Bluetooth,221,0,0
1788429446.879587,iOS Bluetooth,221,0,0
1788429446.879587,iOS Bluetooth,221,0,0
1788429446.879587,iOS Bluetooth,221,0,0
1788429446.879587,iOS Bluetooth,229,111,64
1788429446.894469,iOS Bluetooth,213,16,0
1788429446.894469,iOS Bluetooth,213,0,0
1788429446.894469,iOS Bluetooth,230,20,65
1788429446.894469,iOS Bluetooth,230,0,0
1788429446.894469,iOS Bluetooth,230,0,0
1788429446.894469,iOS Bluetooth,230,0,0
1788429446.894469,iOS Bluetooth,215,37,0
1788429446.894469,iOS Bluetooth,215,0,0
1788429446.909329,iOS Bluetooth,232,93,62
1788429446.909329,iOS Bluetooth,216,6,0
1788429446.909329,iOS Bluetooth,216,0,0
1788429446.909329,iOS Bluetooth,216,0,0
1788429446.909329,iOS Bluetooth,216,0,0
1788429446.909329,iOS Bluetooth,216,0,0
1788429446.909329,iOS Bluetooth,216,0,0
1788429446.909329,iOS Bluetooth,216,0,0
1788429446.909329,iOS Bluetooth,216,0,0
1788429446.924585,iOS Bluetooth,234,121,64
1788429446.924585,iOS Bluetooth,218,59,0
1788429446.924585,iOS Bluetooth,218,0,0
1788429446.924585,iOS Bluetooth,235,17,65
1788429446.924585,iOS Bluetooth,235,0,0
1788429446.924585,iOS Bluetooth,235,0,0
1788429446.924585,iOS Bluetooth,235,0,0
1788429446.939754,iOS Bluetooth,220,46,0
1788429446.939754,iOS Bluetooth,220,0,0
1788429446.939754,iOS Bluetooth,237,92,62
1788429446.939754,iOS Bluetooth,221,48,0
1788429446.939754,iOS Bluetooth,221,0,0
1788429446.939754,iOS Bluetooth,238,68,63
1788429446.939754,iOS Bluetooth,222,17,0
1788429446.939754,iOS Bluetooth,222,0,0
1788429446.954495,iOS Bluetooth,229,0,65
1788429446.954495,iOS Bluetooth,213,21,0
1788429446.954495,iOS Bluetooth,213,0,0
1788429446.954495,iOS Bluetooth,230,8,65
1788429446.954495,iOS Bluetooth,214,57,0
1788429446.954495,iOS Bluetooth,214,0,0
1788429446.954495,iOS Bluetooth,231,84,63
1788429446.968750,iOS Bluetooth,215,28,0
1788429446.968750,iOS Bluetooth,215,0,0
1788429446.968750,iOS Bluetooth,232,91,62
1788429446.968750,iOS Bluetooth,216,10,0
1788429446.968750,iOS Bluetooth,216,0,0
1788429446.968750,iOS Bluetooth,233,79,63
1788429446.968750,iOS Bluetooth,217,103,0
1788429446.968750,iOS Bluetooth,217,0,0
1788429446.991749,iOS Bluetooth,234,7,65
1788429446.991749,iOS Bluetooth,218,51,0
1788429446.991749,iOS Bluetooth,218,0,0
1788429446.991749,iOS Bluetooth,235,3,65
1788429446.991749,iOS Bluetooth,219,2,0
1788429446.991749,iOS Bluetooth,219,0,0
1788429446.991749,iOS Bluetooth,219,0,0
1788429446.991749,iOS Bluetooth,219,0,0
1788429446.991749,iOS Bluetooth,219,0,0
1788429447.006570,iOS Bluetooth,220,61,0
1788429447.006570,iOS Bluetooth,220,0,0
1788429447.006570,iOS Bluetooth,221,46,0
1788429447.006570,iOS Bluetooth,221,0,0
1788429447.006570,iOS Bluetooth,238,91,63
1788429447.006570,iOS Bluetooth,222,9,0
1788429447.006570,iOS Bluetooth,222,0,0
1788429447.028843,iOS Bluetooth,213,25,0
1788429447.028843,iOS Bluetooth,213,0,0
1788429447.028843,iOS Bluetooth,230,124,64
1788429447.028969,iOS Bluetooth,214,61,0
1788429447.028969,iOS Bluetooth,214,0,0
1788429447.028969,iOS Bluetooth,231,62,63
1788429447.028969,iOS Bluetooth,231,0,0
1788429447.028969,iOS Bluetooth,231,0,114
1788429447.028969,iOS Bluetooth,231,93,62
1788429447.043825,iOS Bluetooth,216,15,0
1788429447.043825,iOS Bluetooth,216,0,0
1788429447.043825,iOS Bluetooth,233,101,63
1788429447.043825,iOS Bluetooth,217,110,0
1788429447.043825,iOS Bluetooth,217,0,0
1788429447.043825,iOS Bluetooth,217,0,0
1788429447.043825,iOS Bluetooth,217,0,0
1788429447.043825,iOS Bluetooth,217,0,0
1788429447.043825,iOS Bluetooth,218,43,0
1788429447.043825,iOS Bluetooth,218,0,0
1788429447.058801,iOS Bluetooth,235,117,64
1788429447.058801,iOS Bluetooth,219,0,0
1788429447.058801,iOS Bluetooth,219,0,0
1788429447.058801,iOS Bluetooth,236,53,63
1788429447.058801,iOS Bluetooth,236,0,0
1788429447.058801,iOS Bluetooth,236,0,18
1788429447.058801,iOS Bluetooth,236,94,62
1788429447.073785,iOS Bluetooth,221,44,0
1788429447.073785,iOS Bluetooth,221,0,0
1788429447.073785,iOS Bluetooth,238,116,63
1788429447.073785,iOS Bluetooth,238,0,0
1788429447.073785,iOS Bluetooth,238,0,0
1788429447.073785,iOS Bluetooth,238,0,0
1788429447.073785,iOS Bluetooth,213,29,0
1788429447.073785,iOS Bluetooth,213,0,0
1788429447.088892,iOS Bluetooth,230,106,64
1788429447.088892,iOS Bluetooth,214,66,0
1788429447.088892,iOS Bluetooth,214,0,0
1788429447.088892,iOS Bluetooth,214,0,0
1788429447.088892,iOS Bluetooth,214,0,0
1788429447.088892,iOS Bluetooth,214,0,0
1788429447.088892,iOS Bluetooth,214,0,0
1788429447.088892,iOS Bluetooth,214,0,0
1788429447.088892,iOS Bluetooth,214,0,0
1788429447.088892,iOS Bluetooth,232,97,62
1788429447.104508,iOS Bluetooth,216,21,0
1788429447.104508,iOS Bluetooth,216,0,0
1788429447.104508,iOS Bluetooth,233,123,63
1788429447.104508,iOS Bluetooth,233,0,0
1788429447.104508,iOS Bluetooth,233,0,0
1788429447.104508,iOS Bluetooth,233,0,0
1788429447.126518,iOS Bluetooth,218,35,0
1788429447.126518,iOS Bluetooth,218,0,0
1788429447.126518,iOS Bluetooth,235,100,64
1788429447.126518,iOS Bluetooth,236,34,63
1788429447.126518,iOS Bluetooth,236,0,0
1788429447.126518,iOS Bluetooth,236,0,0
1788429447.126518,iOS Bluetooth,236,0,0
1788429447.142167,iOS Bluetooth,221,41,0
1788429447.142167,iOS Bluetooth,221,0,0
1788429447.142167,iOS Bluetooth,238,0,64
1788429447.142167,iOS Bluetooth,222,0,0
1788429447.142167,iOS Bluetooth,222,0,0
1788429447.142167,iOS Bluetooth,229,30,65
1788429447.142167,iOS Bluetooth,213,33,0
1788429447.142167,iOS Bluetooth,213,0,0
1788429447.156450,iOS Bluetooth,230,89,64
1788429447.156450,iOS Bluetooth,214,72,0
1788429447.156450,iOS Bluetooth,214,0,0
1788429447.156450,iOS Bluetooth,231,21,63
1788429447.156450,iOS Bluetooth,215,4,0
1788429447.156450,iOS Bluetooth,215,0,0
1788429447.156450,iOS Bluetooth,232,104,62
1788429447.171310,iOS Bluetooth,216,28,0
1788429447.171310,iOS Bluetooth,216,0,0
1788429447.171310,iOS Bluetooth,233,17,64
1788429447.171310,iOS Bluetooth,217,105,0
1788429447.171310,iOS Bluetooth,217,0,0
1788429447.171310,iOS Bluetooth,234,33,65
1788429447.171310,iOS Bluetooth,218,30,0
1788429447.171310,iOS Bluetooth,218,0,0
1788429447.186494,iOS Bluetooth,235,82,64
1788429447.186494,iOS Bluetooth,219,2,0
1788429447.186494,iOS Bluetooth,219,0,0
1788429447.186494,iOS Bluetooth,236,15,63
1788429447.186494,iOS Bluetooth,220,58,0
1788429447.186494,iOS Bluetooth,220,0,0
1788429447.186494,iOS Bluetooth,220,0,0
1788429447.186494,iOS Bluetooth,220,0,0
1788429447.186494,iOS Bluetooth,220,0,0
1788429447.201583,iOS Bluetooth,221,39,0
1788429447.201583,iOS Bluetooth,221,0,0
1788429447.201583,iOS Bluetooth,238,19,64
1788429447.201583,iOS Bluetooth,214,0,0
1788429447.201583,iOS Bluetooth,214,0,0
1788429447.201583,iOS Bluetooth,134,66,64
1788429447.201583,iOS Bluetooth,239,0,64
1788429447.201583,iOS Bluetooth,159,66,96
1788429447.201583,iOS Bluetooth,239,72,64
1788429447.201583,iOS Bluetooth,223,79,0
1788429447.201583,iOS Bluetooth,223,0,0
1788429447.201583,iOS Bluetooth,223,0,0
1788429447.201583,iOS Bluetooth,223,0,0
1788429447.201583,iOS Bluetooth,223,0,0
1788429447.216309,iOS Bluetooth,213,37,0
1788429447.216309,iOS Bluetooth,213,0,0
1788429447.216309,iOS Bluetooth,230,74,64
1788429447.216309,iOS Bluetooth,231,5,63
1788429447.216309,iOS Bluetooth,215,1,0
1788429447.216309,iOS Bluetooth,215,0,0
1788429447.231567,iOS Bluetooth,216,35,0
1788429447.231567,iOS Bluetooth,216,0,0
1788429447.246401,iOS Bluetooth,233,41,64
1788429447.246401,iOS Bluetooth,217,100,0
1788429447.246401,iOS Bluetooth,217,0,0
1788429447.246401,iOS Bluetooth,234,36,65
1788429447.246401,iOS Bluetooth,234,0,0
1788429447.246401,iOS Bluetooth,234,0,74
1788429447.246401,iOS Bluetooth,234,57,64
1788429447.262602,iOS Bluetooth,219,8,0
1788429447.262602,iOS Bluetooth,219,0,0
1788429447.262602,iOS Bluetooth,236,0,63
1788429447.262602,iOS Bluetooth,220,55,0
1788429447.262602,iOS Bluetooth,220,0,0
1788429447.262602,iOS Bluetooth,220,0,0
1788429447.262602,iOS Bluetooth,220,0,0
1788429447.262602,iOS Bluetooth,220,0,0
1788429447.262602,iOS Bluetooth,221,36,0
1788429447.262602,iOS Bluetooth,221,0,0
1788429447.276878,iOS Bluetooth,238,46,64
1788429447.276878,iOS Bluetooth,222,2,0
1788429447.276878,iOS Bluetooth,222,0,0
1788429447.276878,iOS Bluetooth,222,0,0
1788429447.276878,iOS Bluetooth,222,0,0
1788429447.276878,iOS Bluetooth,222,0,0
1788429447.276878,iOS Bluetooth,222,0,0
1788429447.276878,iOS Bluetooth,222,0,0
1788429447.276878,iOS Bluetooth,222,0,0
1788429447.276878,iOS Bluetooth,229,37,65
1788429447.291452,iOS Bluetooth,213,41,0
1788429447.291452,iOS Bluetooth,213,0,0
1788429447.291452,iOS Bluetooth,231,120,62
1788429447.291452,iOS Bluetooth,231,0,0
1788429447.291452,iOS Bluetooth,231,0,0
1788429447.291452,iOS Bluetooth,231,0,0
1788429447.291452,iOS Bluetooth,216,44,0
1788429447.291452,iOS Bluetooth,216,0,0
1788429447.306394,iOS Bluetooth,233,62,64
1788429447.306394,iOS Bluetooth,217,86,0
1788429447.306394,iOS Bluetooth,217,0,0
1788429447.306394,iOS Bluetooth,217,0,0
1788429447.306394,iOS Bluetooth,217,0,0
1788429447.306394,iOS Bluetooth,217,0,0
1788429447.306394,iOS Bluetooth,217,0,0
1788429447.306394,iOS Bluetooth,217,0,0
1788429447.306394,iOS Bluetooth,217,0,0
1788429447.321270,iOS Bluetooth,219,13,0
1788429447.321270,iOS Bluetooth,219,0,0
1788429447.321270,iOS Bluetooth,236,115,62
1788429447.321270,iOS Bluetooth,220,54,0
1788429447.321270,iOS Bluetooth,220,0,0
1788429447.321270,iOS Bluetooth,220,0,0
1788429447.321270,iOS Bluetooth,220,0,0
1788429447.321270,iOS Bluetooth,220,0,0
1788429447.321270,iOS Bluetooth,220,0,0
1788429447.321270,iOS Bluetooth,220,0,0
1788429447.321270,iOS Bluetooth,220,0,0
1788429447.336608,iOS Bluetooth,238,69,64
1788429447.336608,iOS Bluetooth,222,6,0
1788429447.336608,iOS Bluetooth,222,0,0
1788429447.336608,iOS Bluetooth,239,26,64
1788429447.336608,iOS Bluetooth,223,66,0
1788429447.336608,iOS Bluetooth,223,0,0
1788429447.336608,iOS Bluetooth,229,35,65
1788429447.358828,iOS Bluetooth,213,45,0
1788429447.358828,iOS Bluetooth,213,0,0
1788429447.358828,iOS Bluetooth,231,109,62
1788429447.358828,iOS Bluetooth,215,1,0
1788429447.358828,iOS Bluetooth,215,0,0
1788429447.358828,iOS Bluetooth,232,15,63
1788429447.358828,iOS Bluetooth,216,55,0
1788429447.358828,iOS Bluetooth,216,0,0
1788429447.372635,iOS Bluetooth,233,82,64
1788429447.372635,iOS Bluetooth,217,67,0
1788429447.372635,iOS Bluetooth,217,0,0
1788429447.372635,iOS Bluetooth,234,33,65
1788429447.372635,iOS Bluetooth,218,13,0
1788429447.372635,iOS Bluetooth,218,0,0
1788429447.372635,iOS Bluetooth,235,14,64
1788429447.388916,iOS Bluetooth,219,17,0
1788429447.388916,iOS Bluetooth,219,0,0
1788429447.388916,iOS Bluetooth,236,105,62
1788429447.388916,iOS Bluetooth,220,52,0
1788429447.388916,iOS Bluetooth,220,0,0
1788429447.388916,iOS Bluetooth,237,22,63
1788429447.388916,iOS Bluetooth,237,0,0
1788429447.404426,iOS Bluetooth,238,89,64
1788429447.404426,iOS Bluetooth,222,11,0
1788429447.404426,iOS Bluetooth,222,0,0
1788429447.404426,iOS Bluetooth,239,4,64
1788429447.404426,iOS Bluetooth,223,50,0
1788429447.404426,iOS Bluetooth,223,0,0
1788429447.404426,iOS Bluetooth,223,0,0
1788429447.404426,iOS Bluetooth,223,0,0
1788429447.404426,iOS Bluetooth,223,0,0
1788429447.419419,iOS Bluetooth,213,49,0
1788429447.419419,iOS Bluetooth,213,0,0
1788429447.419419,iOS Bluetooth,231,100,62
1788429447.419419,iOS Bluetooth,215,2,0
1788429447.419419,iOS Bluetooth,215,0,0
1788429447.419419,iOS Bluetooth,232,32,63
1788429447.434257,iOS Bluetooth,233,100,64
1788429447.441299,iOS Bluetooth,217,50,0
1788429447.441299,iOS Bluetooth,217,0,0
1788429447.441299,iOS Bluetooth,234,27,65
1788429447.441299,iOS Bluetooth,218,9,0
1788429447.441299,iOS Bluetooth,218,0,0
1788429447.441299,iOS Bluetooth,218,0,0
1788429447.441299,iOS Bluetooth,218,0,0
1788429447.441299,iOS Bluetooth,218,0,0
1788429447.441299,iOS Bluetooth,219,24,0
1788429447.441299,iOS Bluetooth,219,0,0
1788429447.456531,iOS Bluetooth,236,97,62
1788429447.456531,iOS Bluetooth,220,50,0
1788429447.456531,iOS Bluetooth,220,0,0
1788429447.456531,iOS Bluetooth,237,39,63
1788429447.456531,iOS Bluetooth,237,0,0
1788429447.456531,iOS Bluetooth,237,0,34
1788429447.456531,iOS Bluetooth,237,107,64
1788429447.479690,iOS Bluetooth,222,15,0
1788429447.479690,iOS Bluetooth,222,0,0
1788429447.479690,iOS Bluetooth,239,114,63
1788429447.479690,iOS Bluetooth,239,0,0
1788429447.479690,iOS Bluetooth,239,0,0
1788429447.479690,iOS Bluetooth,239,0,0
1788429447.479690,iOS Bluetooth,213,52,0
1788429447.479690,iOS Bluetooth,213,0,0
1788429447.494519,iOS Bluetooth,231,94,62
1788429447.494519,iOS Bluetooth,215,5,0
1788429447.494519,iOS Bluetooth,215,0,0
1788429447.494519,iOS Bluetooth,215,0,0
1788429447.494519,iOS Bluetooth,215,0,0
1788429447.494519,iOS Bluetooth,215,0,0
1788429447.494519,iOS Bluetooth,215,0,0
1788429447.494519,iOS Bluetooth,215,0,0
1788429447.494519,iOS Bluetooth,215,0,0
1788429447.494519,iOS Bluetooth,233,117,64
1788429447.509328,iOS Bluetooth,217,38,0
1788429447.509328,iOS Bluetooth,217,0,0
1788429447.509328,iOS Bluetooth,234,18,65
1788429447.509328,iOS Bluetooth,234,0,0
1788429447.509328,iOS Bluetooth,234,0,0
1788429447.509328,iOS Bluetooth,234,0,0
1788429447.524428,iOS Bluetooth,219,42,0
1788429447.524428,iOS Bluetooth,219,0,0
1788429447.524428,iOS Bluetooth,236,93,62
1788429447.524428,iOS Bluetooth,220,48,0
1788429447.524428,iOS Bluetooth,220,0,0
1788429447.524428,iOS Bluetooth,237,62,63
1788429447.524428,iOS Bluetooth,221,20,0
1788429447.524428,iOS Bluetooth,221,0,0
1788429447.537465,iOS Bluetooth,238,124,64
1788429447.537465,iOS Bluetooth,222,20,0
1788429447.537465,iOS Bluetooth,222,0,0
1788429447.537465,iOS Bluetooth,239,93,63
1788429447.537465,iOS Bluetooth,223,31,0
1788429447.537465,iOS Bluetooth,223,0,0
1788429447.537465,iOS Bluetooth,229,11,65
1788429447.554476,iOS Bluetooth,213,57,0
1788429447.554476,iOS Bluetooth,213,0,0
1788429447.554476,iOS Bluetooth,231,92,62
1788429447.554476,iOS Bluetooth,215,9,0
1788429447.554476,iOS Bluetooth,215,0,0
1788429447.554476,iOS Bluetooth,232,74,63
1788429447.554476,iOS Bluetooth,216,99,0
1788429447.554476,iOS Bluetooth,216,0,0
1788429447.568945,iOS Bluetooth,233,5,65
1788429447.568945,iOS Bluetooth,217,28,0
1788429447.568945,iOS Bluetooth,217,0,0
1788429447.568945,iOS Bluetooth,234,5,65
1788429447.568945,iOS Bluetooth,218,2,0
1788429447.568945,iOS Bluetooth,218,0,0
1788429447.568945,iOS Bluetooth,235,80,63
1788429447.583748,iOS Bluetooth,219,57,0
1788429447.583748,iOS Bluetooth,219,0,0
1788429447.583748,iOS Bluetooth,236,91,62
1788429447.583748,iOS Bluetooth,220,46,0
1788429447.583748,iOS Bluetooth,220,0,0
1788429447.583748,iOS Bluetooth,237,86,63
1788429447.583748,iOS Bluetooth,237,0,0
1788429447.606787,iOS Bluetooth,238,10,65
1788429447.606787,iOS Bluetooth,222,24,0
1788429447.606787,iOS Bluetooth,222,0,0
1788429447.606787,iOS Bluetooth,176,118,28
1788429447.606787,iOS Bluetooth,239,67,63
1788429447.606787,iOS Bluetooth,223,23,0
1788429447.606787,iOS Bluetooth,223,0,0
1788429447.613831,iOS Bluetooth,213,61,0
1788429447.613831,iOS Bluetooth,213,0,0
1788429447.613831,iOS Bluetooth,215,13,0
1788429447.613831,iOS Bluetooth,215,0,0
1788429447.629480,iOS Bluetooth,232,95,63
1788429447.629480,iOS Bluetooth,216,111,0
1788429447.629480,iOS Bluetooth,216,0,0
1788429447.629480,iOS Bluetooth,216,0,0
1788429447.629480,iOS Bluetooth,216,0,0
1788429447.629480,iOS Bluetooth,216,0,0
1788429447.629480,iOS Bluetooth,217,20,0
1788429447.629480,iOS Bluetooth,217,0,0
1788429447.645279,iOS Bluetooth,234,119,64
1788429447.645279,iOS Bluetooth,218,1,0
1788429447.645279,iOS Bluetooth,218,0,0
1788429447.645279,iOS Bluetooth,235,58,63
1788429447.645279,iOS Bluetooth,235,0,0
1788429447.645279,iOS Bluetooth,235,0,90
1788429447.645279,iOS Bluetooth,235,93,62
1788429447.659529,iOS Bluetooth,220,44,0
1788429447.659529,iOS Bluetooth,220,0,0
1788429447.659529,iOS Bluetooth,237,110,63
1788429447.659529,iOS Bluetooth,221,4,0
1788429447.659529,iOS Bluetooth,221,0,0
1788429447.659529,iOS Bluetooth,221,0,0
1788429447.659529,iOS Bluetooth,221,0,0
1788429447.659529,iOS Bluetooth,221,0,0
1788429447.659529,iOS Bluetooth,222,28,0
1788429447.659529,iOS Bluetooth,222,0,0
1788429447.673839,iOS Bluetooth,239,46,63
1788429447.673839,iOS Bluetooth,223,14,0
1788429447.673839,iOS Bluetooth,223,0,0
1788429447.673839,iOS Bluetooth,223,0,0
1788429447.673839,iOS Bluetooth,223,0,0
1788429447.673839,iOS Bluetooth,223,0,0
1788429447.673839,iOS Bluetooth,223,0,0
1788429447.673839,iOS Bluetooth,223,0,0
1788429447.673839,iOS Bluetooth,223,0,0
1788429447.673839,iOS Bluetooth,231,96,62
1788429447.688887,iOS Bluetooth,215,19,0
1788429447.688887,iOS Bluetooth,215,0,0
1788429447.688887,iOS Bluetooth,232,117,63
1788429447.688887,iOS Bluetooth,232,0,0
1788429447.688887,iOS Bluetooth,232,0,0
1788429447.688887,iOS Bluetooth,232,0,0
1788429447.688887,iOS Bluetooth,217,13,0
1788429447.688887,iOS Bluetooth,217,0,0
1788429447.704403,iOS Bluetooth,234,102,64
1788429447.704403,iOS Bluetooth,218,0,0
1788429447.704403,iOS Bluetooth,218,0,0
1788429447.704403,iOS Bluetooth,218,0,0
1788429447.704403,iOS Bluetooth,218,0,0
1788429447.704403,iOS Bluetooth,218,0,0
1788429447.704403,iOS Bluetooth,218,0,0
1788429447.704403,iOS Bluetooth,218,0,0
1788429447.704403,iOS Bluetooth,218,0,0
1788429447.726595,iOS Bluetooth,236,99,62
1788429447.726595,iOS Bluetooth,220,42,0
1788429447.726595,iOS Bluetooth,220,0,0
1788429447.726595,iOS Bluetooth,237,0,64
1788429447.726595,iOS Bluetooth,237,0,0
1788429447.726595,iOS Bluetooth,237,0,0
1788429447.726595,iOS Bluetooth,237,0,0
1788429447.743562,iOS Bluetooth,222,32,0
1788429447.743562,iOS Bluetooth,222,0,0
1788429447.743562,iOS Bluetooth,239,27,63
1788429447.743562,iOS Bluetooth,223,6,0
1788429447.743562,iOS Bluetooth,223,0,0
1788429447.743562,iOS Bluetooth,229,91,64
1788429447.743562,iOS Bluetooth,213,71,0
1788429447.743562,iOS Bluetooth,213,0,0
1788429447.758655,iOS Bluetooth,231,103,62
1788429447.758655,iOS Bluetooth,215,26,0
1788429447.758655,iOS Bluetooth,215,0,0
1788429447.758655,iOS Bluetooth,232,14,64
1788429447.758655,iOS Bluetooth,216,106,0
1788429447.758655,iOS Bluetooth,216,0,0
1788429447.758655,iOS Bluetooth,233,32,65
1788429447.772484,iOS Bluetooth,217,8,0
1788429447.772484,iOS Bluetooth,217,0,0
1788429447.772484,iOS Bluetooth,234,84,64
1788429447.772484,iOS Bluetooth,218,2,0
1788429447.772484,iOS Bluetooth,218,0,0
1788429447.772484,iOS Bluetooth,235,19,63
1788429447.772484,iOS Bluetooth,219,58,0
1788429447.772484,iOS Bluetooth,219,0,0
1788429447.788461,iOS Bluetooth,236,106,62
1788429447.788461,iOS Bluetooth,220,40,0
1788429447.788461,iOS Bluetooth,220,0,0
1788429447.788461,iOS Bluetooth,237,16,64
1788429447.788461,iOS Bluetooth,238,34,65
1788429447.788461,iOS Bluetooth,238,0,0
1788429447.802747,iOS Bluetooth,239,11,63
1788429447.802747,iOS Bluetooth,223,2,0
1788429447.802747,iOS Bluetooth,223,0,0
1788429447.802747,iOS Bluetooth,215,0,0
1788429447.802747,iOS Bluetooth,215,0,0
1788429447.802747,iOS Bluetooth,135,69,64
1788429447.802747,iOS Bluetooth,225,0,64
1788429447.802747,iOS Bluetooth,145,69,96
1788429447.802747,iOS Bluetooth,225,111,62
1788429447.802747,iOS Bluetooth,209,32,0
1788429447.802747,iOS Bluetooth,209,0,0
1788429447.802747,iOS Bluetooth,209,0,0
1788429447.802747,iOS Bluetooth,209,0,0
1788429447.802747,iOS Bluetooth,209,0,0
1788429447.818487,iOS Bluetooth,213,80,0
1788429447.818487,iOS Bluetooth,213,0,0
1788429447.818487,iOS Bluetooth,231,110,62
1788429447.818487,iOS Bluetooth,232,36,64
1788429447.818487,iOS Bluetooth,216,101,0
1788429447.818487,iOS Bluetooth,216,0,0
1788429447.833201,iOS Bluetooth,217,4,0
1788429447.833201,iOS Bluetooth,217,0,0
1788429447.848315,iOS Bluetooth,234,60,64
1788429447.848315,iOS Bluetooth,218,6,0
1788429447.848315,iOS Bluetooth,218,0,0
1788429447.848315,iOS Bluetooth,235,3,63
1788429447.848315,iOS Bluetooth,235,0,0
1788429447.848315,iOS Bluetooth,235,0,34
1788429447.848315,iOS Bluetooth,235,117,62
1788429447.863493,iOS Bluetooth,220,37,0
1788429447.863493,iOS Bluetooth,220,0,0
1788429447.863493,iOS Bluetooth,237,40,64
1788429447.863493,iOS Bluetooth,221,1,0
1788429447.863493,iOS Bluetooth,221,0,0
1788429447.863493,iOS Bluetooth,221,0,0
1788429447.863493,iOS Bluetooth,221,0,0
1788429447.863493,iOS Bluetooth,221,0,0
1788429447.863493,iOS Bluetooth,222,40,0
1788429447.863493,iOS Bluetooth,222,0,0
1788429447.877629,iOS Bluetooth,239,123,62
1788429447.877629,iOS Bluetooth,223,0,0
1788429447.877629,iOS Bluetooth,223,0,0
1788429447.877629,iOS Bluetooth,223,0,0
1788429447.877629,iOS Bluetooth,223,0,0
1788429447.877629,iOS Bluetooth,223,0,0
1788429447.877629,iOS Bluetooth,223,0,0
1788429447.877629,iOS Bluetooth,223,0,0
1788429447.877629,iOS Bluetooth,223,0,0
1788429447.877629,iOS Bluetooth,229,48,64
1788429447.893273,iOS Bluetooth,213,78,0
1788429447.893273,iOS Bluetooth,213,0,0
1788429447.893273,iOS Bluetooth,232,57,64
1788429447.893273,iOS Bluetooth,232,0,0
1788429447.893273,iOS Bluetooth,232,0,0
1788429447.893273,iOS Bluetooth,232,0,0
1788429447.893273,iOS Bluetooth,234,39,64
1788429447.907671,iOS Bluetooth,218,12,0
1788429447.907671,iOS Bluetooth,218,0,0
1788429447.907671,iOS Bluetooth,235,118,62
1788429447.907671,iOS Bluetooth,235,0,0
1788429447.907671,iOS Bluetooth,235,0,0
1788429447.907671,iOS Bluetooth,235,0,0
1788429447.922801,iOS Bluetooth,220,34,0
1788429447.922801,iOS Bluetooth,220,0,0
1788429447.922801,iOS Bluetooth,237,63,64
1788429447.922801,iOS Bluetooth,221,5,0
1788429447.922801,iOS Bluetooth,221,0,0
1788429447.922801,iOS Bluetooth,221,0,0
1788429447.922801,iOS Bluetooth,221,0,0
1788429447.922801,iOS Bluetooth,221,0,0
1788429447.922801,iOS Bluetooth,221,0,0
1788429447.922801,iOS Bluetooth,221,0,0
1788429447.922801,iOS Bluetooth,221,0,0
1788429447.937582,iOS Bluetooth,239,111,62
1788429447.937582,iOS Bluetooth,225,9,63
1788429447.937582,iOS Bluetooth,209,51,0
1788429447.937582,iOS Bluetooth,209,0,0
1788429447.937582,iOS Bluetooth,229,25,64
1788429447.937582,iOS Bluetooth,213,66,0
1788429447.937582,iOS Bluetooth,213,0,0
1788429447.960519,iOS Bluetooth,232,77,64
1788429447.960519,iOS Bluetooth,216,72,0
1788429447.960519,iOS Bluetooth,216,0,0
1788429447.960519,iOS Bluetooth,233,33,65
1788429447.960519,iOS Bluetooth,217,0,0
1788429447.960519,iOS Bluetooth,217,0,0
1788429447.960519,iOS Bluetooth,234,16,64
1788429447.975333,iOS Bluetooth,218,16,0
1788429447.975333,iOS Bluetooth,218,0,0
1788429447.975333,iOS Bluetooth,235,107,62
1788429447.975333,iOS Bluetooth,219,52,0
1788429447.975333,iOS Bluetooth,219,0,0
1788429447.975333,iOS Bluetooth,236,17,63
1788429447.975333,iOS Bluetooth,220,31,0
1788429447.975333,iOS Bluetooth,220,0,0
1788429447.990537,iOS Bluetooth,237,85,64
1788429447.990537,iOS Bluetooth,221,10,0
1788429447.990537,iOS Bluetooth,221,0,0
1788429447.990537,iOS Bluetooth,238,32,65
1788429447.990537,iOS Bluetooth,222,47,0
1788429447.990537,iOS Bluetooth,222,0,0
1788429447.990537,iOS Bluetooth,222,0,0
1788429447.990537,iOS Bluetooth,222,0,0
1788429447.990537,iOS Bluetooth,222,0,0
1788429448.004363,iOS Bluetooth,223,2,0
1788429448.004363,iOS Bluetooth,223,0,0
1788429448.004363,iOS Bluetooth,225,26,63
1788429448.004363,iOS Bluetooth,209,64,0
1788429448.004363,iOS Bluetooth,209,0,0
1788429448.004363,iOS Bluetooth,229,4,64
1788429448.004363,iOS Bluetooth,229,0,0
1788429448.020586,iOS Bluetooth,232,96,64
1788429448.020586,iOS Bluetooth,216,55,0
1788429448.020586,iOS Bluetooth,216,0,0
1788429448.020586,iOS Bluetooth,233,28,65
1788429448.020586,iOS Bluetooth,234,0,64
1788429448.034311,iOS Bluetooth,235,99,62
1788429448.041395,iOS Bluetooth,219,51,0
1788429448.041395,iOS Bluetooth,219,0,0
1788429448.041395,iOS Bluetooth,236,35,63
1788429448.041395,iOS Bluetooth,220,28,0
1788429448.041395,iOS Bluetooth,220,0,0
1788429448.041395,iOS Bluetooth,220,0,0
1788429448.041395,iOS Bluetooth,220,0,0
1788429448.041395,iOS Bluetooth,220,0,0
1788429448.041395,iOS Bluetooth,221,14,0
1788429448.041395,iOS Bluetooth,221,0,0
1788429448.056662,iOS Bluetooth,238,25,65
1788429448.056662,iOS Bluetooth,222,51,0
1788429448.056662,iOS Bluetooth,222,0,0
1788429448.056662,iOS Bluetooth,239,96,62
1788429448.056662,iOS Bluetooth,239,0,0
1788429448.056662,iOS Bluetooth,239,0,122
1788429448.056662,iOS Bluetooth,239,44,63
1788429448.079699,iOS Bluetooth,209,77,0
1788429448.079699,iOS Bluetooth,209,0,0
1788429448.079699,iOS Bluetooth,229,114,63
1788429448.079699,iOS Bluetooth,229,0,0
1788429448.079699,iOS Bluetooth,229,0,0
1788429448.079699,iOS Bluetooth,229,0,0
1788429448.079699,iOS Bluetooth,216,42,0
1788429448.079699,iOS Bluetooth,216,0,0
1788429448.094396,iOS Bluetooth,233,19,65
1788429448.094396,iOS Bluetooth,217,1,0
1788429448.094396,iOS Bluetooth,217,0,0
1788429448.094396,iOS Bluetooth,217,0,0
1788429448.094396,iOS Bluetooth,217,0,0
1788429448.094396,iOS Bluetooth,217,0,0
1788429448.094396,iOS Bluetooth,217,0,0
1788429448.094396,iOS Bluetooth,217,0,0
1788429448.094396,iOS Bluetooth,217,0,0
1788429448.094396,iOS Bluetooth,235,94,62
1788429448.108831,iOS Bluetooth,219,49,0
1788429448.108831,iOS Bluetooth,219,0,0
1788429448.108831,iOS Bluetooth,236,54,63
1788429448.108831,iOS Bluetooth,236,0,0
1788429448.108831,iOS Bluetooth,236,0,0
1788429448.108831,iOS Bluetooth,236,0,0
1788429448.124501,iOS Bluetooth,221,19,0
1788429448.124501,iOS Bluetooth,221,0,0
1788429448.124501,iOS Bluetooth,238,15,65
1788429448.124501,iOS Bluetooth,222,55,0
1788429448.124501,iOS Bluetooth,222,0,0
1788429448.124501,iOS Bluetooth,222,0,0
1788429448.124501,iOS Bluetooth,222,0,0
1788429448.124501,iOS Bluetooth,222,0,0
1788429448.124501,iOS Bluetooth,222,0,0
1788429448.124501,iOS Bluetooth,222,0,0
1788429448.124501,iOS Bluetooth,222,0,0
1788429448.139160,iOS Bluetooth,225,66,63
1788429448.139160,iOS Bluetooth,209,93,0
1788429448.139160,iOS Bluetooth,209,0,0
1788429448.139160,iOS Bluetooth,229,93,63
1788429448.139160,iOS Bluetooth,213,31,0
1788429448.139160,iOS Bluetooth,213,0,0
1788429448.139160,iOS Bluetooth,232,0,65
1788429448.154572,iOS Bluetooth,216,30,0
1788429448.154572,iOS Bluetooth,216,0,0
1788429448.154572,iOS Bluetooth,233,8,65
1788429448.154572,iOS Bluetooth,217,4,0
1788429448.154572,iOS Bluetooth,217,0,0
1788429448.154572,iOS Bluetooth,234,83,63
1788429448.154572,iOS Bluetooth,218,52,0
1788429448.154572,iOS Bluetooth,218,0,0
1788429448.169377,iOS Bluetooth,235,91,62
1788429448.169377,iOS Bluetooth,219,47,0
1788429448.169377,iOS Bluetooth,219,0,0
1788429448.169377,iOS Bluetooth,236,79,63
1788429448.169377,iOS Bluetooth,220,13,0
1788429448.169377,iOS Bluetooth,220,0,0
1788429448.169377,iOS Bluetooth,237,5,65
1788429448.183763,iOS Bluetooth,221,23,0
1788429448.183763,iOS Bluetooth,221,0,0
1788429448.183763,iOS Bluetooth,238,3,65
1788429448.183763,iOS Bluetooth,222,59,0
1788429448.183763,iOS Bluetooth,222,0,0
1788429448.183763,iOS Bluetooth,223,11,0
1788429448.183763,iOS Bluetooth,223,0,0
1788429448.183763,iOS Bluetooth,223,0,0
1788429448.183763,iOS Bluetooth,223,0,0
1788429448.183763,iOS Bluetooth,223,0,0
1788429448.206510,iOS Bluetooth,209,109,0
1788429448.206510,iOS Bluetooth,209,0,0
1788429448.206510,iOS Bluetooth,229,70,63
1788429448.206510,iOS Bluetooth,213,23,0
1788429448.206510,iOS Bluetooth,213,0,0
1788429448.206510,iOS Bluetooth,232,13,65
1788429448.213753,iOS Bluetooth,233,122,64
1788429448.213753,iOS Bluetooth,217,8,0
1788429448.213753,iOS Bluetooth,217,0,0
1788429448.228715,iOS Bluetooth,234,61,63
1788429448.228715,iOS Bluetooth,218,66,0
1788429448.228715,iOS Bluetooth,218,0,0
1788429448.228715,iOS Bluetooth,218,0,0
1788429448.228715,iOS Bluetooth,218,0,0
1788429448.228715,iOS Bluetooth,218,0,0
1788429448.228715,iOS Bluetooth,219,45,0
1788429448.228715,iOS Bluetooth,219,0,0
1788429448.243719,iOS Bluetooth,236,104,63
1788429448.243719,iOS Bluetooth,220,6,0
1788429448.243719,iOS Bluetooth,220,0,0
1788429448.243719,iOS Bluetooth,237,17,65
1788429448.243719,iOS Bluetooth,237,0,0
1788429448.243719,iOS Bluetooth,237,0,50
1788429448.243719,iOS Bluetooth,237,117,64
1788429448.258764,iOS Bluetooth,222,64,0
1788429448.258764,iOS Bluetooth,222,0,0
1788429448.258764,iOS Bluetooth,239,94,62
1788429448.258764,iOS Bluetooth,223,16,0
1788429448.258764,iOS Bluetooth,223,0,0
1788429448.258764,iOS Bluetooth,223,0,0
1788429448.258764,iOS Bluetooth,223,0,0
1788429448.258764,iOS Bluetooth,223,0,0
1788429448.258764,iOS Bluetooth,209,110,0
1788429448.258764,iOS Bluetooth,209,0,0
1788429448.273819,iOS Bluetooth,229,46,63
1788429448.273819,iOS Bluetooth,213,14,0
1788429448.273819,iOS Bluetooth,213,0,0
1788429448.273819,iOS Bluetooth,213,0,0
1788429448.273819,iOS Bluetooth,213,0,0
1788429448.273819,iOS Bluetooth,213,0,0
1788429448.273819,iOS Bluetooth,213,0,0
1788429448.273819,iOS Bluetooth,213,0,0
1788429448.273819,iOS Bluetooth,213,0,0
1788429448.273819,iOS Bluetooth,233,106,64
1788429448.288701,iOS Bluetooth,217,17,0
1788429448.288701,iOS Bluetooth,217,0,0
1788429448.288701,iOS Bluetooth,234,41,63
1788429448.288701,iOS Bluetooth,234,0,0
1788429448.288701,iOS Bluetooth,234,0,0
1788429448.288701,iOS Bluetooth,234,0,0
1788429448.288701,iOS Bluetooth,219,43,0
1788429448.288701,iOS Bluetooth,219,0,0
1788429448.304434,iOS Bluetooth,236,0,64
1788429448.304434,iOS Bluetooth,220,0,0
1788429448.304434,iOS Bluetooth,220,0,0
1788429448.304434,iOS Bluetooth,220,0,0
1788429448.304434,iOS Bluetooth,220,0,0
1788429448.304434,iOS Bluetooth,220,0,0
1788429448.304434,iOS Bluetooth,220,0,0
1788429448.304434,iOS Bluetooth,220,0,0
1788429448.304434,iOS Bluetooth,220,0,0
1788429448.326428,iOS Bluetooth,238,98,64
1788429448.326428,iOS Bluetooth,222,69,0
1788429448.326428,iOS Bluetooth,222,0,0
1788429448.326428,iOS Bluetooth,239,99,62
1788429448.326428,iOS Bluetooth,239,0,0
1788429448.326428,iOS Bluetooth,239,0,0
1788429448.326428,iOS Bluetooth,239,0,0
1788429448.341707,iOS Bluetooth,209,107,0
1788429448.341707,iOS Bluetooth,209,0,0
1788429448.341707,iOS Bluetooth,229,27,63
1788429448.341707,iOS Bluetooth,213,6,0
1788429448.341707,iOS Bluetooth,213,0,0
1788429448.341707,iOS Bluetooth,232,31,65
1788429448.341707,iOS Bluetooth,216,9,0
1788429448.341707,iOS Bluetooth,216,0,0
1788429448.356526,iOS Bluetooth,233,86,64
1788429448.356526,iOS Bluetooth,217,29,0
1788429448.356526,iOS Bluetooth,217,0,0
1788429448.356526,iOS Bluetooth,234,21,63
1788429448.356526,iOS Bluetooth,218,59,0
1788429448.356526,iOS Bluetooth,218,0,0
1788429448.356526,iOS Bluetooth,235,103,62
1788429448.371391,iOS Bluetooth,219,40,0
1788429448.371391,iOS Bluetooth,219,0,0
1788429448.371391,iOS Bluetooth,236,7,64
1788429448.371391,iOS Bluetooth,237,33,65
1788429448.371391,iOS Bluetooth,221,35,0
1788429448.371391,iOS Bluetooth,221,0,0
1788429448.371391,iOS Bluetooth,238,82,64
1788429448.386775,iOS Bluetooth,222,76,0
1788429448.386775,iOS Bluetooth,222,0,0
1788429448.386775,iOS Bluetooth,239,108,62
1788429448.386775,iOS Bluetooth,223,30,0
1788429448.386775,iOS Bluetooth,223,0,0
1788429448.386775,iOS Bluetooth,225,25,64
1788429448.386775,iOS Bluetooth,225,0,0
1788429448.401701,iOS Bluetooth,229,11,63
1788429448.401701,iOS Bluetooth,213,2,0
1788429448.401701,iOS Bluetooth,213,0,0
1788429448.401701,iOS Bluetooth,216,0,0
1788429448.401701,iOS Bluetooth,216,0,0
1788429448.401701,iOS Bluetooth,136,72,64
1788429448.401701,iOS Bluetooth,226,0,64
1788429448.401701,iOS Bluetooth,146,72,96
1788429448.401701,iOS Bluetooth,232,35,65
1788429448.401701,iOS Bluetooth,233,69,64
1788429448.401701,iOS Bluetooth,233,0,0
1788429448.416532,iOS Bluetooth,234,7,63
1788429448.416532,iOS Bluetooth,218,57,0
1788429448.416532,iOS Bluetooth,218,0,0
1788429448.416532,iOS Bluetooth,235,113,62
1788429448.416532,iOS Bluetooth,219,38,0
1788429448.416532,iOS Bluetooth,219,0,0
1788429448.431400,iOS Bluetooth,237,36,65
1788429448.446367,iOS Bluetooth,221,39,0
1788429448.446367,iOS Bluetooth,221,0,0
1788429448.446367,iOS Bluetooth,238,62,64
1788429448.446367,iOS Bluetooth,222,83,0
1788429448.446367,iOS Bluetooth,222,0,0
1788429448.446367,iOS Bluetooth,222,0,0
1788429448.446367,iOS Bluetooth,222,0,0
1788429448.446367,iOS Bluetooth,222,0,0
1788429448.446367,iOS Bluetooth,223,38,0
1788429448.446367,iOS Bluetooth,223,0,0
1788429448.461585,iOS Bluetooth,225,47,64
1788429448.461585,iOS Bluetooth,209,99,0
1788429448.461585,iOS Bluetooth,209,0,0
1788429448.461585,iOS Bluetooth,226,37,65
1788429448.461585,iOS Bluetooth,226,0,0
1788429448.461585,iOS Bluetooth,226,0,10
1788429448.461585,iOS Bluetooth,226,124,62
1788429448.476380,iOS Bluetooth,213,0,0
1788429448.476380,iOS Bluetooth,213,0,0
1788429448.476380,iOS Bluetooth,233,47,64
1788429448.476380,iOS Bluetooth,233,0,0
1788429448.476380,iOS Bluetooth,233,0,0
1788429448.476380,iOS Bluetooth,233,0,0
1788429448.476380,iOS Bluetooth,218,55,0
1788429448.476380,iOS Bluetooth,218,0,0
1788429448.491447,iOS Bluetooth,235,125,62
1788429448.491447,iOS Bluetooth,219,35,0
1788429448.491447,iOS Bluetooth,219,0,0
1788429448.491447,iOS Bluetooth,219,0,0
1788429448.491447,iOS Bluetooth,219,0,0
1788429448.491447,iOS Bluetooth,219,0,0
1788429448.491447,iOS Bluetooth,219,0,0
1788429448.491447,iOS Bluetooth,219,0,0
1788429448.491447,iOS Bluetooth,219,0,0
1788429448.491447,iOS Bluetooth,221,42,0
1788429448.491447,iOS Bluetooth,221,0,0
1788429448.506361,iOS Bluetooth,238,40,64
1788429448.506361,iOS Bluetooth,222,75,0
1788429448.506361,iOS Bluetooth,222,0,0
1788429448.506361,iOS Bluetooth,222,0,0
1788429448.506361,iOS Bluetooth,222,0,0
1788429448.506361,iOS Bluetooth,222,0,0
1788429448.506361,iOS Bluetooth,222,0,0
1788429448.506361,iOS Bluetooth,222,0,0
1788429448.506361,iOS Bluetooth,222,0,0
1788429448.521554,iOS Bluetooth,225,67,64
1788429448.521554,iOS Bluetooth,209,81,0
1788429448.521554,iOS Bluetooth,209,0,0
1788429448.521554,iOS Bluetooth,226,36,65
1788429448.521554,iOS Bluetooth,210,1,0
1788429448.521554,iOS Bluetooth,210,0,0
1788429448.521554,iOS Bluetooth,229,112,62
1788429448.536727,iOS Bluetooth,233,26,64
1788429448.536727,iOS Bluetooth,217,61,0
1788429448.536727,iOS Bluetooth,217,0,0
1788429448.536727,iOS Bluetooth,234,110,62
1788429448.536727,iOS Bluetooth,218,53,0
1788429448.536727,iOS Bluetooth,218,0,0
1788429448.536727,iOS Bluetooth,235,9,63
1788429448.560520,iOS Bluetooth,219,32,0
1788429448.560520,iOS Bluetooth,219,0,0
1788429448.560520,iOS Bluetooth,236,74,64
1788429448.560520,iOS Bluetooth,220,8,0
1788429448.560520,iOS Bluetooth,220,0,0
1788429448.560520,iOS Bluetooth,237,34,65
1788429448.560520,iOS Bluetooth,221,46,0
1788429448.560520,iOS Bluetooth,221,0,0
1788429448.574468,iOS Bluetooth,238,17,64
1788429448.574468,iOS Bluetooth,222,60,0
1788429448.574468,iOS Bluetooth,222,0,0
1788429448.574468,iOS Bluetooth,239,19,63
1788429448.574468,iOS Bluetooth,223,58,0
1788429448.574468,iOS Bluetooth,223,0,0
1788429448.574468,iOS Bluetooth,225,85,64
1788429448.588848,iOS Bluetooth,209,63,0
1788429448.588848,iOS Bluetooth,209,0,0
1788429448.588848,iOS Bluetooth,226,32,65
1788429448.588848,iOS Bluetooth,210,0,0
1788429448.588848,iOS Bluetooth,210,0,0
1788429448.588848,iOS Bluetooth,229,103,62
1788429448.588848,iOS Bluetooth,229,0,0
1788429448.604660,iOS Bluetooth,233,5,64
1788429448.604660,iOS Bluetooth,217,71,0
1788429448.604660,iOS Bluetooth,217,0,0
1788429448.604660,iOS Bluetooth,176,118,29
1788429448.604660,iOS Bluetooth,234,101,62
1788429448.604660,iOS Bluetooth,218,51,0
1788429448.604660,iOS Bluetooth,218,0,0
1788429448.604660,iOS Bluetooth,218,0,0
1788429448.604660,iOS Bluetooth,218,0,0
1788429448.604660,iOS Bluetooth,218,0,0
1788429448.618783,iOS Bluetooth,219,29,0
1788429448.618783,iOS Bluetooth,219,0,0
1788429448.618783,iOS Bluetooth,236,94,64
1788429448.618783,iOS Bluetooth,220,12,0
1788429448.618783,iOS Bluetooth,220,0,0
1788429448.618783,iOS Bluetooth,237,29,65
1788429448.634361,iOS Bluetooth,238,126,63
1788429448.641555,iOS Bluetooth,222,44,0
1788429448.641555,iOS Bluetooth,222,0,0
1788429448.641555,iOS Bluetooth,239,37,63
1788429448.641555,iOS Bluetooth,223,70,0
1788429448.641555,iOS Bluetooth,223,0,0
1788429448.641555,iOS Bluetooth,223,0,0
1788429448.641555,iOS Bluetooth,223,0,0
1788429448.641555,iOS Bluetooth,223,0,0
1788429448.641555,iOS Bluetooth,209,48,0
1788429448.641555,iOS Bluetooth,209,0,0
1788429448.656515,iOS Bluetooth,226,24,65
1788429448.656515,iOS Bluetooth,229,96,62
1788429448.656515,iOS Bluetooth,213,4,0
1788429448.656515,iOS Bluetooth,213,0,0
1788429448.656515,iOS Bluetooth,213,0,0
1788429448.656515,iOS Bluetooth,213,0,0
1788429448.656515,iOS Bluetooth,213,0,0
1788429448.656515,iOS Bluetooth,217,84,0
1788429448.656515,iOS Bluetooth,217,0,0
1788429448.677686,iOS Bluetooth,234,95,62
1788429448.677686,iOS Bluetooth,218,50,0
1788429448.677686,iOS Bluetooth,218,0,0
1788429448.677686,iOS Bluetooth,218,0,0
1788429448.677686,iOS Bluetooth,218,0,0
1788429448.677686,iOS Bluetooth,218,0,0
1788429448.677686,iOS Bluetooth,218,0,0
1788429448.677686,iOS Bluetooth,218,0,0
1788429448.677686,iOS Bluetooth,218,0,0
1788429448.677686,iOS Bluetooth,236,111,64
1788429448.693844,iOS Bluetooth,220,16,0
1788429448.693844,iOS Bluetooth,220,0,0
1788429448.693844,iOS Bluetooth,237,20,65
1788429448.693844,iOS Bluetooth,237,0,0
1788429448.693844,iOS Bluetooth,237,0,0
1788429448.693844,iOS Bluetooth,237,0,0
1788429448.693844,iOS Bluetooth,222,37,0
1788429448.693844,iOS Bluetooth,222,0,0
1788429448.709378,iOS Bluetooth,239,56,63
1788429448.709378,iOS Bluetooth,223,85,0
1788429448.709378,iOS Bluetooth,223,0,0
1788429448.709378,iOS Bluetooth,223,0,0
1788429448.709378,iOS Bluetooth,223,0,0
1788429448.709378,iOS Bluetooth,223,0,0
1788429448.709378,iOS Bluetooth,223,0,0
1788429448.709378,iOS Bluetooth,223,0,0
1788429448.709378,iOS Bluetooth,223,0,0
1788429448.724582,iOS Bluetooth,226,14,65
1788429448.724582,iOS Bluetooth,210,2,0
1788429448.724582,iOS Bluetooth,210,0,0
1788429448.724582,iOS Bluetooth,229,92,62
1788429448.724582,iOS Bluetooth,229,0,0
1788429448.724582,iOS Bluetooth,229,0,0
1788429448.724582,iOS Bluetooth,229,0,0
1788429448.739412,iOS Bluetooth,217,96,0
1788429448.739412,iOS Bluetooth,217,0,0
1788429448.739412,iOS Bluetooth,234,92,62
1788429448.739412,iOS Bluetooth,218,48,0
1788429448.739412,iOS Bluetooth,218,0,0
1788429448.739412,iOS Bluetooth,235,71,63
1788429448.739412,iOS Bluetooth,219,17,0
1788429448.739412,iOS Bluetooth,219,0,0
1788429448.754553,iOS Bluetooth,236,0,65
1788429448.754553,iOS Bluetooth,220,21,0
1788429448.754553,iOS Bluetooth,220,0,0
1788429448.754553,iOS Bluetooth,237,8,65
1788429448.754553,iOS Bluetooth,221,57,0
1788429448.754553,iOS Bluetooth,221,0,0
1788429448.754553,iOS Bluetooth,238,84,63
1788429448.768936,iOS Bluetooth,222,28,0
1788429448.768936,iOS Bluetooth,222,0,0
1788429448.768936,iOS Bluetooth,239,77,63
1788429448.768936,iOS Bluetooth,223,103,0
1788429448.768936,iOS Bluetooth,223,0,0
1788429448.768936,iOS Bluetooth,225,7,65
1788429448.768936,iOS Bluetooth,209,27,0
1788429448.768936,iOS Bluetooth,209,0,0
1788429448.783793,iOS Bluetooth,226,1,65
1788429448.783793,iOS Bluetooth,210,6,0
1788429448.783793,iOS Bluetooth,210,0,0
1788429448.783793,iOS Bluetooth,213,11,0
1788429448.783793,iOS Bluetooth,213,0,0
1788429448.783793,iOS Bluetooth,233,68,63
1788429448.783793,iOS Bluetooth,233,0,0
1788429448.806762,iOS Bluetooth,218,46,0
1788429448.806762,iOS Bluetooth,218,0,0
1788429448.806762,iOS Bluetooth,235,92,63
1788429448.806762,iOS Bluetooth,219,9,0
1788429448.806762,iOS Bluetooth,219,0,0
1788429448.806762,iOS Bluetooth,236,11,65
1788429448.806762,iOS Bluetooth,236,0,0
1788429448.821556,iOS Bluetooth,237,124,64
1788429448.821556,iOS Bluetooth,221,61,0
1788429448.821556,iOS Bluetooth,221,0,0
1788429448.821556,iOS Bluetooth,238,62,63
1788429448.821556,iOS Bluetooth,222,21,0
1788429448.821556,iOS Bluetooth,222,0,0
1788429448.821556,iOS Bluetooth,222,0,0
1788429448.821556,iOS Bluetooth,222,0,0
1788429448.821556,iOS Bluetooth,222,0,0
1788429448.836362,iOS Bluetooth,223,110,0
1788429448.836362,iOS Bluetooth,223,0,0
1788429448.836362,iOS Bluetooth,225,18,65
1788429448.836362,iOS Bluetooth,209,19,0
1788429448.836362,iOS Bluetooth,209,0,0
1788429448.836362,iOS Bluetooth,226,117,64
1788429448.851467,iOS Bluetooth,229,94,62
1788429448.858882,iOS Bluetooth,213,16,0
1788429448.858882,iOS Bluetooth,213,0,0
1788429448.858882,iOS Bluetooth,233,48,63
1788429448.858882,iOS Bluetooth,217,81,0
1788429448.858882,iOS Bluetooth,217,0,0
1788429448.858882,iOS Bluetooth,217,0,0
1788429448.858882,iOS Bluetooth,217,0,0
1788429448.858882,iOS Bluetooth,217,0,0
1788429448.858882,iOS Bluetooth,218,44,0
1788429448.858882,iOS Bluetooth,218,0,0
1788429448.873882,iOS Bluetooth,235,116,63
1788429448.873882,iOS Bluetooth,219,3,0
1788429448.873882,iOS Bluetooth,219,0,0
1788429448.873882,iOS Bluetooth,219,0,0
1788429448.873882,iOS Bluetooth,219,0,0
1788429448.873882,iOS Bluetooth,219,0,0
1788429448.873882,iOS Bluetooth,219,0,0
1788429448.873882,iOS Bluetooth,219,0,0
1788429448.873882,iOS Bluetooth,219,0,0
1788429448.873882,iOS Bluetooth,237,109,64
1788429448.896549,iOS Bluetooth,221,66,0
1788429448.896549,iOS Bluetooth,221,0,0
1788429448.896549,iOS Bluetooth,238,41,63
1788429448.896549,iOS Bluetooth,238,0,0
1788429448.896549,iOS Bluetooth,238,0,0
1788429448.896549,iOS Bluetooth,238,0,0
1788429448.896549,iOS Bluetooth,223,109,0
1788429448.896549,iOS Bluetooth,223,0,0
1788429448.904398,iOS Bluetooth,225,27,65
1788429448.904398,iOS Bluetooth,209,13,0
1788429448.904398,iOS Bluetooth,209,0,0
1788429448.904398,iOS Bluetooth,209,0,0
1788429448.904398,iOS Bluetooth,209,0,0
1788429448.904398,iOS Bluetooth,209,0,0
1788429448.904398,iOS Bluetooth,209,0,0
1788429448.904398,iOS Bluetooth,209,0,0
1788429448.904398,iOS Bluetooth,209,0,0
1788429448.919502,iOS Bluetooth,229,99,62
1788429448.919502,iOS Bluetooth,213,22,0
1788429448.919502,iOS Bluetooth,213,0,0
1788429448.919502,iOS Bluetooth,233,30,63
1788429448.919502,iOS Bluetooth,233,0,0
1788429448.919502,iOS Bluetooth,233,0,0
1788429448.919502,iOS Bluetooth,233,0,0
1788429448.941722,iOS Bluetooth,218,41,0
1788429448.941722,iOS Bluetooth,218,0,0
1788429448.941722,iOS Bluetooth,235,0,64
1788429448.941722,iOS Bluetooth,219,0,0
1788429448.941722,iOS Bluetooth,219,0,0
1788429448.941722,iOS Bluetooth,236,30,65
1788429448.941722,iOS Bluetooth,220,33,0
1788429448.941722,iOS Bluetooth,220,0,0
1788429448.956412,iOS Bluetooth,237,89,64
1788429448.956412,iOS Bluetooth,221,72,0
1788429448.956412,iOS Bluetooth,221,0,0
1788429448.956412,iOS Bluetooth,238,21,63
1788429448.956412,iOS Bluetooth,222,4,0
1788429448.956412,iOS Bluetooth,222,0,0
1788429448.956412,iOS Bluetooth,239,14,64
1788429448.971260,iOS Bluetooth,223,105,0
1788429448.971260,iOS Bluetooth,223,0,0
1788429448.971260,iOS Bluetooth,225,33,65
1788429448.971260,iOS Bluetooth,209,7,0
1788429448.971260,iOS Bluetooth,209,0,0
1788429448.971260,iOS Bluetooth,226,79,64
1788429448.971260,iOS Bluetooth,210,35,0
1788429448.971260,iOS Bluetooth,210,0,0
1788429448.986462,iOS Bluetooth,229,108,62
1788429448.986462,iOS Bluetooth,213,29,0
1788429448.986462,iOS Bluetooth,213,0,0
1788429448.986462,iOS Bluetooth,233,11,63
1788429448.986462,iOS Bluetooth,217,64,0
1788429448.986462,iOS Bluetooth,217,0,0
1788429448.986462,iOS Bluetooth,217,0,0
1788429448.986462,iOS Bluetooth,217,0,0
1788429448.986462,iOS Bluetooth,217,0,0
1788429449.001453,iOS Bluetooth,218,39,0
1788429449.001453,iOS Bluetooth,218,0,0
1788429449.001453,iOS Bluetooth,235,19,64
1788429449.001453,iOS Bluetooth,217,0,0
1788429449.001453,iOS Bluetooth,217,0,0
1788429449.001453,iOS Bluetooth,137,75,64
1788429449.001453,iOS Bluetooth,227,0,64
1788429449.001453,iOS Bluetooth,147,75,96
1788429449.001453,iOS Bluetooth,236,35,65
1788429449.001453,iOS Bluetooth,220,37,0
1788429449.001453,iOS Bluetooth,220,0,0
1788429449.016381,iOS Bluetooth,221,80,0
1788429449.016381,iOS Bluetooth,221,0,0
1788429449.016381,iOS Bluetooth,238,7,63
1788429449.024501,iOS Bluetooth,222,1,0
1788429449.024501,iOS Bluetooth,222,0,0
1788429449.024501,iOS Bluetooth,239,36,64
1788429449.024501,iOS Bluetooth,239,0,0
1788429449.024501,iOS Bluetooth,239,0,66
1788429449.024501,iOS Bluetooth,239,36,65
1788429449.046484,iOS Bluetooth,209,4,0
1788429449.046484,iOS Bluetooth,209,0,0
1788429449.046484,iOS Bluetooth,226,58,64
1788429449.046484,iOS Bluetooth,210,47,0
1788429449.046484,iOS Bluetooth,210,0,0
1788429449.046484,iOS Bluetooth,210,0,0
1788429449.046484,iOS Bluetooth,210,0,0
1788429449.046484,iOS Bluetooth,210,0,0
1788429449.046484,iOS Bluetooth,211,58,0
1788429449.046484,iOS Bluetooth,211,0,0
1788429449.061599,iOS Bluetooth,229,120,62
1788429449.061599,iOS Bluetooth,213,39,0
1788429449.061599,iOS Bluetooth,213,0,0
1788429449.061599,iOS Bluetooth,233,9,63
1788429449.061599,iOS Bluetooth,233,0,0
1788429449.061599,iOS Bluetooth,233,0,98
1788429449.061599,iOS Bluetooth,233,36,0
1788429449.076732,iOS Bluetooth,235,46,64
1788429449.076732,iOS Bluetooth,219,2,0
1788429449.076732,iOS Bluetooth,219,0,0
1788429449.076732,iOS Bluetooth,219,0,0
1788429449.076732,iOS Bluetooth,219,0,0
1788429449.076732,iOS Bluetooth,219,0,0
1788429449.076732,iOS Bluetooth,219,0,0
1788429449.076732,iOS Bluetooth,219,0,0
1788429449.076732,iOS Bluetooth,219,0,0
1788429449.076732,iOS Bluetooth,237,48,64
1788429449.091563,iOS Bluetooth,221,78,0
1788429449.091563,iOS Bluetooth,221,0,0
1788429449.091563,iOS Bluetooth,238,120,62
1788429449.091563,iOS Bluetooth,238,0,0
1788429449.091563,iOS Bluetooth,238,0,0
1788429449.091563,iOS Bluetooth,238,0,0
1788429449.091563,iOS Bluetooth,223,88,0
1788429449.091563,iOS Bluetooth,223,0,0
1788429449.106414,iOS Bluetooth,209,1,0
1788429449.106414,iOS Bluetooth,209,0,0
1788429449.106414,iOS Bluetooth,226,36,64
1788429449.106414,iOS Bluetooth,226,0,0
1788429449.106414,iOS Bluetooth,226,0,0
1788429449.106414,iOS Bluetooth,226,0,0
1788429449.129003,iOS Bluetooth,211,51,0
1788429449.129003,iOS Bluetooth,211,0,0
1788429449.129003,iOS Bluetooth,229,6,63
1788429449.129003,iOS Bluetooth,213,48,0
1788429449.129003,iOS Bluetooth,213,0,0
1788429449.129003,iOS Bluetooth,213,0,0
1788429449.129003,iOS Bluetooth,213,0,0
1788429449.129003,iOS Bluetooth,213,0,0
1788429449.129003,iOS Bluetooth,213,0,0
1788429449.129003,iOS Bluetooth,213,0,0
1788429449.129003,iOS Bluetooth,213,0,0
1788429449.136551,iOS Bluetooth,235,69,64
1788429449.136551,iOS Bluetooth,219,6,0
1788429449.136551,iOS Bluetooth,219,0,0
1788429449.136551,iOS Bluetooth,236,35,65
1788429449.136551,iOS Bluetooth,220,45,0
1788429449.136551,iOS Bluetooth,220,0,0
1788429449.136551,iOS Bluetooth,237,25,64
1788429449.159013,iOS Bluetooth,221,64,0
1788429449.159013,iOS Bluetooth,221,0,0
1788429449.159013,iOS Bluetooth,238,109,62
1788429449.159013,iOS Bluetooth,222,1,0
1788429449.159013,iOS Bluetooth,222,0,0
1788429449.159013,iOS Bluetooth,239,80,64
1788429449.159013,iOS Bluetooth,223,70,0
1788429449.159013,iOS Bluetooth,223,0,0
1788429449.173840,iOS Bluetooth,225,33,65
1788429449.173840,iOS Bluetooth,209,0,0
1788429449.173840,iOS Bluetooth,209,0,0
1788429449.173840,iOS Bluetooth,226,12,64
1788429449.173840,iOS Bluetooth,210,67,0
1788429449.173840,iOS Bluetooth,210,0,0
1788429449.173840,iOS Bluetooth,227,104,62
1788429449.189005,iOS Bluetooth,211,46,0
1788429449.189005,iOS Bluetooth,211,0,0
1788429449.189005,iOS Bluetooth,229,22,63
1788429449.189005,iOS Bluetooth,213,61,0
1788429449.189005,iOS Bluetooth,213,0,0
1788429449.189005,iOS Bluetooth,234,24,63
1788429449.189005,iOS Bluetooth,234,0,0
1788429449.204540,iOS Bluetooth,235,89,64
1788429449.204540,iOS Bluetooth,219,11,0
1788429449.204540,iOS Bluetooth,219,0,0
1788429449.204540,iOS Bluetooth,236,30,65
1788429449.204540,iOS Bluetooth,220,48,0
1788429449.204540,iOS Bluetooth,220,0,0
1788429449.204540,iOS Bluetooth,220,0,0
1788429449.204540,iOS Bluetooth,220,0,0
1788429449.204540,iOS Bluetooth,220,0,0
1788429449.219463,iOS Bluetooth,221,49,0
1788429449.219463,iOS Bluetooth,221,0,0
1788429449.219463,iOS Bluetooth,238,100,62
1788429449.219463,iOS Bluetooth,222,2,0
1788429449.219463,iOS Bluetooth,222,0,0
1788429449.219463,iOS Bluetooth,239,98,64
1788429449.234436,iOS Bluetooth,225,27,65
1788429449.241560,iOS Bluetooth,226,120,63
1788429449.241560,iOS Bluetooth,210,79,0
1788429449.241560,iOS Bluetooth,210,0,0
1788429449.241560,iOS Bluetooth,227,97,62
1788429449.241560,iOS Bluetooth,227,0,0
1788429449.241560,iOS Bluetooth,227,0,26
1788429449.241560,iOS Bluetooth,227,39,63
1788429449.254875,iOS Bluetooth,213,74,0
1788429449.254875,iOS Bluetooth,213,0,0
1788429449.254875,iOS Bluetooth,234,42,63
1788429449.254875,iOS Bluetooth,218,27,0
1788429449.254875,iOS Bluetooth,218,0,0
1788429449.254875,iOS Bluetooth,218,0,0
1788429449.254875,iOS Bluetooth,218,0,0
1788429449.254875,iOS Bluetooth,218,0,0
1788429449.254875,iOS Bluetooth,219,15,0
1788429449.254875,iOS Bluetooth,219,0,0
1788429449.279590,iOS Bluetooth,236,23,65
1788429449.279590,iOS Bluetooth,220,52,0
1788429449.279590,iOS Bluetooth,220,0,0
1788429449.279590,iOS Bluetooth,220,0,0
1788429449.279590,iOS Bluetooth,220,0,0
1788429449.279590,iOS Bluetooth,220,0,0
1788429449.279590,iOS Bluetooth,220,0,0
1788429449.279590,iOS Bluetooth,220,0,0
1788429449.279590,iOS Bluetooth,220,0,0
1788429449.279590,iOS Bluetooth,238,94,62
1788429449.294537,iOS Bluetooth,222,5,0
1788429449.294537,iOS Bluetooth,222,0,0
1788429449.294537,iOS Bluetooth,239,115,64
1788429449.294537,iOS Bluetooth,239,0,0
1788429449.294537,iOS Bluetooth,239,0,0
1788429449.294537,iOS Bluetooth,239,0,0
1788429449.294537,iOS Bluetooth,209,1,0
1788429449.294537,iOS Bluetooth,209,0,0
1788429449.309506,iOS Bluetooth,226,98,63
1788429449.309506,iOS Bluetooth,210,91,0
1788429449.309506,iOS Bluetooth,210,0,0
1788429449.309506,iOS Bluetooth,210,0,0
1788429449.309506,iOS Bluetooth,210,0,0
1788429449.309506,iOS Bluetooth,210,0,0
1788429449.309506,iOS Bluetooth,210,0,0
1788429449.309506,iOS Bluetooth,210,0,0
1788429449.309506,iOS Bluetooth,210,0,0
1788429449.324665,iOS Bluetooth,229,61,63
1788429449.324665,iOS Bluetooth,213,89,0
1788429449.324665,iOS Bluetooth,213,0,0
1788429449.324665,iOS Bluetooth,234,62,63
1788429449.324665,iOS Bluetooth,234,0,0
1788429449.324665,iOS Bluetooth,234,0,0
1788429449.324665,iOS Bluetooth,234,0,0
1788429449.339676,iOS Bluetooth,219,20,0
1788429449.339676,iOS Bluetooth,219,0,0
1788429449.339676,iOS Bluetooth,236,13,65
1788429449.339676,iOS Bluetooth,220,56,0
1788429449.339676,iOS Bluetooth,220,0,0
1788429449.339676,iOS Bluetooth,237,90,63
1788429449.339676,iOS Bluetooth,221,31,0
1788429449.339676,iOS Bluetooth,221,0,0
1788429449.354526,iOS Bluetooth,238,92,62
1788429449.354526,iOS Bluetooth,222,9,0
1788429449.354526,iOS Bluetooth,222,0,0
1788429449.354526,iOS Bluetooth,239,4,65
1788429449.354526,iOS Bluetooth,223,29,0
1788429449.354526,iOS Bluetooth,223,0,0
1788429449.354526,iOS Bluetooth,225,6,65
1788429449.369492,iOS Bluetooth,209,5,0
1788429449.369492,iOS Bluetooth,209,0,0
1788429449.369492,iOS Bluetooth,226,76,63
1788429449.369492,iOS Bluetooth,210,96,0
1788429449.369492,iOS Bluetooth,210,0,0
1788429449.369492,iOS Bluetooth,227,91,62
1788429449.369492,iOS Bluetooth,211,30,0
1788429449.369492,iOS Bluetooth,211,0,0
1788429449.383906,iOS Bluetooth,229,82,63
1788429449.383906,iOS Bluetooth,213,105,0
1788429449.383906,iOS Bluetooth,213,0,0
1788429449.383906,iOS Bluetooth,234,89,63
1788429449.383906,iOS Bluetooth,218,11,0
1788429449.383906,iOS Bluetooth,218,0,0
1788429449.383906,iOS Bluetooth,218,0,0
1788429449.383906,iOS Bluetooth,218,0,0
1788429449.383906,iOS Bluetooth,218,0,0
1788429449.406414,iOS Bluetooth,219,24,0
1788429449.406414,iOS Bluetooth,219,0,0
1788429449.406414,iOS Bluetooth,236,0,65
1788429449.406414,iOS Bluetooth,220,60,0
1788429449.406414,iOS Bluetooth,220,0,0
1788429449.406414,iOS Bluetooth,237,68,63
1788429449.413808,iOS Bluetooth,222,13,0
1788429449.413808,iOS Bluetooth,222,0,0
1788429449.413808,iOS Bluetooth,239,14,65
1788429449.428826,iOS Bluetooth,223,21,0
1788429449.428826,iOS Bluetooth,223,0,0
1788429449.428826,iOS Bluetooth,225,120,64
1788429449.428826,iOS Bluetooth,225,0,0
1788429449.428826,iOS Bluetooth,225,0,82
1788429449.428826,iOS Bluetooth,225,56,63
1788429449.443770,iOS Bluetooth,210,84,0
1788429449.443770,iOS Bluetooth,210,0,0
1788429449.443770,iOS Bluetooth,227,94,62
1788429449.443770,iOS Bluetooth,211,25,0
1788429449.443770,iOS Bluetooth,211,0,0
1788429449.443770,iOS Bluetooth,211,0,0
1788429449.443770,iOS Bluetooth,211,0,0
1788429449.443770,iOS Bluetooth,211,0,0
1788429449.443770,iOS Bluetooth,213,110,0
1788429449.443770,iOS Bluetooth,213,0,0
1788429449.458983,iOS Bluetooth,234,113,63
1788429449.458983,iOS Bluetooth,218,4,0
1788429449.458983,iOS Bluetooth,218,0,0
1788429449.458983,iOS Bluetooth,235,20,65
1788429449.458983,iOS Bluetooth,235,0,0
1788429449.458983,iOS Bluetooth,235,0,114
1788429449.458983,iOS Bluetooth,235,113,64
1788429449.474595,iOS Bluetooth,220,65,0
1788429449.474595,iOS Bluetooth,220,0,0
1788429449.474595,iOS Bluetooth,237,46,63
1788429449.474595,iOS Bluetooth,237,0,0
1788429449.474595,iOS Bluetooth,237,0,0
1788429449.474595,iOS Bluetooth,237,0,0
1788429449.474595,iOS Bluetooth,222,19,0
1788429449.474595,iOS Bluetooth,222,0,0
1788429449.488905,iOS Bluetooth,239,25,65
1788429449.488905,iOS Bluetooth,223,14,0
1788429449.488905,iOS Bluetooth,223,0,0
1788429449.488905,iOS Bluetooth,223,0,0
1788429449.488905,iOS Bluetooth,223,0,0
1788429449.488905,iOS Bluetooth,223,0,0
1788429449.488905,iOS Bluetooth,223,0,0
1788429449.488905,iOS Bluetooth,223,0,0
1788429449.488905,iOS Bluetooth,223,0,0
1788429449.488905,iOS Bluetooth,226,36,63
1788429449.504502,iOS Bluetooth,210,75,0
1788429449.504502,iOS Bluetooth,210,0,0
1788429449.504502,iOS Bluetooth,227,99,62
1788429449.504502,iOS Bluetooth,227,0,0
1788429449.504502,iOS Bluetooth,227,0,0
1788429449.504502,iOS Bluetooth,227,0,0
1788429449.535234,iOS Bluetooth,213,108,0
1788429449.535234,iOS Bluetooth,213,0,0
1788429449.535234,iOS Bluetooth,234,0,64
1788429449.535234,iOS Bluetooth,218,0,0
1788429449.535234,iOS Bluetooth,218,0,0
1788429449.535234,iOS Bluetooth,235,30,65
1788429449.535234,iOS Bluetooth,219,32,0
1788429449.535234,iOS Bluetooth,219,0,0
1788429449.541428,iOS Bluetooth,236,94,64
1788429449.541428,iOS Bluetooth,220,70,0
1788429449.541428,iOS Bluetooth,220,0,0
1788429449.541428,iOS Bluetooth,237,28,63
1788429449.541428,iOS Bluetooth,221,5,0
1788429449.541428,iOS Bluetooth,221,0,0
1788429449.541428,iOS Bluetooth,238,102,62
1788429449.556360,iOS Bluetooth,222,26,0
1788429449.556360,iOS Bluetooth,222,0,0
1788429449.556360,iOS Bluetooth,239,32,65
1788429449.556360,iOS Bluetooth,223,8,0
1788429449.556360,iOS Bluetooth,223,0,0
1788429449.556360,iOS Bluetooth,225,84,64
1788429449.556360,iOS Bluetooth,209,31,0
1788429449.556360,iOS Bluetooth,209,0,0
1788429449.571414,iOS Bluetooth,226,17,63
1788429449.571414,iOS Bluetooth,210,67,0
1788429449.571414,iOS Bluetooth,210,0,0
1788429449.571414,iOS Bluetooth,227,108,62
1788429449.571414,iOS Bluetooth,211,16,0
1788429449.571414,iOS Bluetooth,211,0,0
1788429449.571414,iOS Bluetooth,229,19,64
1788429449.586500,iOS Bluetooth,213,104,0
1788429449.586500,iOS Bluetooth,213,0,0
1788429449.586500,iOS Bluetooth,234,16,64
1788429449.586500,iOS Bluetooth,235,34,65
1788429449.586500,iOS Bluetooth,219,36,0
1788429449.586500,iOS Bluetooth,219,0,0
1788429449.586500,iOS Bluetooth,219,0,0
1788429449.586500,iOS Bluetooth,219,0,0
1788429449.586500,iOS Bluetooth,219,0,0
1788429449.601390,iOS Bluetooth,218,0,0
1788429449.601390,iOS Bluetooth,218,0,0
1788429449.601390,iOS Bluetooth,138,48,64
1788429449.601390,iOS Bluetooth,228,0,64
1788429449.601390,iOS Bluetooth,148,48,96
1788429449.601390,iOS Bluetooth,220,78,0
1788429449.601390,iOS Bluetooth,220,0,0
1788429449.601390,iOS Bluetooth,237,11,63
1788429449.601390,iOS Bluetooth,176,118,30
1788429449.601390,iOS Bluetooth,221,2,0
1788429449.601390,iOS Bluetooth,221,0,0
1788429449.601390,iOS Bluetooth,238,111,62
1788429449.616332,iOS Bluetooth,239,36,65
1788429449.616332,iOS Bluetooth,223,5,0
1788429449.616332,iOS Bluetooth,223,0,0
1788429449.624239,iOS Bluetooth,225,63,64
1788429449.624239,iOS Bluetooth,209,45,0
1788429449.624239,iOS Bluetooth,209,0,0
1788429449.624239,iOS Bluetooth,209,0,0
1788429449.624239,iOS Bluetooth,209,0,0
1788429449.624239,iOS Bluetooth,209,0,0
1788429449.624239,iOS Bluetooth,210,60,0
1788429449.624239,iOS Bluetooth,210,0,0
1788429449.646332,iOS Bluetooth,227,118,62
1788429449.646332,iOS Bluetooth,211,11,0
1788429449.646332,iOS Bluetooth,211,0,0
1788429449.646332,iOS Bluetooth,228,37,64
1788429449.646332,iOS Bluetooth,228,0,0
1788429449.646332,iOS Bluetooth,228,0,42
1788429449.646332,iOS Bluetooth,228,44,64
1788429449.661871,iOS Bluetooth,213,99,0
1788429449.661871,iOS Bluetooth,213,0,0
1788429449.661871,iOS Bluetooth,234,19,64
1788429449.661871,iOS Bluetooth,235,36,65
1788429449.661871,iOS Bluetooth,235,0,0
1788429449.661871,iOS Bluetooth,235,0,58
1788429449.661871,iOS Bluetooth,235,54,64
1788429449.676827,iOS Bluetooth,220,81,0
1788429449.676827,iOS Bluetooth,220,0,0
1788429449.676827,iOS Bluetooth,237,123,62
1788429449.676827,iOS Bluetooth,237,0,0
1788429449.676827,iOS Bluetooth,237,0,0
1788429449.676827,iOS Bluetooth,237,0,0
1788429449.676827,iOS Bluetooth,222,42,0
1788429449.676827,iOS Bluetooth,222,0,0
1788429449.691506,iOS Bluetooth,223,2,0
1788429449.691506,iOS Bluetooth,223,0,0
1788429449.691506,iOS Bluetooth,225,41,64
1788429449.691506,iOS Bluetooth,225,0,0
1788429449.691506,iOS Bluetooth,225,0,0
1788429449.691506,iOS Bluetooth,225,0,0
1788429449.691506,iOS Bluetooth,210,54,0
1788429449.691506,iOS Bluetooth,210,0,0
1788429449.706528,iOS Bluetooth,227,4,63
1788429449.706528,iOS Bluetooth,211,8,0
1788429449.706528,iOS Bluetooth,211,0,0
1788429449.706528,iOS Bluetooth,211,0,0
1788429449.706528,iOS Bluetooth,211,0,0
1788429449.706528,iOS Bluetooth,211,0,0
1788429449.706528,iOS Bluetooth,211,0,0
1788429449.706528,iOS Bluetooth,211,0,0
1788429449.706528,iOS Bluetooth,211,0,0
1788429449.721546,iOS Bluetooth,229,67,64
1788429449.721546,iOS Bluetooth,213,81,0
1788429449.721546,iOS Bluetooth,213,0,0
1788429449.721546,iOS Bluetooth,219,43,0
1788429449.721546,iOS Bluetooth,219,0,0
1788429449.721546,iOS Bluetooth,219,0,0
1788429449.721546,iOS Bluetooth,219,0,0
1788429449.721546,iOS Bluetooth,219,0,0
1788429449.721546,iOS Bluetooth,219,0,0
1788429449.721546,iOS Bluetooth,219,0,0
1788429449.721546,iOS Bluetooth,219,0,0
1788429449.736641,iOS Bluetooth,237,111,62
1788429449.736641,iOS Bluetooth,238,9,63
1788429449.736641,iOS Bluetooth,222,51,0
1788429449.736641,iOS Bluetooth,222,0,0
1788429449.736641,iOS Bluetooth,239,34,65
1788429449.736641,iOS Bluetooth,223,1,0
1788429449.736641,iOS Bluetooth,223,0,0
1788429449.758719,iOS Bluetooth,225,20,64
1788429449.758719,iOS Bluetooth,209,64,0
1788429449.758719,iOS Bluetooth,209,0,0
1788429449.758719,iOS Bluetooth,226,106,62
1788429449.758719,iOS Bluetooth,210,48,0
1788429449.758719,iOS Bluetooth,210,0,0
1788429449.758719,iOS Bluetooth,227,17,63
1788429449.773737,iOS Bluetooth,211,4,0
1788429449.773737,iOS Bluetooth,211,0,0
1788429449.773737,iOS Bluetooth,228,82,64
1788429449.773737,iOS Bluetooth,212,9,0
1788429449.773737,iOS Bluetooth,212,0,0
1788429449.773737,iOS Bluetooth,229,85,64
1788429449.773737,iOS Bluetooth,213,65,0
1788429449.773737,iOS Bluetooth,213,0,0
1788429449.788712,iOS Bluetooth,235,32,65
1788429449.788712,iOS Bluetooth,219,47,0
1788429449.788712,iOS Bluetooth,219,0,0
1788429449.788712,iOS Bluetooth,236,9,64
1788429449.788712,iOS Bluetooth,220,54,0
1788429449.788712,iOS Bluetooth,220,0,0
1788429449.788712,iOS Bluetooth,220,0,0
1788429449.788712,iOS Bluetooth,220,0,0
1788429449.788712,iOS Bluetooth,220,0,0
1788429449.804389,iOS Bluetooth,221,2,0
1788429449.804389,iOS Bluetooth,221,0,0
1788429449.804389,iOS Bluetooth,238,26,63
1788429449.804389,iOS Bluetooth,222,64,0
1788429449.804389,iOS Bluetooth,222,0,0
1788429449.804389,iOS Bluetooth,239,29,65
1788429449.804389,iOS Bluetooth,239,0,0
1788429449.819268,iOS Bluetooth,225,0,64
1788429449.819268,iOS Bluetooth,209,74,0
1788429449.819268,iOS Bluetooth,209,0,0
1788429449.819268,iOS Bluetooth,226,98,62
1788429449.819268,iOS Bluetooth,210,42,0
1788429449.819268,iOS Bluetooth,210,0,0
1788429449.833714,iOS Bluetooth,211,1,0
1788429449.833714,iOS Bluetooth,211,0,0
1788429449.841456,iOS Bluetooth,228,103,64
1788429449.841456,iOS Bluetooth,212,13,0
1788429449.841456,iOS Bluetooth,212,0,0
1788429449.841456,iOS Bluetooth,229,103,64
1788429449.841456,iOS Bluetooth,229,0,0
1788429449.841456,iOS Bluetooth,229,0,114
1788429449.841456,iOS Bluetooth,229,26,65
1788429449.856584,iOS Bluetooth,219,51,0
1788429449.856584,iOS Bluetooth,219,0,0
1788429449.856584,iOS Bluetooth,236,118,63
1788429449.856584,iOS Bluetooth,220,41,0
1788429449.856584,iOS Bluetooth,220,0,0
1788429449.856584,iOS Bluetooth,220,0,0
1788429449.856584,iOS Bluetooth,220,0,0
1788429449.856584,iOS Bluetooth,220,0,0
1788429449.856584,iOS Bluetooth,221,4,0
1788429449.856584,iOS Bluetooth,221,0,0
1788429449.879472,iOS Bluetooth,238,46,63
1788429449.879472,iOS Bluetooth,222,77,0
1788429449.879472,iOS Bluetooth,222,0,0
1788429449.879472,iOS Bluetooth,222,0,0
1788429449.879472,iOS Bluetooth,222,0,0
1788429449.879472,iOS Bluetooth,222,0,0
1788429449.879472,iOS Bluetooth,222,0,0
1788429449.879472,iOS Bluetooth,222,0,0
1788429449.879472,iOS Bluetooth,222,0,0
1788429449.879472,iOS Bluetooth,225,106,63
1788429449.894337,iOS Bluetooth,209,88,0
1788429449.894337,iOS Bluetooth,209,0,0
1788429449.894337,iOS Bluetooth,226,93,62
1788429449.894337,iOS Bluetooth,226,0,0
1788429449.894337,iOS Bluetooth,226,0,0
1788429449.894337,iOS Bluetooth,226,0,0
1788429449.894337,iOS Bluetooth,211,0,0
1788429449.894337,iOS Bluetooth,211,0,0
1788429449.909925,iOS Bluetooth,228,119,64
1788429449.909925,iOS Bluetooth,212,18,0
1788429449.909925,iOS Bluetooth,212,0,0
1788429449.909925,iOS Bluetooth,212,0,0
1788429449.909925,iOS Bluetooth,212,0,0
1788429449.909925,iOS Bluetooth,212,0,0
1788429449.909925,iOS Bluetooth,212,0,0
1788429449.909925,iOS Bluetooth,212,0,0
1788429449.909925,iOS Bluetooth,212,0,0
1788429449.924427,iOS Bluetooth,235,15,65
1788429449.924427,iOS Bluetooth,219,55,0
1788429449.924427,iOS Bluetooth,219,0,0
1788429449.924427,iOS Bluetooth,236,98,63
1788429449.924427,iOS Bluetooth,236,0,0
1788429449.924427,iOS Bluetooth,236,0,0
1788429449.924427,iOS Bluetooth,236,0,0
1788429449.939435,iOS Bluetooth,221,8,0
1788429449.939435,iOS Bluetooth,221,0,0
1788429449.939435,iOS Bluetooth,238,66,63
1788429449.939435,iOS Bluetooth,222,95,0
1788429449.939435,iOS Bluetooth,222,0,0
1788429449.939435,iOS Bluetooth,239,10,65
1788429449.939435,iOS Bluetooth,223,3,0
1788429449.939435,iOS Bluetooth,223,0,0
1788429449.954421,iOS Bluetooth,225,82,63
1788429449.954421,iOS Bluetooth,209,99,0
1788429449.954421,iOS Bluetooth,209,0,0
1788429449.954421,iOS Bluetooth,226,91,62
1788429449.954421,iOS Bluetooth,210,32,0
1788429449.954421,iOS Bluetooth,210,0,0
1788429449.954421,iOS Bluetooth,227,80,63
1788429449.968823,iOS Bluetooth,211,1,0
1788429449.968823,iOS Bluetooth,211,0,0
1788429449.968823,iOS Bluetooth,228,5,65
1788429449.968823,iOS Bluetooth,212,22,0
1788429449.968823,iOS Bluetooth,212,0,0
1788429449.968823,iOS Bluetooth,229,7,65
1788429449.968823,iOS Bluetooth,213,27,0
1788429449.968823,iOS Bluetooth,213,0,0
1788429449.983827,iOS Bluetooth,235,3,65
1788429449.983827,iOS Bluetooth,219,59,0
1788429449.983827,iOS Bluetooth,219,0,0
1788429449.983827,iOS Bluetooth,236,73,63
1788429449.983827,iOS Bluetooth,220,25,0
1788429449.983827,iOS Bluetooth,220,0,0
1788429449.983827,iOS Bluetooth,220,0,0
1788429449.983827,iOS Bluetooth,220,0,0
1788429449.983827,iOS Bluetooth,220,0,0
1788429449.998962,iOS Bluetooth,238,87,63
1788429449.998962,iOS Bluetooth,222,109,0
1788429449.998962,iOS Bluetooth,222,0,0
1788429449.998962,iOS Bluetooth,239,124,64
1788429449.998962,iOS Bluetooth,223,8,0
1788429449.998962,iOS Bluetooth,223,0,0
1788429450.013731,iOS Bluetooth,209,88,0
1788429450.013731,iOS Bluetooth,209,0,0
1788429450.013731,iOS Bluetooth,226,92,62
1788429450.028715,iOS Bluetooth,210,27,0
1788429450.028715,iOS Bluetooth,210,0,0
1788429450.028715,iOS Bluetooth,227,104,63
1788429450.028715,iOS Bluetooth,227,0,0
1788429450.028715,iOS Bluetooth,227,0,42
1788429450.028715,iOS Bluetooth,227,17,65
1788429450.043702,iOS Bluetooth,212,26,0
1788429450.043702,iOS Bluetooth,212,0,0
1788429450.043702,iOS Bluetooth,229,18,65
1788429450.043702,iOS Bluetooth,213,19,0
1788429450.043702,iOS Bluetooth,213,0,0
1788429450.043702,iOS Bluetooth,213,0,0
1788429450.043702,iOS Bluetooth,213,0,0
1788429450.043702,iOS Bluetooth,213,0,0
1788429450.043702,iOS Bluetooth,219,63,0
1788429450.043702,iOS Bluetooth,219,0,0
1788429450.058723,iOS Bluetooth,236,51,63
1788429450.058723,iOS Bluetooth,220,17,0
1788429450.058723,iOS Bluetooth,220,0,0
1788429450.058723,iOS Bluetooth,237,94,62
1788429450.058723,iOS Bluetooth,237,0,0
1788429450.058723,iOS Bluetooth,237,0,74
1788429450.058723,iOS Bluetooth,237,109,63
1788429450.073781,iOS Bluetooth,222,110,0
1788429450.073781,iOS Bluetooth,222,0,0
1788429450.073781,iOS Bluetooth,239,109,64
1788429450.073781,iOS Bluetooth,239,0,0
1788429450.073781,iOS Bluetooth,239,0,0
1788429450.073781,iOS Bluetooth,239,0,0
1788429450.073781,iOS Bluetooth,209,78,0
1788429450.073781,iOS Bluetooth,209,0,0
1788429450.088794,iOS Bluetooth,226,97,62
1788429450.088794,iOS Bluetooth,210,22,0
1788429450.088794,iOS Bluetooth,210,0,0
1788429450.088794,iOS Bluetooth,210,0,0
1788429450.088794,iOS Bluetooth,210,0,0
1788429450.088794,iOS Bluetooth,210,0,0
1788429450.088794,iOS Bluetooth,210,0,0
1788429450.088794,iOS Bluetooth,210,0,0
1788429450.088794,iOS Bluetooth,210,0,0
1788429450.088794,iOS Bluetooth,228,26,65
1788429450.104277,iOS Bluetooth,212,30,0
1788429450.104277,iOS Bluetooth,212,0,0
1788429450.104277,iOS Bluetooth,229,27,65
1788429450.104277,iOS Bluetooth,229,0,0
1788429450.104277,iOS Bluetooth,229,0,0
1788429450.104277,iOS Bluetooth,229,0,0
1788429450.126673,iOS Bluetooth,219,69,0
1788429450.126673,iOS Bluetooth,219,0,0
1788429450.126673,iOS Bluetooth,236,32,63
1788429450.126673,iOS Bluetooth,220,8,0
1788429450.126673,iOS Bluetooth,220,0,0
1788429450.126673,iOS Bluetooth,220,0,0
1788429450.126673,iOS Bluetooth,220,0,0
1788429450.126673,iOS Bluetooth,220,0,0
1788429450.126673,iOS Bluetooth,220,0,0
1788429450.126673,iOS Bluetooth,220,0,0
1788429450.126673,iOS Bluetooth,220,0,0
1788429450.141494,iOS Bluetooth,238,6,64
1788429450.141494,iOS Bluetooth,222,107,0
1788429450.141494,iOS Bluetooth,222,0,0
1788429450.141494,iOS Bluetooth,239,89,64
1788429450.141494,iOS Bluetooth,223,27,0
1788429450.141494,iOS Bluetooth,223,0,0
1788429450.141494,iOS Bluetooth,225,23,63
1788429450.156852,iOS Bluetooth,209,69,0
1788429450.156852,iOS Bluetooth,209,0,0
1788429450.156852,iOS Bluetooth,226,104,62
1788429450.156852,iOS Bluetooth,210,17,0
1788429450.156852,iOS Bluetooth,210,0,0
1788429450.156852,iOS Bluetooth,227,11,64
1788429450.156852,iOS Bluetooth,211,12,0
1788429450.156852,iOS Bluetooth,211,0,0
1788429450.179491,iOS Bluetooth,228,33,65
1788429450.179491,iOS Bluetooth,212,34,0
1788429450.179491,iOS Bluetooth,212,0,0
1788429450.179491,iOS Bluetooth,229,34,65
1788429450.179491,iOS Bluetooth,213,7,0
1788429450.179491,iOS Bluetooth,213,0,0
1788429450.179491,iOS Bluetooth,235,82,64
1788429450.186338,iOS Bluetooth,219,76,0
1788429450.186338,iOS Bluetooth,219,0,0
1788429450.186338,iOS Bluetooth,236,15,63
1788429450.186338,iOS Bluetooth,220,2,0
1788429450.186338,iOS Bluetooth,220,0,0
1788429450.186338,iOS Bluetooth,237,109,62
1788429450.186338,iOS Bluetooth,237,0,0
1788429450.201462,iOS Bluetooth,238,27,64
1788429450.201462,iOS Bluetooth,222,103,0
1788429450.201462,iOS Bluetooth,222,0,0
1788429450.201462,iOS Bluetooth,219,0,0
1788429450.201462,iOS Bluetooth,219,0,0
1788429450.201462,iOS Bluetooth,139,51,64
1788429450.201462,iOS Bluetooth,230,0,64
1788429450.201462,iOS Bluetooth,150,51,96
1788429450.201462,iOS Bluetooth,239,69,64
1788429450.201462,iOS Bluetooth,223,42,0
1788429450.201462,iOS Bluetooth,223,0,0
1788429450.201462,iOS Bluetooth,223,0,0
1788429450.201462,iOS Bluetooth,223,0,0
1788429450.201462,iOS Bluetooth,223,0,0
1788429450.216484,iOS Bluetooth,209,61,0
1788429450.216484,iOS Bluetooth,209,0,0
1788429450.216484,iOS Bluetooth,226,115,62
1788429450.216484,iOS Bluetooth,210,13,0
1788429450.216484,iOS Bluetooth,210,0,0
1788429450.216484,iOS Bluetooth,227,35,64
1788429450.231473,iOS Bluetooth,228,36,65
1788429450.246280,iOS Bluetooth,212,39,0
1788429450.246280,iOS Bluetooth,212,0,0
1788429450.246280,iOS Bluetooth,229,36,65
1788429450.246280,iOS Bluetooth,213,4,0
1788429450.246280,iOS Bluetooth,213,0,0
1788429450.246280,iOS Bluetooth,213,0,0
1788429450.246280,iOS Bluetooth,213,0,0
1788429450.246280,iOS Bluetooth,213,0,0
1788429450.246280,iOS Bluetooth,214,85,0
1788429450.246280,iOS Bluetooth,214,0,0
1788429450.261665,iOS Bluetooth,235,74,64
1788429450.261665,iOS Bluetooth,236,126,62
1788429450.261665,iOS Bluetooth,220,0,0
1788429450.261665,iOS Bluetooth,220,0,0
1788429450.261665,iOS Bluetooth,220,0,0
1788429450.261665,iOS Bluetooth,220,0,0
1788429450.261665,iOS Bluetooth,220,0,0
1788429450.261665,iOS Bluetooth,221,40,0
1788429450.261665,iOS Bluetooth,221,0,0
1788429450.276581,iOS Bluetooth,238,52,64
1788429450.276581,iOS Bluetooth,222,96,0
1788429450.276581,iOS Bluetooth,222,0,0
1788429450.276581,iOS Bluetooth,222,0,0
1788429450.276581,iOS Bluetooth,222,0,0
1788429450.276581,iOS Bluetooth,222,0,0
1788429450.276581,iOS Bluetooth,222,0,0
1788429450.276581,iOS Bluetooth,222,0,0
1788429450.276581,iOS Bluetooth,222,0,0
1788429450.276581,iOS Bluetooth,225,120,62
1788429450.291473,iOS Bluetooth,209,54,0
1788429450.291473,iOS Bluetooth,209,0,0
1788429450.291473,iOS Bluetooth,226,0,63
1788429450.291473,iOS Bluetooth,226,0,0
1788429450.291473,iOS Bluetooth,226,0,0
1788429450.291473,iOS Bluetooth,226,0,0
1788429450.306364,iOS Bluetooth,211,41,0
1788429450.306364,iOS Bluetooth,211,0,0
1788429450.306364,iOS Bluetooth,212,43,0
1788429450.306364,iOS Bluetooth,212,0,0
1788429450.306364,iOS Bluetooth,213,1,0
1788429450.306364,iOS Bluetooth,213,0,0
1788429450.306364,iOS Bluetooth,213,0,0
1788429450.306364,iOS Bluetooth,213,0,0
1788429450.306364,iOS Bluetooth,213,0,0
1788429450.306364,iOS Bluetooth,213,0,0
1788429450.306364,iOS Bluetooth,213,0,0
1788429450.306364,iOS Bluetooth,213,0,0
1788429450.321489,iOS Bluetooth,236,114,62
1788429450.321489,iOS Bluetooth,237,6,63
1788429450.321489,iOS Bluetooth,221,48,0
1788429450.321489,iOS Bluetooth,221,0,0
1788429450.321489,iOS Bluetooth,221,0,0
1788429450.321489,iOS Bluetooth,221,0,0
1788429450.321489,iOS Bluetooth,221,0,0
1788429450.321489,iOS Bluetooth,221,0,0
1788429450.321489,iOS Bluetooth,221,0,0
1788429450.321489,iOS Bluetooth,221,0,0
1788429450.336606,iOS Bluetooth,239,25,64
1788429450.336606,iOS Bluetooth,223,61,0
1788429450.336606,iOS Bluetooth,223,0,0
1788429450.336606,iOS Bluetooth,225,110,62
1788429450.336606,iOS Bluetooth,209,49,0
1788429450.336606,iOS Bluetooth,209,0,0
1788429450.336606,iOS Bluetooth,226,13,63
1788429450.358903,iOS Bluetooth,210,5,0
1788429450.358903,iOS Bluetooth,210,0,0
1788429450.358903,iOS Bluetooth,227,80,64
1788429450.358903,iOS Bluetooth,211,46,0
1788429450.358903,iOS Bluetooth,211,0,0
1788429450.358903,iOS Bluetooth,228,34,65
1788429450.358903,iOS Bluetooth,212,46,0
1788429450.358903,iOS Bluetooth,212,0,0
1788429450.373845,iOS Bluetooth,229,33,65
1788429450.373845,iOS Bluetooth,213,0,0
1788429450.373845,iOS Bluetooth,213,0,0
1788429450.373845,iOS Bluetooth,230,15,64
1788429450.373845,iOS Bluetooth,214,58,0
1788429450.373845,iOS Bluetooth,214,0,0
1788429450.373845,iOS Bluetooth,236,105,62
1788429450.388781,iOS Bluetooth,220,1,0
1788429450.388781,iOS Bluetooth,220,0,0
1788429450.388781,iOS Bluetooth,237,21,63
1788429450.388781,iOS Bluetooth,221,61,0
1788429450.388781,iOS Bluetooth,221,0,0
1788429450.388781,iOS Bluetooth,238,89,64
1788429450.388781,iOS Bluetooth,238,0,0
1788429450.403918,iOS Bluetooth,239,5,64
1788429450.403918,iOS Bluetooth,223,71,0
1788429450.403918,iOS Bluetooth,223,0,0
1788429450.403918,iOS Bluetooth,225,100,62
1788429450.403918,iOS Bluetooth,209,44,0
1788429450.403918,iOS Bluetooth,209,0,0
1788429450.403918,iOS Bluetooth,209,0,0
1788429450.403918,iOS Bluetooth,209,0,0
1788429450.403918,iOS Bluetooth,209,0,0
1788429450.419243,iOS Bluetooth,210,2,0
1788429450.419243,iOS Bluetooth,210,0,0
1788429450.419243,iOS Bluetooth,227,98,64
1788429450.419243,iOS Bluetooth,228,28,65
1788429450.419243,iOS Bluetooth,212,49,0
1788429450.419243,iOS Bluetooth,212,0,0
1788429450.434432,iOS Bluetooth,230,126,63
1788429450.441495,iOS Bluetooth,214,44,0
1788429450.441495,iOS Bluetooth,214,0,0
1788429450.441495,iOS Bluetooth,236,98,62
1788429450.441495,iOS Bluetooth,220,3,0
1788429450.441495,iOS Bluetooth,220,0,0
1788429450.441495,iOS Bluetooth,220,0,0
1788429450.441495,iOS Bluetooth,220,0,0
1788429450.441495,iOS Bluetooth,220,0,0
1788429450.441495,iOS Bluetooth,221,72,0
1788429450.441495,iOS Bluetooth,221,0,0
1788429450.456639,iOS Bluetooth,238,107,64
1788429450.456639,iOS Bluetooth,222,47,0
1788429450.456639,iOS Bluetooth,222,0,0
1788429450.456639,iOS Bluetooth,239,115,63
1788429450.456639,iOS Bluetooth,239,0,0
1788429450.456639,iOS Bluetooth,239,0,90
1788429450.456639,iOS Bluetooth,239,95,62
1788429450.479455,iOS Bluetooth,209,39,0
1788429450.479455,iOS Bluetooth,209,0,0
1788429450.479455,iOS Bluetooth,226,49,63
1788429450.479455,iOS Bluetooth,226,0,0
1788429450.479455,iOS Bluetooth,226,0,0
1788429450.479455,iOS Bluetooth,226,0,0
1788429450.479455,iOS Bluetooth,228,20,65
1788429450.493781,iOS Bluetooth,212,53,0
1788429450.493781,iOS Bluetooth,212,0,0
1788429450.493781,iOS Bluetooth,229,19,65
1788429450.493781,iOS Bluetooth,229,0,0
1788429450.493781,iOS Bluetooth,229,0,0
1788429450.493781,iOS Bluetooth,229,0,0
1788429450.493781,iOS Bluetooth,214,37,0
1788429450.493781,iOS Bluetooth,214,0,0
1788429450.508816,iOS Bluetooth,236,93,62
1788429450.508816,iOS Bluetooth,220,6,0
1788429450.508816,iOS Bluetooth,220,0,0
1788429450.508816,iOS Bluetooth,220,0,0
1788429450.508816,iOS Bluetooth,220,0,0
1788429450.508816,iOS Bluetooth,220,0,0
1788429450.508816,iOS Bluetooth,220,0,0
1788429450.508816,iOS Bluetooth,220,0,0
1788429450.508816,iOS Bluetooth,220,0,0
1788429450.523970,iOS Bluetooth,238,123,64
1788429450.523970,iOS Bluetooth,222,35,0
1788429450.523970,iOS Bluetooth,222,0,0
1788429450.523970,iOS Bluetooth,239,93,63
1788429450.523970,iOS Bluetooth,223,95,0
1788429450.523970,iOS Bluetooth,223,0,0
1788429450.523970,iOS Bluetooth,225,92,62
1788429450.538973,iOS Bluetooth,209,34,0
1788429450.538973,iOS Bluetooth,209,0,0
1788429450.538973,iOS Bluetooth,226,71,63
1788429450.538973,iOS Bluetooth,227,0,65
1788429450.538973,iOS Bluetooth,211,47,0
1788429450.538973,iOS Bluetooth,211,0,0
1788429450.538973,iOS Bluetooth,228,10,65
1788429450.553893,iOS Bluetooth,212,57,0
1788429450.553893,iOS Bluetooth,212,0,0
1788429450.553893,iOS Bluetooth,229,8,65
1788429450.553893,iOS Bluetooth,213,4,0
1788429450.553893,iOS Bluetooth,213,0,0
1788429450.553893,iOS Bluetooth,230,84,63
1788429450.553893,iOS Bluetooth,214,29,0
1788429450.553893,iOS Bluetooth,214,0,0
1788429450.568735,iOS Bluetooth,236,91,62
1788429450.568735,iOS Bluetooth,220,10,0
1788429450.568735,iOS Bluetooth,220,0,0
1788429450.568735,iOS Bluetooth,237,79,63
1788429450.568735,iOS Bluetooth,221,103,0
1788429450.568735,iOS Bluetooth,221,0,0
1788429450.568735,iOS Bluetooth,238,7,65
1788429450.583853,iOS Bluetooth,222,25,0
1788429450.583853,iOS Bluetooth,222,0,0
1788429450.583853,iOS Bluetooth,239,71,63
1788429450.583853,iOS Bluetooth,223,93,0
1788429450.583853,iOS Bluetooth,223,0,0
1788429450.583853,iOS Bluetooth,209,29,0
1788429450.583853,iOS Bluetooth,209,0,0
1788429450.583853,iOS Bluetooth,209,0,0
1788429450.583853,iOS Bluetooth,209,0,0
1788429450.583853,iOS Bluetooth,209,0,0
1788429450.606454,iOS Bluetooth,210,2,0
1788429450.606454,iOS Bluetooth,210,0,0
1788429450.606454,iOS Bluetooth,227,13,65
1788429450.606454,iOS Bluetooth,176,118,31
1788429450.606454,iOS Bluetooth,211,48,0
1788429450.606454,iOS Bluetooth,211,0,0
1788429450.606454,iOS Bluetooth,228,124,64
1788429450.606454,iOS Bluetooth,228,0,0
1788429450.621438,iOS Bluetooth,229,122,64
1788429450.621438,iOS Bluetooth,213,8,0
1788429450.621438,iOS Bluetooth,213,0,0
1788429450.621438,iOS Bluetooth,230,62,63
1788429450.621438,iOS Bluetooth,214,21,0
1788429450.621438,iOS Bluetooth,214,0,0
1788429450.628833,iOS Bluetooth,220,14,0
1788429450.628833,iOS Bluetooth,220,0,0
1788429450.643787,iOS Bluetooth,237,101,63
1788429450.643787,iOS Bluetooth,221,110,0
1788429450.643787,iOS Bluetooth,221,0,0
1788429450.643787,iOS Bluetooth,238,18,65
1788429450.643787,iOS Bluetooth,238,0,0
1788429450.643787,iOS Bluetooth,238,0,18
1788429450.643787,iOS Bluetooth,238,51,63
1788429450.658875,iOS Bluetooth,223,81,0
1788429450.658875,iOS Bluetooth,223,0,0
1788429450.658875,iOS Bluetooth,225,95,62
1788429450.658875,iOS Bluetooth,209,24,0
1788429450.658875,iOS Bluetooth,209,0,0
1788429450.658875,iOS Bluetooth,209,0,0
1788429450.658875,iOS Bluetooth,209,0,0
1788429450.658875,iOS Bluetooth,209,0,0
1788429450.658875,iOS Bluetooth,210,4,0
1788429450.658875,iOS Bluetooth,210,0,0
1788429450.673916,iOS Bluetooth,227,24,65
1788429450.673916,iOS Bluetooth,228,109,64
1788429450.673916,iOS Bluetooth,228,0,0
1788429450.673916,iOS Bluetooth,228,0,0
1788429450.673916,iOS Bluetooth,228,0,0
1788429450.673916,iOS Bluetooth,213,16,0
1788429450.673916,iOS Bluetooth,213,0,0
1788429450.688968,iOS Bluetooth,230,41,63
1788429450.688968,iOS Bluetooth,214,12,0
1788429450.688968,iOS Bluetooth,214,0,0
1788429450.688968,iOS Bluetooth,214,0,0
1788429450.688968,iOS Bluetooth,214,0,0
1788429450.688968,iOS Bluetooth,214,0,0
1788429450.688968,iOS Bluetooth,214,0,0
1788429450.688968,iOS Bluetooth,214,0,0
1788429450.688968,iOS Bluetooth,214,0,0
1788429450.704617,iOS Bluetooth,237,123,63
1788429450.704617,iOS Bluetooth,221,108,0
1788429450.704617,iOS Bluetooth,221,0,0
1788429450.704617,iOS Bluetooth,238,27,65
1788429450.704617,iOS Bluetooth,238,0,0
1788429450.704617,iOS Bluetooth,238,0,0
1788429450.704617,iOS Bluetooth,238,0,0
1788429450.726469,iOS Bluetooth,223,72,0
1788429450.726469,iOS Bluetooth,223,0,0
1788429450.726469,iOS Bluetooth,225,100,62
1788429450.726469,iOS Bluetooth,209,20,0
1788429450.726469,iOS Bluetooth,209,0,0
1788429450.726469,iOS Bluetooth,209,0,0
1788429450.726469,iOS Bluetooth,209,0,0
1788429450.726469,iOS Bluetooth,209,0,0
1788429450.726469,iOS Bluetooth,209,0,0
1788429450.726469,iOS Bluetooth,209,0,0
1788429450.726469,iOS Bluetooth,209,0,0
1788429450.741578,iOS Bluetooth,227,31,65
1788429450.741578,iOS Bluetooth,211,49,0
1788429450.741578,iOS Bluetooth,211,0,0
1788429450.741578,iOS Bluetooth,228,91,64
1788429450.741578,iOS Bluetooth,212,71,0
1788429450.741578,iOS Bluetooth,212,0,0
1788429450.741578,iOS Bluetooth,229,89,64
1788429450.756556,iOS Bluetooth,213,29,0
1788429450.756556,iOS Bluetooth,213,0,0
1788429450.756556,iOS Bluetooth,230,23,63
1788429450.756556,iOS Bluetooth,214,4,0
1788429450.756556,iOS Bluetooth,214,0,0
1788429450.756556,iOS Bluetooth,236,104,62
1788429450.756556,iOS Bluetooth,220,27,0
1788429450.756556,iOS Bluetooth,220,0,0
1788429450.772289,iOS Bluetooth,237,17,64
1788429450.772289,iOS Bluetooth,221,105,0
1788429450.772289,iOS Bluetooth,221,0,0
1788429450.772289,iOS Bluetooth,238,34,65
1788429450.772289,iOS Bluetooth,222,7,0
1788429450.772289,iOS Bluetooth,222,0,0
1788429450.772289,iOS Bluetooth,239,15,63
1788429450.789536,iOS Bluetooth,223,65,0
1788429450.789536,iOS Bluetooth,223,0,0
1788429450.789536,iOS Bluetooth,225,109,62
1788429450.789536,iOS Bluetooth,209,15,0
1788429450.789536,iOS Bluetooth,209,0,0
1788429450.789536,iOS Bluetooth,226,23,64
1788429450.789536,iOS Bluetooth,226,0,0
1788429450.803443,iOS Bluetooth,227,35,65
1788429450.803443,iOS Bluetooth,228,72,64
1788429450.803443,iOS Bluetooth,220,0,0
1788429450.803443,iOS Bluetooth,220,0,0
1788429450.803443,iOS Bluetooth,140,54,64
1788429450.803443,iOS Bluetooth,231,0,64
1788429450.803443,iOS Bluetooth,151,54,96
1788429450.803443,iOS Bluetooth,212,79,0
1788429450.803443,iOS Bluetooth,212,0,0
1788429450.803443,iOS Bluetooth,229,69,64
1788429450.803443,iOS Bluetooth,229,0,0
1788429450.816454,iOS Bluetooth,230,7,63
1788429450.816454,iOS Bluetooth,214,1,0
1788429450.816454,iOS Bluetooth,214,0,0
1788429450.816454,iOS Bluetooth,231,114,62
1788429450.816454,iOS Bluetooth,215,34,0
1788429450.816454,iOS Bluetooth,215,0,0
1788429450.831520,iOS Bluetooth,237,38,64
1788429450.846484,iOS Bluetooth,221,100,0
1788429450.846484,iOS Bluetooth,221,0,0
1788429450.846484,iOS Bluetooth,238,36,65
1788429450.846484,iOS Bluetooth,222,4,0
1788429450.846484,iOS Bluetooth,222,0,0
1788429450.846484,iOS Bluetooth,222,0,0
1788429450.846484,iOS Bluetooth,222,0,0
1788429450.846484,iOS Bluetooth,222,0,0
1788429450.846484,iOS Bluetooth,223,58,0
1788429450.846484,iOS Bluetooth,223,0,0
1788429450.861659,iOS Bluetooth,225,122,62
1788429450.861659,iOS Bluetooth,209,10,0
1788429450.861659,iOS Bluetooth,209,0,0
1788429450.861659,iOS Bluetooth,226,47,64
1788429450.861659,iOS Bluetooth,226,0,0
1788429450.861659,iOS Bluetooth,226,0,106
1788429450.861659,iOS Bluetooth,226,37,65
1788429450.876362,iOS Bluetooth,228,48,64
1788429450.876362,iOS Bluetooth,212,81,0
1788429450.876362,iOS Bluetooth,212,0,0
1788429450.876362,iOS Bluetooth,212,0,0
1788429450.876362,iOS Bluetooth,212,0,0
1788429450.876362,iOS Bluetooth,212,0,0
1788429450.876362,iOS Bluetooth,212,0,0
1788429450.876362,iOS Bluetooth,212,0,0
1788429450.876362,iOS Bluetooth,212,0,0
1788429450.876362,iOS Bluetooth,230,121,62
1788429450.891497,iOS Bluetooth,214,0,0
1788429450.891497,iOS Bluetooth,214,0,0
1788429450.891497,iOS Bluetooth,231,127,62
1788429450.891497,iOS Bluetooth,231,0,0
1788429450.891497,iOS Bluetooth,231,0,0
1788429450.891497,iOS Bluetooth,231,0,0
1788429450.891497,iOS Bluetooth,221,88,0
1788429450.891497,iOS Bluetooth,221,0,0
1788429450.907621,iOS Bluetooth,222,1,0
1788429450.907621,iOS Bluetooth,222,0,0
1788429450.907621,iOS Bluetooth,239,115,62
1788429450.907621,iOS Bluetooth,239,0,0
1788429450.907621,iOS Bluetooth,239,0,0
1788429450.907621,iOS Bluetooth,239,0,0
1788429450.923591,iOS Bluetooth,209,7,0
1788429450.923591,iOS Bluetooth,209,0,0
1788429450.923591,iOS Bluetooth,226,70,64
1788429450.923591,iOS Bluetooth,210,44,0
1788429450.923591,iOS Bluetooth,210,0,0
1788429450.923591,iOS Bluetooth,210,0,0
1788429450.923591,iOS Bluetooth,210,0,0
1788429450.923591,iOS Bluetooth,210,0,0
1788429450.923591,iOS Bluetooth,210,0,0
1788429450.923591,iOS Bluetooth,210,0,0
1788429450.923591,iOS Bluetooth,210,0,0
1788429450.938770,iOS Bluetooth,212,67,0
1788429450.938770,iOS Bluetooth,212,0,0
1788429450.938770,iOS Bluetooth,229,25,64
1788429450.938770,iOS Bluetooth,213,61,0
1788429450.938770,iOS Bluetooth,213,0,0
1788429450.938770,iOS Bluetooth,230,110,62
1788429450.938770,iOS Bluetooth,231,11,63
1788429450.960545,iOS Bluetooth,215,53,0
1788429450.960545,iOS Bluetooth,215,0,0
1788429450.960545,iOS Bluetooth,237,77,64
1788429450.960545,iOS Bluetooth,221,70,0
1788429450.960545,iOS Bluetooth,221,0,0
1788429450.960545,iOS Bluetooth,238,33,65
1788429450.960545,iOS Bluetooth,222,0,0
1788429450.960545,iOS Bluetooth,222,0,0
1788429450.973832,iOS Bluetooth,239,105,62
1788429450.973832,iOS Bluetooth,223,47,0
1788429450.973832,iOS Bluetooth,223,0,0
1788429450.973832,iOS Bluetooth,225,22,63
1788429450.973832,iOS Bluetooth,209,4,0
1788429450.973832,iOS Bluetooth,209,0,0
1788429450.973832,iOS Bluetooth,226,87,64
1788429450.990302,iOS Bluetooth,210,46,0
1788429450.990302,iOS Bluetooth,210,0,0
1788429450.990302,iOS Bluetooth,227,31,65
1788429450.990302,iOS Bluetooth,211,48,0
1788429450.990302,iOS Bluetooth,211,0,0
1788429450.990302,iOS Bluetooth,228,7,64
1788429450.990302,iOS Bluetooth,228,0,0
1788429451.005297,iOS Bluetooth,229,5,64
1788429451.005297,iOS Bluetooth,213,71,0
1788429451.005297,iOS Bluetooth,213,0,0
1788429451.005297,iOS Bluetooth,230,101,62
1788429451.005297,iOS Bluetooth,214,2,0
1788429451.005297,iOS Bluetooth,214,0,0
1788429451.005297,iOS Bluetooth,214,0,0
1788429451.005297,iOS Bluetooth,214,0,0
1788429451.005297,iOS Bluetooth,214,0,0
1788429451.020342,iOS Bluetooth,215,65,0
1788429451.020342,iOS Bluetooth,215,0,0
1788429451.020342,iOS Bluetooth,237,96,64
1788429451.020342,iOS Bluetooth,221,54,0
1788429451.020342,iOS Bluetooth,221,0,0
1788429451.020342,iOS Bluetooth,238,28,65
1788429451.035169,iOS Bluetooth,223,42,0
1788429451.035169,iOS Bluetooth,223,0,0
1788429451.043192,iOS Bluetooth,225,39,63
1788429451.043192,iOS Bluetooth,209,1,0
1788429451.043192,iOS Bluetooth,209,0,0
1788429451.043192,iOS Bluetooth,226,105,64
1788429451.043192,iOS Bluetooth,226,0,0
1788429451.043192,iOS Bluetooth,226,0,34
1788429451.043192,iOS Bluetooth,226,118,63
1788429451.058305,iOS Bluetooth,212,41,0
1788429451.058305,iOS Bluetooth,212,0,0
1788429451.058305,iOS Bluetooth,229,115,63
1788429451.058305,iOS Bluetooth,213,82,0
1788429451.058305,iOS Bluetooth,213,0,0
1788429451.058305,iOS Bluetooth,213,0,0
1788429451.058305,iOS Bluetooth,213,0,0
1788429451.058305,iOS Bluetooth,213,0,0
1788429451.058305,iOS Bluetooth,214,4,0
1788429451.058305,iOS Bluetooth,214,0,0
1788429451.079662,iOS Bluetooth,231,46,63
1788429451.079662,iOS Bluetooth,215,77,0
1788429451.079662,iOS Bluetooth,215,0,0
1788429451.079662,iOS Bluetooth,215,0,0
1788429451.079662,iOS Bluetooth,215,0,0
1788429451.079662,iOS Bluetooth,215,0,0
1788429451.079662,iOS Bluetooth,215,0,0
1788429451.079662,iOS Bluetooth,215,0,0
1788429451.079662,iOS Bluetooth,215,0,0
1788429451.079662,iOS Bluetooth,238,20,65
1788429451.094388,iOS Bluetooth,222,1,0
1788429451.094388,iOS Bluetooth,222,0,0
1788429451.094388,iOS Bluetooth,239,93,62
1788429451.094388,iOS Bluetooth,239,0,0
1788429451.094388,iOS Bluetooth,239,0,0
1788429451.094388,iOS Bluetooth,239,0,0
1788429451.094388,iOS Bluetooth,209,0,0
1788429451.094388,iOS Bluetooth,209,0,0
1788429451.109336,iOS Bluetooth,226,121,64
1788429451.109336,iOS Bluetooth,210,47,0
1788429451.109336,iOS Bluetooth,210,0,0
1788429451.109336,iOS Bluetooth,210,0,0
1788429451.109336,iOS Bluetooth,210,0,0
1788429451.109336,iOS Bluetooth,210,0,0
1788429451.109336,iOS Bluetooth,210,0,0
1788429451.109336,iOS Bluetooth,210,0,0
1788429451.109336,iOS Bluetooth,210,0,0
1788429451.124578,iOS Bluetooth,212,34,0
1788429451.124578,iOS Bluetooth,212,0,0
1788429451.124578,iOS Bluetooth,229,93,63
1788429451.124578,iOS Bluetooth,213,94,0
1788429451.124578,iOS Bluetooth,213,0,0
1788429451.124578,iOS Bluetooth,213,0,0
1788429451.124578,iOS Bluetooth,213,0,0
1788429451.124578,iOS Bluetooth,213,0,0
1788429451.124578,iOS Bluetooth,213,0,0
1788429451.124578,iOS Bluetooth,213,0,0
1788429451.124578,iOS Bluetooth,213,0,0
1788429451.139820,iOS Bluetooth,231,66,63
1788429451.139820,iOS Bluetooth,215,93,0
1788429451.139820,iOS Bluetooth,215,0,0
1788429451.139820,iOS Bluetooth,237,126,64
1788429451.139820,iOS Bluetooth,221,31,0
1788429451.139820,iOS Bluetooth,221,0,0
1788429451.139820,iOS Bluetooth,238,10,65
1788429451.153841,iOS Bluetooth,222,4,0
1788429451.153841,iOS Bluetooth,222,0,0
1788429451.153841,iOS Bluetooth,239,91,62
1788429451.153841,iOS Bluetooth,223,32,0
1788429451.153841,iOS Bluetooth,223,0,0
1788429451.153841,iOS Bluetooth,225,80,63
1788429451.153841,iOS Bluetooth,209,1,0
1788429451.153841,iOS Bluetooth,209,0,0
1788429451.169102,iOS Bluetooth,226,7,65
1788429451.169102,iOS Bluetooth,227,3,65
1788429451.169102,iOS Bluetooth,211,47,0
1788429451.169102,iOS Bluetooth,211,0,0
1788429451.169102,iOS Bluetooth,228,76,63
1788429451.169102,iOS Bluetooth,212,27,0
1788429451.169102,iOS Bluetooth,212,0,0
1788429451.183909,iOS Bluetooth,229,71,63
1788429451.183909,iOS Bluetooth,230,91,62
1788429451.183909,iOS Bluetooth,214,11,0
1788429451.183909,iOS Bluetooth,214,0,0
1788429451.183909,iOS Bluetooth,231,85,63
1788429451.183909,iOS Bluetooth,231,0,0
1788429451.198768,iOS Bluetooth,237,11,65
1788429451.198768,iOS Bluetooth,221,23,0
1788429451.198768,iOS Bluetooth,221,0,0
1788429451.198768,iOS Bluetooth,238,124,64
1788429451.198768,iOS Bluetooth,222,8,0
1788429451.198768,iOS Bluetooth,222,0,0
1788429451.227215,iOS Bluetooth,223,27,0
1788429451.227215,iOS Bluetooth,223,0,0
1788429451.227215,iOS Bluetooth,225,101,63
1788429451.229428,iOS Bluetooth,209,3,0
1788429451.229428,iOS Bluetooth,209,0,0
1788429451.229428,iOS Bluetooth,226,17,65
1788429451.229428,iOS Bluetooth,226,0,0
1788429451.229428,iOS Bluetooth,226,0,90
1788429451.229428,iOS Bluetooth,226,117,64
1788429451.243668,iOS Bluetooth,211,46,0
1788429451.243668,iOS Bluetooth,211,0,0
1788429451.243668,iOS Bluetooth,228,53,63
1788429451.243668,iOS Bluetooth,212,19,0
1788429451.243668,iOS Bluetooth,212,0,0
1788429451.243668,iOS Bluetooth,212,0,0
1788429451.243668,iOS Bluetooth,212,0,0
1788429451.243668,iOS Bluetooth,212,0,0
1788429451.243668,iOS Bluetooth,213,83,0
1788429451.243668,iOS Bluetooth,213,0,0
1788429451.258708,iOS Bluetooth,230,94,62
1788429451.258708,iOS Bluetooth,214,16,0
1788429451.258708,iOS Bluetooth,214,0,0
1788429451.258708,iOS Bluetooth,231,107,63
1788429451.258708,iOS Bluetooth,231,0,0
1788429451.258708,iOS Bluetooth,231,0,122
1788429451.258708,iOS Bluetooth,231,22,65
1788429451.273694,iOS Bluetooth,221,15,0
1788429451.273694,iOS Bluetooth,221,0,0
1788429451.273694,iOS Bluetooth,238,109,64
1788429451.273694,iOS Bluetooth,238,0,0
1788429451.273694,iOS Bluetooth,238,0,0
1788429451.273694,iOS Bluetooth,238,0,0
1788429451.273694,iOS Bluetooth,223,23,0
1788429451.273694,iOS Bluetooth,223,0,0
1788429451.288731,iOS Bluetooth,225,126,63
1788429451.288731,iOS Bluetooth,209,2,0
1788429451.288731,iOS Bluetooth,209,0,0
1788429451.288731,iOS Bluetooth,209,0,0
1788429451.288731,iOS Bluetooth,209,0,0
1788429451.288731,iOS Bluetooth,209,0,0
1788429451.288731,iOS Bluetooth,209,0,0
1788429451.288731,iOS Bluetooth,209,0,0
1788429451.288731,iOS Bluetooth,209,0,0
1788429451.288731,iOS Bluetooth,228,36,63
1788429451.304370,iOS Bluetooth,212,9,0
1788429451.304370,iOS Bluetooth,212,0,0
1788429451.304370,iOS Bluetooth,229,34,63
1788429451.304370,iOS Bluetooth,229,0,0
1788429451.304370,iOS Bluetooth,229,0,0
1788429451.304370,iOS Bluetooth,229,0,0
1788429451.326485,iOS Bluetooth,214,22,0
1788429451.326485,iOS Bluetooth,214,0,0
1788429451.326485,iOS Bluetooth,231,0,64
1788429451.326485,iOS Bluetooth,215,108,0
1788429451.326485,iOS Bluetooth,215,0,0
1788429451.326485,iOS Bluetooth,215,0,0
1788429451.326485,iOS Bluetooth,215,0,0
1788429451.326485,iOS Bluetooth,215,0,0
1788429451.326485,iOS Bluetooth,215,0,0
1788429451.326485,iOS Bluetooth,215,0,0
1788429451.326485,iOS Bluetooth,215,0,0
1788429451.341432,iOS Bluetooth,238,91,64
1788429451.341432,iOS Bluetooth,222,26,0
1788429451.341432,iOS Bluetooth,222,0,0
1788429451.341432,iOS Bluetooth,239,102,62
1788429451.341432,iOS Bluetooth,223,18,0
1788429451.341432,iOS Bluetooth,223,0,0
1788429451.341432,iOS Bluetooth,225,6,64
1788429451.356338,iOS Bluetooth,209,10,0
1788429451.356338,iOS Bluetooth,209,0,0
1788429451.356338,iOS Bluetooth,226,32,65
1788429451.356338,iOS Bluetooth,210,49,0
1788429451.356338,iOS Bluetooth,210,0,0
1788429451.356338,iOS Bluetooth,227,82,64
1788429451.356338,iOS Bluetooth,228,19,63
1788429451.371446,iOS Bluetooth,212,4,0
1788429451.371446,iOS Bluetooth,212,0,0
1788429451.371446,iOS Bluetooth,229,17,63
1788429451.371446,iOS Bluetooth,213,66,0
1788429451.371446,iOS Bluetooth,213,0,0
1788429451.371446,iOS Bluetooth,230,106,62
1788429451.371446,iOS Bluetooth,214,28,0
1788429451.371446,iOS Bluetooth,214,0,0
1788429451.384687,iOS Bluetooth,231,22,64
1788429451.384687,iOS Bluetooth,215,104,0
1788429451.384687,iOS Bluetooth,215,0,0
1788429451.384687,iOS Bluetooth,237,35,65
1788429451.384687,iOS Bluetooth,221,6,0
1788429451.384687,iOS Bluetooth,221,0,0
1788429451.384687,iOS Bluetooth,221,0,0
1788429451.384687,iOS Bluetooth,221,0,0
1788429451.384687,iOS Bluetooth,221,0,0
1788429451.401276,iOS Bluetooth,222,41,0
1788429451.401276,iOS Bluetooth,222,0,0
1788429451.401276,iOS Bluetooth,239,111,62
1788429451.401276,iOS Bluetooth,221,0,0
1788429451.401276,iOS Bluetooth,221,0,0
1788429451.401276,iOS Bluetooth,141,57,64
1788429451.401276,iOS Bluetooth,232,0,64
1788429451.401276,iOS Bluetooth,152,57,96
1788429451.401276,iOS Bluetooth,223,14,0
1788429451.401276,iOS Bluetooth,223,0,0
1788429451.401276,iOS Bluetooth,225,29,64
1788429451.416675,iOS Bluetooth,226,36,65
1788429451.423912,iOS Bluetooth,227,60,64
1788429451.423912,iOS Bluetooth,211,39,0
1788429451.423912,iOS Bluetooth,211,0,0
1788429451.423912,iOS Bluetooth,228,3,63
1788429451.423912,iOS Bluetooth,228,0,0
1788429451.423912,iOS Bluetooth,228,0,34
1788429451.423912,iOS Bluetooth,228,2,63
1788429451.446387,iOS Bluetooth,213,59,0
1788429451.446387,iOS Bluetooth,213,0,0
1788429451.446387,iOS Bluetooth,230,117,62
1788429451.446387,iOS Bluetooth,214,36,0
1788429451.446387,iOS Bluetooth,214,0,0
1788429451.446387,iOS Bluetooth,214,0,0
1788429451.446387,iOS Bluetooth,214,0,0
1788429451.446387,iOS Bluetooth,214,0,0
1788429451.446387,iOS Bluetooth,215,99,0
1788429451.446387,iOS Bluetooth,215,0,0
1788429451.461464,iOS Bluetooth,232,37,65
1788429451.461464,iOS Bluetooth,216,3,0
1788429451.461464,iOS Bluetooth,216,0,0
1788429451.461464,iOS Bluetooth,238,52,64
1788429451.461464,iOS Bluetooth,238,0,0
1788429451.461464,iOS Bluetooth,238,0,66
1788429451.461464,iOS Bluetooth,238,123,62
1788429451.476479,iOS Bluetooth,223,9,0
1788429451.476479,iOS Bluetooth,223,0,0
1788429451.476479,iOS Bluetooth,225,52,64
1788429451.476479,iOS Bluetooth,225,0,0
1788429451.476479,iOS Bluetooth,225,0,0
1788429451.476479,iOS Bluetooth,225,0,0
1788429451.476479,iOS Bluetooth,211,28,0
1788429451.476479,iOS Bluetooth,211,0,0
1788429451.491528,iOS Bluetooth,228,118,62
1788429451.491528,iOS Bluetooth,212,0,0
1788429451.491528,iOS Bluetooth,212,0,0
1788429451.491528,iOS Bluetooth,212,0,0
1788429451.491528,iOS Bluetooth,212,0,0
1788429451.491528,iOS Bluetooth,212,0,0
1788429451.491528,iOS Bluetooth,212,0,0
1788429451.491528,iOS Bluetooth,212,0,0
1788429451.491528,iOS Bluetooth,212,0,0
1788429451.491528,iOS Bluetooth,230,0,63
1788429451.506377,iOS Bluetooth,214,46,0
1788429451.506377,iOS Bluetooth,214,0,0
1788429451.506377,iOS Bluetooth,231,62,64
1788429451.506377,iOS Bluetooth,231,0,0
1788429451.506377,iOS Bluetooth,231,0,0
1788429451.506377,iOS Bluetooth,231,0,0
1788429451.521592,iOS Bluetooth,216,1,0
1788429451.521592,iOS Bluetooth,216,0,0
1788429451.521592,iOS Bluetooth,238,31,64
1788429451.521592,iOS Bluetooth,222,59,0
1788429451.521592,iOS Bluetooth,222,0,0
1788429451.521592,iOS Bluetooth,239,9,63
1788429451.521592,iOS Bluetooth,223,6,0
1788429451.521592,iOS Bluetooth,223,0,0
1788429451.536556,iOS Bluetooth,225,75,64
1788429451.536556,iOS Bluetooth,209,46,0
1788429451.536556,iOS Bluetooth,209,0,0
1788429451.536556,iOS Bluetooth,226,35,65
1788429451.536556,iOS Bluetooth,227,16,64
1788429451.536556,iOS Bluetooth,211,15,0
1788429451.536556,iOS Bluetooth,211,0,0
1788429451.558807,iOS Bluetooth,228,107,62
1788429451.558807,iOS Bluetooth,229,107,62
1788429451.558807,iOS Bluetooth,213,48,0
1788429451.558807,iOS Bluetooth,213,0,0
1788429451.558807,iOS Bluetooth,230,15,63
1788429451.558807,iOS Bluetooth,214,55,0
1788429451.558807,iOS Bluetooth,214,0,0
1788429451.574562,iOS Bluetooth,231,82,64
1788429451.574562,iOS Bluetooth,215,67,0
1788429451.574562,iOS Bluetooth,215,0,0
1788429451.574562,iOS Bluetooth,232,32,65
1788429451.574562,iOS Bluetooth,216,0,0
1788429451.574562,iOS Bluetooth,216,0,0
1788429451.574562,iOS Bluetooth,238,12,64
1788429451.588746,iOS Bluetooth,222,69,0
1788429451.588746,iOS Bluetooth,222,0,0
1788429451.588746,iOS Bluetooth,239,24,63
1788429451.588746,iOS Bluetooth,223,3,0
1788429451.588746,iOS Bluetooth,223,0,0
1788429451.588746,iOS Bluetooth,225,92,64
1788429451.588746,iOS Bluetooth,225,0,0
1788429451.604340,iOS Bluetooth,210,48,0
1788429451.604340,iOS Bluetooth,210,0,0
1788429451.604340,iOS Bluetooth,227,0,64
1788429451.604340,iOS Bluetooth,176,118,32
1788429451.604340,iOS Bluetooth,211,0,0
1788429451.604340,iOS Bluetooth,211,0,0
1788429451.604340,iOS Bluetooth,228,100,62
1788429451.611484,iOS Bluetooth,229,99,62
1788429451.611484,iOS Bluetooth,213,43,0
1788429451.611484,iOS Bluetooth,213,0,0
1788429451.626538,iOS Bluetooth,230,32,63
1788429451.626538,iOS Bluetooth,214,67,0
1788429451.626538,iOS Bluetooth,214,0,0
1788429451.626538,iOS Bluetooth,214,0,0
1788429451.626538,iOS Bluetooth,214,0,0
1788429451.626538,iOS Bluetooth,214,0,0
1788429451.626538,iOS Bluetooth,215,52,0
1788429451.626538,iOS Bluetooth,215,0,0
1788429451.643190,iOS Bluetooth,232,26,65
1788429451.643190,iOS Bluetooth,238,120,63
1788429451.643190,iOS Bluetooth,222,79,0
1788429451.643190,iOS Bluetooth,222,0,0
1788429451.643190,iOS Bluetooth,222,0,0
1788429451.643190,iOS Bluetooth,222,0,0
1788429451.643190,iOS Bluetooth,222,0,0
1788429451.643190,iOS Bluetooth,223,1,0
1788429451.643190,iOS Bluetooth,223,0,0
1788429451.656392,iOS Bluetooth,225,109,64
1788429451.656392,iOS Bluetooth,226,23,65
1788429451.656392,iOS Bluetooth,227,118,63
1788429451.656392,iOS Bluetooth,227,0,0
1788429451.656392,iOS Bluetooth,227,0,10
1788429451.656392,iOS Bluetooth,227,95,62
1788429451.680376,iOS Bluetooth,212,4,0
1788429451.680376,iOS Bluetooth,212,0,0
1788429451.680376,iOS Bluetooth,229,94,62
1788429451.680376,iOS Bluetooth,229,0,0
1788429451.680376,iOS Bluetooth,229,0,0
1788429451.680376,iOS Bluetooth,229,0,0
1788429451.680376,iOS Bluetooth,214,79,0
1788429451.680376,iOS Bluetooth,214,0,0
1788429451.695054,iOS Bluetooth,231,115,64
1788429451.695054,iOS Bluetooth,215,40,0
1788429451.695054,iOS Bluetooth,215,0,0
1788429451.695054,iOS Bluetooth,215,0,0
1788429451.695054,iOS Bluetooth,215,0,0
1788429451.695054,iOS Bluetooth,215,0,0
1788429451.695054,iOS Bluetooth,215,0,0
1788429451.695054,iOS Bluetooth,215,0,0
1788429451.695054,iOS Bluetooth,215,0,0
1788429451.710278,iOS Bluetooth,238,98,63
1788429451.710278,iOS Bluetooth,222,91,0
1788429451.710278,iOS Bluetooth,222,0,0
1788429451.710278,iOS Bluetooth,239,59,63
1788429451.710278,iOS Bluetooth,239,0,0
1788429451.710278,iOS Bluetooth,239,0,0
1788429451.710278,iOS Bluetooth,239,0,0
1788429451.725808,iOS Bluetooth,209,47,0
1788429451.725808,iOS Bluetooth,209,0,0
1788429451.725808,iOS Bluetooth,226,13,65
1788429451.725808,iOS Bluetooth,210,47,0
1788429451.725808,iOS Bluetooth,210,0,0
1788429451.725808,iOS Bluetooth,210,0,0
1788429451.725808,iOS Bluetooth,210,0,0
1788429451.725808,iOS Bluetooth,210,0,0
1788429451.725808,iOS Bluetooth,210,0,0
1788429451.725808,iOS Bluetooth,210,0,0
1788429451.725808,iOS Bluetooth,210,0,0
1788429451.739058,iOS Bluetooth,228,92,62
1788429451.739058,iOS Bluetooth,212,8,0
1788429451.739058,iOS Bluetooth,212,0,0
1788429451.739058,iOS Bluetooth,229,92,62
1788429451.739058,iOS Bluetooth,213,33,0
1788429451.739058,iOS Bluetooth,213,0,0
1788429451.739058,iOS Bluetooth,230,69,63
1788429451.753796,iOS Bluetooth,214,97,0
1788429451.753796,iOS Bluetooth,214,0,0
1788429451.753796,iOS Bluetooth,231,2,65
1788429451.753796,iOS Bluetooth,215,29,0
1788429451.753796,iOS Bluetooth,215,0,0
1788429451.753796,iOS Bluetooth,232,6,65
1788429451.753796,iOS Bluetooth,216,4,0
1788429451.753796,iOS Bluetooth,216,0,0
1788429451.768863,iOS Bluetooth,238,76,63
1788429451.768863,iOS Bluetooth,222,98,0
1788429451.768863,iOS Bluetooth,222,0,0
1788429451.768863,iOS Bluetooth,239,86,63
1788429451.768863,iOS Bluetooth,223,1,0
1788429451.768863,iOS Bluetooth,223,0,0
1788429451.768863,iOS Bluetooth,225,8,65
1788429451.783748,iOS Bluetooth,226,0,65
1788429451.783748,iOS Bluetooth,227,70,63
1788429451.783748,iOS Bluetooth,211,0,0
1788429451.783748,iOS Bluetooth,211,0,0
1788429451.783748,iOS Bluetooth,212,12,0
1788429451.783748,iOS Bluetooth,212,0,0
1788429451.783748,iOS Bluetooth,212,0,0
1788429451.783748,iOS Bluetooth,212,0,0
1788429451.783748,iOS Bluetooth,212,0,0
1788429451.808662,iOS Bluetooth,230,87,63
1788429451.808662,iOS Bluetooth,214,109,0
1788429451.808662,iOS Bluetooth,214,0,0
1788429451.808662,iOS Bluetooth,231,13,65
1788429451.808662,iOS Bluetooth,215,22,0
1788429451.808662,iOS Bluetooth,215,0,0
1788429451.808662,iOS Bluetooth,215,0,0
1788429451.808662,iOS Bluetooth,215,0,0
1788429451.808662,iOS Bluetooth,215,0,0
1788429451.823614,iOS Bluetooth,216,8,0
1788429451.823614,iOS Bluetooth,216,0,0
1788429451.823614,iOS Bluetooth,238,61,63
1788429451.823614,iOS Bluetooth,222,87,0
1788429451.823614,iOS Bluetooth,222,0,0
1788429451.823614,iOS Bluetooth,239,104,63
1788429451.829453,iOS Bluetooth,225,18,65
1788429451.845295,iOS Bluetooth,209,48,0
1788429451.845295,iOS Bluetooth,209,0,0
1788429451.845295,iOS Bluetooth,226,115,64
1788429451.845295,iOS Bluetooth,210,46,0
1788429451.845295,iOS Bluetooth,210,0,0
1788429451.845295,iOS Bluetooth,210,0,0
1788429451.845295,iOS Bluetooth,210,0,0
1788429451.845295,iOS Bluetooth,210,0,0
1788429451.845295,iOS Bluetooth,228,94,62
1788429451.858912,iOS Bluetooth,212,16,0
1788429451.858912,iOS Bluetooth,212,0,0
1788429451.858912,iOS Bluetooth,229,94,62
1788429451.858912,iOS Bluetooth,213,24,0
1788429451.858912,iOS Bluetooth,213,0,0
1788429451.858912,iOS Bluetooth,213,0,0
1788429451.858912,iOS Bluetooth,213,0,0
1788429451.858912,iOS Bluetooth,213,0,0
1788429451.858912,iOS Bluetooth,214,110,0
1788429451.858912,iOS Bluetooth,214,0,0
1788429451.873830,iOS Bluetooth,231,23,65
1788429451.873830,iOS Bluetooth,215,15,0
1788429451.873830,iOS Bluetooth,215,0,0
1788429451.873830,iOS Bluetooth,215,0,0
1788429451.873830,iOS Bluetooth,215,0,0
1788429451.873830,iOS Bluetooth,215,0,0
1788429451.873830,iOS Bluetooth,215,0,0
1788429451.873830,iOS Bluetooth,215,0,0
1788429451.873830,iOS Bluetooth,215,0,0
1788429451.873830,iOS Bluetooth,238,41,63
1788429451.888952,iOS Bluetooth,222,77,0
1788429451.888952,iOS Bluetooth,222,0,0
1788429451.888952,iOS Bluetooth,239,126,63
1788429451.888952,iOS Bluetooth,239,0,0
1788429451.888952,iOS Bluetooth,239,0,0
1788429451.888952,iOS Bluetooth,239,0,0
1788429451.888952,iOS Bluetooth,226,100,64
1788429451.904428,iOS Bluetooth,227,32,63
1788429451.904428,iOS Bluetooth,211,2,0
1788429451.904428,iOS Bluetooth,211,0,0
1788429451.904428,iOS Bluetooth,211,0,0
1788429451.904428,iOS Bluetooth,211,0,0
1788429451.904428,iOS Bluetooth,211,0,0
1788429451.904428,iOS Bluetooth,211,0,0
1788429451.904428,iOS Bluetooth,211,0,0
1788429451.904428,iOS Bluetooth,211,0,0
1788429451.919662,iOS Bluetooth,229,100,62
1788429451.919662,iOS Bluetooth,213,20,0
1788429451.919662,iOS Bluetooth,213,0,0
1788429451.919662,iOS Bluetooth,230,0,64
1788429451.919662,iOS Bluetooth,230,0,0
1788429451.919662,iOS Bluetooth,230,0,0
1788429451.919662,iOS Bluetooth,230,0,0
1788429451.941894,iOS Bluetooth,215,10,0
1788429451.941894,iOS Bluetooth,215,0,0
1788429451.941894,iOS Bluetooth,232,91,64
1788429451.941894,iOS Bluetooth,216,26,0
1788429451.941894,iOS Bluetooth,216,0,0
1788429451.941894,iOS Bluetooth,238,23,63
1788429451.941894,iOS Bluetooth,222,69,0
1788429451.941894,iOS Bluetooth,222,0,0
1788429451.956580,iOS Bluetooth,239,8,64
1788429451.956580,iOS Bluetooth,223,10,0
1788429451.956580,iOS Bluetooth,223,0,0
1788429451.956580,iOS Bluetooth,225,33,65
1788429451.956580,iOS Bluetooth,209,49,0
1788429451.956580,iOS Bluetooth,209,0,0
1788429451.956580,iOS Bluetooth,226,82,64
1788429451.971431,iOS Bluetooth,227,15,63
1788429451.971431,iOS Bluetooth,211,5,0
1788429451.971431,iOS Bluetooth,211,0,0
1788429451.971431,iOS Bluetooth,228,108,62
1788429451.971431,iOS Bluetooth,212,28,0
1788429451.971431,iOS Bluetooth,212,0,0
1788429451.971431,iOS Bluetooth,229,108,62
1788429451.986405,iOS Bluetooth,213,15,0
1788429451.986405,iOS Bluetooth,213,0,0
1788429451.986405,iOS Bluetooth,230,22,64
1788429451.986405,iOS Bluetooth,214,104,0
1788429451.986405,iOS Bluetooth,214,0,0
1788429451.986405,iOS Bluetooth,231,35,65
1788429451.986405,iOS Bluetooth,231,0,0
1788429452.001718,iOS Bluetooth,232,72,64
1788429452.001718,iOS Bluetooth,216,41,0
1788429452.001718,iOS Bluetooth,216,0,0
1788429452.001718,iOS Bluetooth,222,0,0
1788429452.001718,iOS Bluetooth,222,0,0
1788429452.001718,iOS Bluetooth,142,60,64
1788429452.001718,iOS Bluetooth,233,0,64
1788429452.001718,iOS Bluetooth,153,60,96
1788429452.001718,iOS Bluetooth,233,7,63
1788429452.001718,iOS Bluetooth,217,62,0
1788429452.001718,iOS Bluetooth,217,0,0
1788429452.001718,iOS Bluetooth,217,0,0
1788429452.001718,iOS Bluetooth,217,0,0
1788429452.001718,iOS Bluetooth,217,0,0
1788429452.016599,iOS Bluetooth,239,32,64
1788429452.016599,iOS Bluetooth,223,23,0
1788429452.016599,iOS Bluetooth,223,0,0
1788429452.016599,iOS Bluetooth,225,36,65
1788429452.016599,iOS Bluetooth,226,60,64
1788429452.031468,iOS Bluetooth,227,0,63
1788429452.046564,iOS Bluetooth,211,9,0
1788429452.046564,iOS Bluetooth,211,0,0
1788429452.046564,iOS Bluetooth,228,118,62
1788429452.046564,iOS Bluetooth,212,36,0
1788429452.046564,iOS Bluetooth,212,0,0
1788429452.046564,iOS Bluetooth,212,0,0
1788429452.046564,iOS Bluetooth,212,0,0
1788429452.046564,iOS Bluetooth,212,0,0
1788429452.046564,iOS Bluetooth,213,11,0
1788429452.046564,iOS Bluetooth,213,0,0
1788429452.061438,iOS Bluetooth,230,47,64
1788429452.061438,iOS Bluetooth,214,99,0
1788429452.061438,iOS Bluetooth,214,0,0
1788429452.061438,iOS Bluetooth,231,37,65
1788429452.061438,iOS Bluetooth,231,0,0
1788429452.061438,iOS Bluetooth,231,0,26
1788429452.061438,iOS Bluetooth,231,50,64
1788429452.076627,iOS Bluetooth,216,52,0
1788429452.076627,iOS Bluetooth,216,0,0
1788429452.076627,iOS Bluetooth,233,121,62
1788429452.076627,iOS Bluetooth,233,0,0
1788429452.076627,iOS Bluetooth,233,0,0
1788429452.076627,iOS Bluetooth,233,0,0
1788429452.076627,iOS Bluetooth,223,36,0
1788429452.076627,iOS Bluetooth,223,0,0
1788429452.091587,iOS Bluetooth,226,37,64
1788429452.091587,iOS Bluetooth,210,26,0
1788429452.091587,iOS Bluetooth,210,0,0
1788429452.091587,iOS Bluetooth,210,0,0
1788429452.091587,iOS Bluetooth,210,0,0
1788429452.091587,iOS Bluetooth,210,0,0
1788429452.091587,iOS Bluetooth,210,0,0
1788429452.091587,iOS Bluetooth,210,0,0
1788429452.091587,iOS Bluetooth,210,0,0
1788429452.091587,iOS Bluetooth,228,2,63
1788429452.106398,iOS Bluetooth,212,46,0
1788429452.106398,iOS Bluetooth,212,0,0
1788429452.106398,iOS Bluetooth,229,4,63
1788429452.106398,iOS Bluetooth,229,0,0
1788429452.106398,iOS Bluetooth,229,0,0
1788429452.106398,iOS Bluetooth,229,0,0
1788429452.121437,iOS Bluetooth,214,81,0
1788429452.121437,iOS Bluetooth,214,0,0
1788429452.121437,iOS Bluetooth,231,36,65
1788429452.121437,iOS Bluetooth,215,1,0
1788429452.121437,iOS Bluetooth,215,0,0
1788429452.121437,iOS Bluetooth,215,0,0
1788429452.121437,iOS Bluetooth,215,0,0
1788429452.121437,iOS Bluetooth,215,0,0
1788429452.121437,iOS Bluetooth,215,0,0
1788429452.121437,iOS Bluetooth,215,0,0
1788429452.121437,iOS Bluetooth,215,0,0
1788429452.136598,iOS Bluetooth,233,110,62
1788429452.136598,iOS Bluetooth,217,50,0
1788429452.136598,iOS Bluetooth,217,0,0
1788429452.136598,iOS Bluetooth,239,75,64
1788429452.136598,iOS Bluetooth,223,46,0
1788429452.136598,iOS Bluetooth,223,0,0
1788429452.136598,iOS Bluetooth,225,34,65
1788429452.151328,iOS Bluetooth,226,14,64
1788429452.151328,iOS Bluetooth,210,14,0
1788429452.151328,iOS Bluetooth,210,0,0
1788429452.151328,iOS Bluetooth,227,105,62
1788429452.151328,iOS Bluetooth,211,17,0
1788429452.151328,iOS Bluetooth,211,0,0
1788429452.151328,iOS Bluetooth,228,17,63
1788429452.173877,iOS Bluetooth,212,56,0
1788429452.173877,iOS Bluetooth,212,0,0
1788429452.173877,iOS Bluetooth,229,19,63
1788429452.173877,iOS Bluetooth,213,4,0
1788429452.173877,iOS Bluetooth,213,0,0
1788429452.173877,iOS Bluetooth,230,85,64
1788429452.173877,iOS Bluetooth,214,65,0
1788429452.173877,iOS Bluetooth,214,0,0
1788429452.188858,iOS Bluetooth,231,32,65
1788429452.188858,iOS Bluetooth,215,0,0
1788429452.188858,iOS Bluetooth,215,0,0
1788429452.188858,iOS Bluetooth,232,7,64
1788429452.188858,iOS Bluetooth,216,70,0
1788429452.188858,iOS Bluetooth,216,0,0
1788429452.188858,iOS Bluetooth,216,0,0
1788429452.188858,iOS Bluetooth,216,0,0
1788429452.188858,iOS Bluetooth,216,0,0
1788429452.204812,iOS Bluetooth,217,44,0
1788429452.204812,iOS Bluetooth,217,0,0
1788429452.204812,iOS Bluetooth,239,94,64
1788429452.204812,iOS Bluetooth,225,29,65
1788429452.204812,iOS Bluetooth,209,48,0
1788429452.204812,iOS Bluetooth,209,0,0
1788429452.204812,iOS Bluetooth,209,0,0
1788429452.204812,iOS Bluetooth,209,0,0
1788429452.204812,iOS Bluetooth,209,0,0
1788429452.219468,iOS Bluetooth,210,0,0
1788429452.219468,iOS Bluetooth,210,0,0
1788429452.219468,iOS Bluetooth,227,98,62
1788429452.219468,iOS Bluetooth,211,21,0
1788429452.219468,iOS Bluetooth,211,0,0
1788429452.219468,iOS Bluetooth,228,35,63
1788429452.234324,iOS Bluetooth,229,37,63
1788429452.241438,iOS Bluetooth,213,1,0
1788429452.241438,iOS Bluetooth,213,0,0
1788429452.241438,iOS Bluetooth,230,103,64
1788429452.241438,iOS Bluetooth,214,50,0
1788429452.241438,iOS Bluetooth,214,0,0
1788429452.241438,iOS Bluetooth,214,0,0
1788429452.241438,iOS Bluetooth,214,0,0
1788429452.241438,iOS Bluetooth,214,0,0
1788429452.241438,iOS Bluetooth,232,117,63
1788429452.277585,iOS Bluetooth,216,82,0
1788429452.277585,iOS Bluetooth,216,0,0
1788429452.277585,iOS Bluetooth,233,96,62
1788429452.277585,iOS Bluetooth,233,0,0
1788429452.277585,iOS Bluetooth,233,0,0
1788429452.277585,iOS Bluetooth,233,0,0
1788429452.277585,iOS Bluetooth,225,22,65
1788429452.279822,iOS Bluetooth,226,112,63
1788429452.279822,iOS Bluetooth,210,4,0
1788429452.279822,iOS Bluetooth,210,0,0
1788429452.279822,iOS Bluetooth,210,0,0
1788429452.279822,iOS Bluetooth,210,0,0
1788429452.279822,iOS Bluetooth,210,0,0
1788429452.279822,iOS Bluetooth,210,0,0
1788429452.279822,iOS Bluetooth,210,0,0
1788429452.279822,iOS Bluetooth,210,0,0
1788429452.279822,iOS Bluetooth,228,51,63
1788429452.292538,iOS Bluetooth,212,81,0
1788429452.292538,iOS Bluetooth,212,0,0
1788429452.292538,iOS Bluetooth,229,54,63
1788429452.292538,iOS Bluetooth,229,0,0
1788429452.292538,iOS Bluetooth,229,0,0
1788429452.292538,iOS Bluetooth,229,0,0
1788429452.292538,iOS Bluetooth,214,39,0
1788429452.292538,iOS Bluetooth,214,0,0
1788429452.308911,iOS Bluetooth,231,17,65
1788429452.308911,iOS Bluetooth,215,2,0
1788429452.308911,iOS Bluetooth,215,0,0
1788429452.308911,iOS Bluetooth,215,0,0
1788429452.308911,iOS Bluetooth,215,0,0
1788429452.308911,iOS Bluetooth,215,0,0
1788429452.308911,iOS Bluetooth,215,0,0
1788429452.308911,iOS Bluetooth,215,0,0
1788429452.308911,iOS Bluetooth,215,0,0
1788429452.324711,iOS Bluetooth,233,92,62
1788429452.324711,iOS Bluetooth,217,35,0
1788429452.324711,iOS Bluetooth,217,0,0
1788429452.324711,iOS Bluetooth,239,125,64
1788429452.324711,iOS Bluetooth,239,0,0
1788429452.324711,iOS Bluetooth,239,0,0
1788429452.324711,iOS Bluetooth,239,0,0
1788429452.339433,iOS Bluetooth,209,47,0
1788429452.339433,iOS Bluetooth,209,0,0
1788429452.339433,iOS Bluetooth,226,88,63
1788429452.339433,iOS Bluetooth,210,2,0
1788429452.339433,iOS Bluetooth,210,0,0
1788429452.339433,iOS Bluetooth,227,91,62
1788429452.339433,iOS Bluetooth,211,30,0
1788429452.339433,iOS Bluetooth,211,0,0
1788429452.354413,iOS Bluetooth,228,74,63
1788429452.354413,iOS Bluetooth,212,97,0
1788429452.354413,iOS Bluetooth,212,0,0
1788429452.354413,iOS Bluetooth,229,80,63
1788429452.354413,iOS Bluetooth,213,1,0
1788429452.354413,iOS Bluetooth,213,0,0
1788429452.354413,iOS Bluetooth,230,4,65
1788429452.368601,iOS Bluetooth,214,28,0
1788429452.368601,iOS Bluetooth,214,0,0
1788429452.368601,iOS Bluetooth,231,5,65
1788429452.368601,iOS Bluetooth,215,5,0
1788429452.368601,iOS Bluetooth,215,0,0
1788429452.368601,iOS Bluetooth,232,73,63
1788429452.368601,iOS Bluetooth,216,96,0
1788429452.368601,iOS Bluetooth,216,0,0
1788429452.384313,iOS Bluetooth,217,30,0
1788429452.384313,iOS Bluetooth,217,0,0
1788429452.384313,iOS Bluetooth,239,10,65
1788429452.384313,iOS Bluetooth,225,126,64
1788429452.384313,iOS Bluetooth,226,68,63
1788429452.384313,iOS Bluetooth,226,0,0
1788429452.398906,iOS Bluetooth,227,92,62
1788429452.398906,iOS Bluetooth,211,35,0
1788429452.398906,iOS Bluetooth,211,0,0
1788429452.398906,iOS Bluetooth,228,93,63
1788429452.398906,iOS Bluetooth,212,111,0
1788429452.398906,iOS Bluetooth,212,0,0
1788429452.413810,iOS Bluetooth,213,3,0
1788429452.413810,iOS Bluetooth,213,0,0
1788429452.413810,iOS Bluetooth,230,14,65
1788429452.428930,iOS Bluetooth,214,21,0
1788429452.428930,iOS Bluetooth,214,0,0
1788429452.428930,iOS Bluetooth,231,120,64
1788429452.428930,iOS Bluetooth,231,0,0
1788429452.428930,iOS Bluetooth,231,0,10
1788429452.428930,iOS Bluetooth,231,56,63
1788429452.443631,iOS Bluetooth,216,84,0
1788429452.443631,iOS Bluetooth,216,0,0
1788429452.443631,iOS Bluetooth,233,94,62
1788429452.443631,iOS Bluetooth,217,25,0
1788429452.443631,iOS Bluetooth,217,0,0
1788429452.443631,iOS Bluetooth,217,0,0
1788429452.443631,iOS Bluetooth,217,0,0
1788429452.443631,iOS Bluetooth,217,0,0
1788429452.443631,iOS Bluetooth,223,48,0
1788429452.443631,iOS Bluetooth,223,0,0
1788429452.458787,iOS Bluetooth,225,111,64
1788429452.458787,iOS Bluetooth,209,46,0
1788429452.458787,iOS Bluetooth,209,0,0
1788429452.458787,iOS Bluetooth,226,46,63
1788429452.458787,iOS Bluetooth,226,0,0
1788429452.458787,iOS Bluetooth,226,0,42
1788429452.458787,iOS Bluetooth,226,96,62
1788429452.473997,iOS Bluetooth,211,41,0
1788429452.473997,iOS Bluetooth,211,0,0
1788429452.473997,iOS Bluetooth,228,115,63
1788429452.473997,iOS Bluetooth,228,0,0
1788429452.473997,iOS Bluetooth,228,0,0
1788429452.473997,iOS Bluetooth,228,0,0
1788429452.473997,iOS Bluetooth,230,24,65
1788429452.488832,iOS Bluetooth,214,14,0
1788429452.488832,iOS Bluetooth,214,0,0
1788429452.488832,iOS Bluetooth,231,104,64
1788429452.488832,iOS Bluetooth,231,0,0
1788429452.488832,iOS Bluetooth,231,0,0
1788429452.488832,iOS Bluetooth,231,0,0
1788429452.488832,iOS Bluetooth,216,76,0
1788429452.488832,iOS Bluetooth,216,0,0
1788429452.503752,iOS Bluetooth,233,99,62
1788429452.503752,iOS Bluetooth,217,21,0
1788429452.503752,iOS Bluetooth,217,0,0
1788429452.503752,iOS Bluetooth,217,0,0
1788429452.503752,iOS Bluetooth,217,0,0
1788429452.503752,iOS Bluetooth,217,0,0
1788429452.503752,iOS Bluetooth,217,0,0
1788429452.503752,iOS Bluetooth,217,0,0
1788429452.503752,iOS Bluetooth,217,0,0
1788429452.526650,iOS Bluetooth,226,27,63
1788429452.526650,iOS Bluetooth,210,3,0
1788429452.526650,iOS Bluetooth,210,0,0
1788429452.526650,iOS Bluetooth,227,101,62
1788429452.526650,iOS Bluetooth,211,45,0
1788429452.526650,iOS Bluetooth,211,0,0
1788429452.526650,iOS Bluetooth,228,5,64
1788429452.541538,iOS Bluetooth,212,107,0
1788429452.541538,iOS Bluetooth,212,0,0
1788429452.541538,iOS Bluetooth,229,3,64
1788429452.541538,iOS Bluetooth,213,6,0
1788429452.541538,iOS Bluetooth,213,0,0
1788429452.541538,iOS Bluetooth,230,31,65
1788429452.541538,iOS Bluetooth,214,9,0
1788429452.541538,iOS Bluetooth,214,0,0
1788429452.556745,iOS Bluetooth,231,87,64
1788429452.556745,iOS Bluetooth,215,29,0
1788429452.556745,iOS Bluetooth,215,0,0
1788429452.556745,iOS Bluetooth,232,19,63
1788429452.556745,iOS Bluetooth,216,68,0
1788429452.556745,iOS Bluetooth,216,0,0
1788429452.556745,iOS Bluetooth,233,105,62
1788429452.571410,iOS Bluetooth,217,16,0
1788429452.571410,iOS Bluetooth,217,0,0
1788429452.571410,iOS Bluetooth,239,34,65
1788429452.571410,iOS Bluetooth,223,49,0
1788429452.571410,iOS Bluetooth,223,0,0
1788429452.571410,iOS Bluetooth,225,77,64
1788429452.571410,iOS Bluetooth,226,13,63
1788429452.586564,iOS Bluetooth,210,6,0
1788429452.586564,iOS Bluetooth,210,0,0
1788429452.586564,iOS Bluetooth,227,110,62
1788429452.586564,iOS Bluetooth,211,51,0
1788429452.586564,iOS Bluetooth,211,0,0
1788429452.586564,iOS Bluetooth,228,27,64
1788429452.586564,iOS Bluetooth,228,0,0
1788429452.601621,iOS Bluetooth,229,26,64
1788429452.601621,iOS Bluetooth,213,20,0
1788429452.601621,iOS Bluetooth,213,0,0
1788429452.601621,iOS Bluetooth,213,0,0
1788429452.601621,iOS Bluetooth,213,0,0
1788429452.601621,iOS Bluetooth,133,63,64
1788429452.601621,iOS Bluetooth,234,0,64
1788429452.601621,iOS Bluetooth,154,63,96
1788429452.601621,iOS Bluetooth,176,118,33
1788429452.601621,iOS Bluetooth,230,35,65
1788429452.601621,iOS Bluetooth,214,5,0
1788429452.601621,iOS Bluetooth,214,0,0
1788429452.601621,iOS Bluetooth,214,0,0
1788429452.601621,iOS Bluetooth,214,0,0
1788429452.601621,iOS Bluetooth,214,0,0
1788429452.616446,iOS Bluetooth,215,44,0
1788429452.616446,iOS Bluetooth,215,0,0
1788429452.616446,iOS Bluetooth,232,5,63
1788429452.616446,iOS Bluetooth,216,61,0
1788429452.616446,iOS Bluetooth,216,0,0
1788429452.616446,iOS Bluetooth,233,115,62
1788429452.616446,iOS Bluetooth,233,0,0
1788429452.631395,iOS Bluetooth,234,38,64
1788429452.631395,iOS Bluetooth,218,28,0
1788429452.631395,iOS Bluetooth,218,0,0
1788429452.631395,iOS Bluetooth,239,36,65
1788429452.631395,iOS Bluetooth,225,55,64
1788429452.646705,iOS Bluetooth,226,124,62
1788429452.661472,iOS Bluetooth,210,10,0
1788429452.661472,iOS Bluetooth,210,0,0
1788429452.661472,iOS Bluetooth,227,123,62
1788429452.661472,iOS Bluetooth,211,57,0
1788429452.661472,iOS Bluetooth,211,0,0
1788429452.661472,iOS Bluetooth,211,0,0
1788429452.661472,iOS Bluetooth,211,0,0
1788429452.661472,iOS Bluetooth,211,0,0
1788429452.661472,iOS Bluetooth,212,98,0
1788429452.661472,iOS Bluetooth,212,0,0
1788429452.676361,iOS Bluetooth,230,37,65
1788429452.676361,iOS Bluetooth,214,2,0
1788429452.676361,iOS Bluetooth,214,0,0
1788429452.676361,iOS Bluetooth,214,0,0
1788429452.676361,iOS Bluetooth,214,0,0
1788429452.676361,iOS Bluetooth,214,0,0
1788429452.676361,iOS Bluetooth,214,0,0
1788429452.676361,iOS Bluetooth,214,0,0
1788429452.676361,iOS Bluetooth,214,0,0
1788429452.676361,iOS Bluetooth,232,120,62
1788429452.692239,iOS Bluetooth,216,54,0
1788429452.692239,iOS Bluetooth,216,0,0
1788429452.692239,iOS Bluetooth,233,0,63
1788429452.692239,iOS Bluetooth,233,0,0
1788429452.692239,iOS Bluetooth,233,0,0
1788429452.692239,iOS Bluetooth,233,0,0
1788429452.692239,iOS Bluetooth,218,39,0
1788429452.692239,iOS Bluetooth,218,0,0
1788429452.708436,iOS Bluetooth,225,31,64
1788429452.708436,iOS Bluetooth,209,23,0
1788429452.708436,iOS Bluetooth,209,0,0
1788429452.708436,iOS Bluetooth,209,0,0
1788429452.708436,iOS Bluetooth,209,0,0
1788429452.708436,iOS Bluetooth,209,0,0
1788429452.708436,iOS Bluetooth,209,0,0
1788429452.708436,iOS Bluetooth,209,0,0
1788429452.708436,iOS Bluetooth,209,0,0
1788429452.721525,iOS Bluetooth,227,9,63
1788429452.721525,iOS Bluetooth,211,63,0
1788429452.721525,iOS Bluetooth,211,0,0
1788429452.721525,iOS Bluetooth,228,70,64
1788429452.721525,iOS Bluetooth,228,0,0
1788429452.721525,iOS Bluetooth,228,0,0
1788429452.721525,iOS Bluetooth,228,0,0
1788429452.738633,iOS Bluetooth,214,1,0
1788429452.738633,iOS Bluetooth,214,0,0
1788429452.738633,iOS Bluetooth,231,25,64
1788429452.738633,iOS Bluetooth,215,62,0
1788429452.738633,iOS Bluetooth,215,0,0
1788429452.738633,iOS Bluetooth,232,109,62
1788429452.738633,iOS Bluetooth,216,49,0
1788429452.738633,iOS Bluetooth,216,0,0
1788429452.760277,iOS Bluetooth,233,15,63
1788429452.760277,iOS Bluetooth,217,5,0
1788429452.760277,iOS Bluetooth,217,0,0
1788429452.760277,iOS Bluetooth,234,82,64
1788429452.760277,iOS Bluetooth,218,46,0
1788429452.760277,iOS Bluetooth,218,0,0
1788429452.760277,iOS Bluetooth,239,33,65
1788429452.775377,iOS Bluetooth,225,8,64
1788429452.775377,iOS Bluetooth,209,10,0
1788429452.775377,iOS Bluetooth,209,0,0
1788429452.775377,iOS Bluetooth,226,103,62
1788429452.775377,iOS Bluetooth,210,18,0
1788429452.775377,iOS Bluetooth,210,0,0
1788429452.775377,iOS Bluetooth,227,24,63
1788429452.788727,iOS Bluetooth,211,71,0
1788429452.788727,iOS Bluetooth,211,0,0
1788429452.788727,iOS Bluetooth,228,89,64
1788429452.788727,iOS Bluetooth,212,61,0
1788429452.788727,iOS Bluetooth,212,0,0
1788429452.788727,iOS Bluetooth,230,31,65
1788429452.788727,iOS Bluetooth,230,0,0
1788429452.804281,iOS Bluetooth,231,5,64
1788429452.804281,iOS Bluetooth,215,71,0
1788429452.804281,iOS Bluetooth,215,0,0
1788429452.804281,iOS Bluetooth,232,100,62
1788429452.804281,iOS Bluetooth,216,44,0
1788429452.804281,iOS Bluetooth,216,0,0
1788429452.804281,iOS Bluetooth,216,0,0
1788429452.804281,iOS Bluetooth,216,0,0
1788429452.804281,iOS Bluetooth,216,0,0
1788429452.819577,iOS Bluetooth,217,2,0
1788429452.819577,iOS Bluetooth,217,0,0
1788429452.819577,iOS Bluetooth,234,98,64
1788429452.819577,iOS Bluetooth,239,27,65
1788429452.819577,iOS Bluetooth,223,48,0
1788429452.819577,iOS Bluetooth,223,0,0
1788429452.832319,iOS Bluetooth,209,2,0
1788429452.832319,iOS Bluetooth,209,0,0
1788429452.841429,iOS Bluetooth,226,96,62
1788429452.841429,iOS Bluetooth,210,23,0
1788429452.841429,iOS Bluetooth,210,0,0
1788429452.841429,iOS Bluetooth,227,42,63
1788429452.841429,iOS Bluetooth,227,0,0
1788429452.841429,iOS Bluetooth,227,0,42
1788429452.841429,iOS Bluetooth,227,107,64
1788429452.859082,iOS Bluetooth,212,47,0
1788429452.859082,iOS Bluetooth,212,0,0
1788429452.859082,iOS Bluetooth,230,24,65
1788429452.859082,iOS Bluetooth,231,115,63
1788429452.859082,iOS Bluetooth,231,0,0
1788429452.859082,iOS Bluetooth,231,0,58
1788429452.859082,iOS Bluetooth,231,95,62
1788429452.881649,iOS Bluetooth,216,39,0
1788429452.881649,iOS Bluetooth,216,0,0
1788429452.881649,iOS Bluetooth,233,49,63
1788429452.881649,iOS Bluetooth,233,0,0
1788429452.881649,iOS Bluetooth,233,0,0
1788429452.881649,iOS Bluetooth,233,0,0
1788429452.881649,iOS Bluetooth,239,19,65
1788429452.894401,iOS Bluetooth,225,106,63
1788429452.894401,iOS Bluetooth,209,4,0
1788429452.894401,iOS Bluetooth,209,0,0
1788429452.894401,iOS Bluetooth,209,0,0
1788429452.894401,iOS Bluetooth,209,0,0
1788429452.894401,iOS Bluetooth,209,0,0
1788429452.894401,iOS Bluetooth,209,0,0
1788429452.894401,iOS Bluetooth,209,0,0
1788429452.894401,iOS Bluetooth,209,0,0
1788429452.894401,iOS Bluetooth,227,59,63
1788429452.908750,iOS Bluetooth,211,89,0
1788429452.908750,iOS Bluetooth,211,0,0
1788429452.908750,iOS Bluetooth,228,121,64
1788429452.908750,iOS Bluetooth,228,0,0
1788429452.908750,iOS Bluetooth,228,0,0
1788429452.908750,iOS Bluetooth,228,0,0
1788429452.923802,iOS Bluetooth,214,2,0
1788429452.923802,iOS Bluetooth,214,0,0
1788429452.923802,iOS Bluetooth,231,93,63
1788429452.923802,iOS Bluetooth,215,94,0
1788429452.923802,iOS Bluetooth,215,0,0
1788429452.923802,iOS Bluetooth,215,0,0
1788429452.923802,iOS Bluetooth,215,0,0
1788429452.923802,iOS Bluetooth,215,0,0
1788429452.923802,iOS Bluetooth,215,0,0
1788429452.923802,iOS Bluetooth,215,0,0
1788429452.923802,iOS Bluetooth,215,0,0
1788429452.938795,iOS Bluetooth,233,71,63
1788429452.938795,iOS Bluetooth,234,0,65
1788429452.938795,iOS Bluetooth,218,47,0
1788429452.938795,iOS Bluetooth,218,0,0
1788429452.938795,iOS Bluetooth,239,8,65
1788429452.938795,iOS Bluetooth,223,47,0
1788429452.938795,iOS Bluetooth,223,0,0
1788429452.954769,iOS Bluetooth,225,82,63
1788429452.954769,iOS Bluetooth,209,1,0
1788429452.954769,iOS Bluetooth,209,0,0
1788429452.954769,iOS Bluetooth,226,91,62
1788429452.954769,iOS Bluetooth,210,32,0
1788429452.954769,iOS Bluetooth,210,0,0
1788429452.954769,iOS Bluetooth,227,79,63
1788429452.968906,iOS Bluetooth,211,99,0
1788429452.968906,iOS Bluetooth,211,0,0
1788429452.968906,iOS Bluetooth,228,7,65
1788429452.968906,iOS Bluetooth,212,27,0
1788429452.968906,iOS Bluetooth,212,0,0
1788429452.968906,iOS Bluetooth,230,3,65
1788429452.968906,iOS Bluetooth,214,5,0
1788429452.968906,iOS Bluetooth,214,0,0
1788429452.985363,iOS Bluetooth,231,71,63
1788429452.985363,iOS Bluetooth,216,30,0
1788429452.985363,iOS Bluetooth,216,0,0
1788429452.985363,iOS Bluetooth,233,92,63
1788429452.985363,iOS Bluetooth,217,2,0
1788429452.985363,iOS Bluetooth,217,0,0
1788429452.985363,iOS Bluetooth,217,0,0
1788429452.985363,iOS Bluetooth,217,0,0
1788429452.985363,iOS Bluetooth,217,0,0
1788429453.007599,iOS Bluetooth,218,48,0
1788429453.007599,iOS Bluetooth,218,0,0
1788429453.007599,iOS Bluetooth,239,124,64
1788429453.007599,iOS Bluetooth,225,62,63
1788429453.007599,iOS Bluetooth,209,0,0
1788429453.007599,iOS Bluetooth,209,0,0
1788429453.007599,iOS Bluetooth,209,0,0
1788429453.007599,iOS Bluetooth,209,0,0
1788429453.007599,iOS Bluetooth,209,0,0
1788429453.023553,iOS Bluetooth,210,36,0
1788429453.023553,iOS Bluetooth,210,0,0
1788429453.023553,iOS Bluetooth,227,99,63
1788429453.023553,iOS Bluetooth,211,89,0
1788429453.023553,iOS Bluetooth,211,0,0
1788429453.023553,iOS Bluetooth,228,17,65
1788429453.028831,iOS Bluetooth,230,119,64
1788429453.043801,iOS Bluetooth,214,11,0
1788429453.043801,iOS Bluetooth,214,0,0
1788429453.043801,iOS Bluetooth,231,53,63
1788429453.043801,iOS Bluetooth,215,84,0
1788429453.043801,iOS Bluetooth,215,0,0
1788429453.043801,iOS Bluetooth,215,0,0
1788429453.043801,iOS Bluetooth,215,0,0
1788429453.043801,iOS Bluetooth,215,0,0
1788429453.043801,iOS Bluetooth,216,25,0
1788429453.043801,iOS Bluetooth,216,0,0
1788429453.058778,iOS Bluetooth,233,116,63
1788429453.058778,iOS Bluetooth,217,4,0
1788429453.058778,iOS Bluetooth,217,0,0
1788429453.058778,iOS Bluetooth,234,22,65
1788429453.058778,iOS Bluetooth,234,0,0
1788429453.058778,iOS Bluetooth,234,0,2
1788429453.058778,iOS Bluetooth,234,46,0
1788429453.074052,iOS Bluetooth,225,41,63
1788429453.074052,iOS Bluetooth,209,1,0
1788429453.074052,iOS Bluetooth,209,0,0
1788429453.074052,iOS Bluetooth,209,0,0
1788429453.074052,iOS Bluetooth,209,0,0
1788429453.074052,iOS Bluetooth,209,0,0
1788429453.074052,iOS Bluetooth,209,0,0
1788429453.074052,iOS Bluetooth,209,0,0
1788429453.074052,iOS Bluetooth,209,0,0
1788429453.074052,iOS Bluetooth,227,120,63
1788429453.088906,iOS Bluetooth,211,77,0
1788429453.088906,iOS Bluetooth,211,0,0
1788429453.088906,iOS Bluetooth,228,26,65
1788429453.088906,iOS Bluetooth,228,0,0
1788429453.088906,iOS Bluetooth,228,0,0
1788429453.088906,iOS Bluetooth,228,0,0
1788429453.088906,iOS Bluetooth,214,18,0
1788429453.088906,iOS Bluetooth,214,0,0
1788429453.104476,iOS Bluetooth,231,34,63
1788429453.104476,iOS Bluetooth,215,75,0
1788429453.104476,iOS Bluetooth,215,0,0
1788429453.104476,iOS Bluetooth,215,0,0
1788429453.104476,iOS Bluetooth,215,0,0
1788429453.104476,iOS Bluetooth,215,0,0
1788429453.104476,iOS Bluetooth,215,0,0
1788429453.104476,iOS Bluetooth,215,0,0
1788429453.104476,iOS Bluetooth,215,0,0
1788429453.126436,iOS Bluetooth,233,0,64
1788429453.126436,iOS Bluetooth,217,1,0
1788429453.126436,iOS Bluetooth,217,0,0
1788429453.126436,iOS Bluetooth,234,30,65
1788429453.126436,iOS Bluetooth,234,0,0
1788429453.126436,iOS Bluetooth,234,0,0
1788429453.126436,iOS Bluetooth,234,0,0
1788429453.141510,iOS Bluetooth,209,3,0
1788429453.141510,iOS Bluetooth,209,0,0
1788429453.141510,iOS Bluetooth,226,103,62
1788429453.141510,iOS Bluetooth,210,46,0
1788429453.141510,iOS Bluetooth,210,0,0
1788429453.141510,iOS Bluetooth,227,13,64
1788429453.141510,iOS Bluetooth,211,67,0
1788429453.141510,iOS Bluetooth,211,0,0
1788429453.156528,iOS Bluetooth,228,32,65
1788429453.156528,iOS Bluetooth,212,8,0
1788429453.156528,iOS Bluetooth,212,0,0
1788429453.156528,iOS Bluetooth,230,84,64
1788429453.156528,iOS Bluetooth,214,31,0
1788429453.156528,iOS Bluetooth,214,0,0
1788429453.156528,iOS Bluetooth,231,19,63
1788429453.171433,iOS Bluetooth,215,67,0
1788429453.171433,iOS Bluetooth,215,0,0
1788429453.171433,iOS Bluetooth,232,106,62
1788429453.171433,iOS Bluetooth,216,16,0
1788429453.171433,iOS Bluetooth,216,0,0
1788429453.171433,iOS Bluetooth,233,17,64
1788429453.171433,iOS Bluetooth,217,16,0
1788429453.171433,iOS Bluetooth,217,0,0
1788429453.186498,iOS Bluetooth,234,35,65
1788429453.186498,iOS Bluetooth,218,49,0
1788429453.186498,iOS Bluetooth,218,0,0
1788429453.186498,iOS Bluetooth,239,72,64
1788429453.186498,iOS Bluetooth,223,45,0
1788429453.186498,iOS Bluetooth,223,0,0
1788429453.186498,iOS Bluetooth,223,0,0
1788429453.186498,iOS Bluetooth,223,0,0
1788429453.186498,iOS Bluetooth,223,0,0
1788429453.201369,iOS Bluetooth,209,7,0
1788429453.201369,iOS Bluetooth,209,0,0
1788429453.201369,iOS Bluetooth,226,113,62
1788429453.201369,iOS Bluetooth,223,0,0
1788429453.201369,iOS Bluetooth,223,0,0
1788429453.201369,iOS Bluetooth,143,66,64
1788429453.201369,iOS Bluetooth,235,0,64
1788429453.201369,iOS Bluetooth,155,66,96
1788429453.201369,iOS Bluetooth,210,52,0
1788429453.201369,iOS Bluetooth,210,0,0
1788429453.201369,iOS Bluetooth,227,34,64
1788429453.216528,iOS Bluetooth,228,36,65
1788429453.216528,iOS Bluetooth,212,4,0
1788429453.216528,iOS Bluetooth,212,0,0
1788429453.223836,iOS Bluetooth,230,61,64
1788429453.223836,iOS Bluetooth,214,45,0
1788429453.223836,iOS Bluetooth,214,0,0
1788429453.223836,iOS Bluetooth,214,0,0
1788429453.223836,iOS Bluetooth,214,0,0
1788429453.223836,iOS Bluetooth,214,0,0
1788429453.223836,iOS Bluetooth,215,60,0
1788429453.223836,iOS Bluetooth,215,0,0
1788429453.246484,iOS Bluetooth,232,118,62
1788429453.246484,iOS Bluetooth,216,11,0
1788429453.246484,iOS Bluetooth,216,0,0
1788429453.246484,iOS Bluetooth,233,41,64
1788429453.246484,iOS Bluetooth,233,0,0
1788429453.246484,iOS Bluetooth,233,0,58
1788429453.246484,iOS Bluetooth,233,37,65
1788429453.261416,iOS Bluetooth,235,49,64
1788429453.261416,iOS Bluetooth,219,32,0
1788429453.261416,iOS Bluetooth,219,0,0
1788429453.261416,iOS Bluetooth,239,69,64
1788429453.261416,iOS Bluetooth,239,0,0
1788429453.261416,iOS Bluetooth,239,0,74
1788429453.261416,iOS Bluetooth,239,11,0
1788429453.276442,iOS Bluetooth,226,127,62
1788429453.276442,iOS Bluetooth,210,58,0
1788429453.276442,iOS Bluetooth,210,0,0
1788429453.276442,iOS Bluetooth,210,0,0
1788429453.276442,iOS Bluetooth,210,0,0
1788429453.276442,iOS Bluetooth,210,0,0
1788429453.276442,iOS Bluetooth,210,0,0
1788429453.276442,iOS Bluetooth,210,0,0
1788429453.276442,iOS Bluetooth,210,0,0
1788429453.276442,iOS Bluetooth,212,2,0
1788429453.276442,iOS Bluetooth,212,0,0
1788429453.291489,iOS Bluetooth,230,39,64
1788429453.291489,iOS Bluetooth,214,55,0
1788429453.291489,iOS Bluetooth,214,0,0
1788429453.291489,iOS Bluetooth,214,0,0
1788429453.291489,iOS Bluetooth,214,0,0
1788429453.291489,iOS Bluetooth,214,0,0
1788429453.291489,iOS Bluetooth,214,0,0
1788429453.291489,iOS Bluetooth,214,0,0
1788429453.291489,iOS Bluetooth,214,0,0
1788429453.291489,iOS Bluetooth,232,2,63
1788429453.319919,iOS Bluetooth,216,8,0
1788429453.319919,iOS Bluetooth,216,0,0
1788429453.319919,iOS Bluetooth,233,64,64
1788429453.319919,iOS Bluetooth,233,0,0
1788429453.319919,iOS Bluetooth,233,0,0
1788429453.319919,iOS Bluetooth,233,0,0
1788429453.321344,iOS Bluetooth,235,25,64
1788429453.321344,iOS Bluetooth,219,20,0
1788429453.321344,iOS Bluetooth,219,0,0
1788429453.321344,iOS Bluetooth,225,111,62
1788429453.321344,iOS Bluetooth,225,0,0
1788429453.321344,iOS Bluetooth,225,0,0
1788429453.321344,iOS Bluetooth,225,0,0
1788429453.336494,iOS Bluetooth,210,65,0
1788429453.336494,iOS Bluetooth,210,0,0
1788429453.336494,iOS Bluetooth,227,77,64
1788429453.336494,iOS Bluetooth,211,37,0
1788429453.336494,iOS Bluetooth,211,0,0
1788429453.336494,iOS Bluetooth,228,34,65
1788429453.336494,iOS Bluetooth,212,0,0
1788429453.336494,iOS Bluetooth,212,0,0
1788429453.358817,iOS Bluetooth,230,20,64
1788429453.358817,iOS Bluetooth,214,64,0
1788429453.358817,iOS Bluetooth,214,0,0
1788429453.358817,iOS Bluetooth,231,106,62
1788429453.358817,iOS Bluetooth,215,48,0
1788429453.358817,iOS Bluetooth,215,0,0
1788429453.358817,iOS Bluetooth,232,17,63
1788429453.375469,iOS Bluetooth,216,4,0
1788429453.375469,iOS Bluetooth,216,0,0
1788429453.375469,iOS Bluetooth,233,85,64
1788429453.375469,iOS Bluetooth,217,46,0
1788429453.375469,iOS Bluetooth,217,0,0
1788429453.375469,iOS Bluetooth,234,32,65
1788429453.375469,iOS Bluetooth,235,5,64
1788429453.390396,iOS Bluetooth,219,5,0
1788429453.390396,iOS Bluetooth,219,0,0
1788429453.390396,iOS Bluetooth,225,102,62
1788429453.390396,iOS Bluetooth,209,19,0
1788429453.390396,iOS Bluetooth,209,0,0
1788429453.390396,iOS Bluetooth,226,28,63
1788429453.390396,iOS Bluetooth,226,0,0
1788429453.404323,iOS Bluetooth,227,96,64
1788429453.404323,iOS Bluetooth,211,22,0
1788429453.404323,iOS Bluetooth,211,0,0
1788429453.404323,iOS Bluetooth,228,29,65
1788429453.404323,iOS Bluetooth,230,0,64
1788429453.404323,iOS Bluetooth,230,0,0
1788429453.419590,iOS Bluetooth,231,99,62
1788429453.419590,iOS Bluetooth,215,43,0
1788429453.419590,iOS Bluetooth,215,0,0
1788429453.419590,iOS Bluetooth,232,35,63
1788429453.419590,iOS Bluetooth,216,2,0
1788429453.419590,iOS Bluetooth,216,0,0
1788429453.434480,iOS Bluetooth,234,26,65
1788429453.441385,iOS Bluetooth,218,48,0
1788429453.441385,iOS Bluetooth,218,0,0
1788429453.441385,iOS Bluetooth,235,124,63
1788429453.441385,iOS Bluetooth,219,3,0
1788429453.441385,iOS Bluetooth,219,0,0
1788429453.441385,iOS Bluetooth,219,0,0
1788429453.441385,iOS Bluetooth,219,0,0
1788429453.441385,iOS Bluetooth,219,0,0
1788429453.441385,iOS Bluetooth,209,23,0
1788429453.441385,iOS Bluetooth,209,0,0
1788429453.456620,iOS Bluetooth,226,46,63
1788429453.456620,iOS Bluetooth,210,81,0
1788429453.456620,iOS Bluetooth,210,0,0
1788429453.456620,iOS Bluetooth,227,111,64
1788429453.456620,iOS Bluetooth,227,0,0
1788429453.456620,iOS Bluetooth,227,0,18
1788429453.456620,iOS Bluetooth,227,22,65
1788429453.470314,iOS Bluetooth,212,1,0
1788429453.470314,iOS Bluetooth,212,0,0
1788429453.470314,iOS Bluetooth,230,109,63
1788429453.470314,iOS Bluetooth,230,0,0
1788429453.470314,iOS Bluetooth,230,0,0
1788429453.470314,iOS Bluetooth,230,0,0
1788429453.470314,iOS Bluetooth,215,38,0
1788429453.470314,iOS Bluetooth,215,0,0
1788429453.492483,iOS Bluetooth,232,54,63
1788429453.492483,iOS Bluetooth,216,0,0
1788429453.492483,iOS Bluetooth,216,0,0
1788429453.492483,iOS Bluetooth,216,0,0
1788429453.492483,iOS Bluetooth,216,0,0
1788429453.492483,iOS Bluetooth,216,0,0
1788429453.492483,iOS Bluetooth,216,0,0
1788429453.492483,iOS Bluetooth,216,0,0
1788429453.492483,iOS Bluetooth,216,0,0
1788429453.492483,iOS Bluetooth,235,103,63
1788429453.509323,iOS Bluetooth,225,92,62
1788429453.509323,iOS Bluetooth,209,27,0
1788429453.509323,iOS Bluetooth,209,0,0
1788429453.509323,iOS Bluetooth,209,0,0
1788429453.509323,iOS Bluetooth,209,0,0
1788429453.509323,iOS Bluetooth,209,0,0
1788429453.509323,iOS Bluetooth,209,0,0
1788429453.509323,iOS Bluetooth,209,0,0
1788429453.509323,iOS Bluetooth,209,0,0
1788429453.524321,iOS Bluetooth,227,126,64
1788429453.524321,iOS Bluetooth,211,7,0
1788429453.524321,iOS Bluetooth,211,0,0
1788429453.524321,iOS Bluetooth,228,13,65
1788429453.524321,iOS Bluetooth,212,3,0
1788429453.524321,iOS Bluetooth,212,0,0
1788429453.524321,iOS Bluetooth,230,90,63
1788429453.539256,iOS Bluetooth,214,96,0
1788429453.539256,iOS Bluetooth,214,0,0
1788429453.539256,iOS Bluetooth,231,92,62
1788429453.539256,iOS Bluetooth,215,34,0
1788429453.539256,iOS Bluetooth,215,0,0
1788429453.539256,iOS Bluetooth,232,74,63
1788429453.539256,iOS Bluetooth,233,2,65
1788429453.554314,iOS Bluetooth,217,47,0
1788429453.554314,iOS Bluetooth,217,0,0
1788429453.554314,iOS Bluetooth,234,7,65
1788429453.554314,iOS Bluetooth,218,47,0
1788429453.554314,iOS Bluetooth,218,0,0
1788429453.554314,iOS Bluetooth,235,79,63
1788429453.554314,iOS Bluetooth,219,1,0
1788429453.554314,iOS Bluetooth,219,0,0
1788429453.569416,iOS Bluetooth,225,91,62
1788429453.569416,iOS Bluetooth,209,32,0
1788429453.569416,iOS Bluetooth,209,0,0
1788429453.569416,iOS Bluetooth,226,85,63
1788429453.569416,iOS Bluetooth,210,97,0
1788429453.569416,iOS Bluetooth,210,0,0
1788429453.569416,iOS Bluetooth,227,10,65
1788429453.583728,iOS Bluetooth,211,3,0
1788429453.583728,iOS Bluetooth,211,0,0
1788429453.583728,iOS Bluetooth,228,0,65
1788429453.583728,iOS Bluetooth,212,6,0
1788429453.583728,iOS Bluetooth,212,0,0
1788429453.583728,iOS Bluetooth,230,68,63
1788429453.583728,iOS Bluetooth,230,0,0
1788429453.599492,iOS Bluetooth,215,29,0
1788429453.599492,iOS Bluetooth,215,0,0
1788429453.599492,iOS Bluetooth,232,95,63
1788429453.599492,iOS Bluetooth,176,118,34
1788429453.599492,iOS Bluetooth,216,3,0
1788429453.599492,iOS Bluetooth,216,0,0
1788429453.599492,iOS Bluetooth,233,14,65
1788429453.613781,iOS Bluetooth,234,120,64
1788429453.613781,iOS Bluetooth,235,59,63
1788429453.628823,iOS Bluetooth,219,0,0
1788429453.628823,iOS Bluetooth,219,0,0
1788429453.628823,iOS Bluetooth,225,93,62
1788429453.628823,iOS Bluetooth,225,0,0
1788429453.628823,iOS Bluetooth,225,0,58
1788429453.628823,iOS Bluetooth,225,104,63
1788429453.643896,iOS Bluetooth,210,86,0
1788429453.643896,iOS Bluetooth,210,0,0
1788429453.643896,iOS Bluetooth,227,21,65
1788429453.643896,iOS Bluetooth,211,1,0
1788429453.643896,iOS Bluetooth,211,0,0
1788429453.643896,iOS Bluetooth,211,0,0
1788429453.643896,iOS Bluetooth,211,0,0
1788429453.643896,iOS Bluetooth,211,0,0
1788429453.643896,iOS Bluetooth,212,12,0
1788429453.643896,iOS Bluetooth,212,0,0
1788429453.658799,iOS Bluetooth,230,48,63
1788429453.658799,iOS Bluetooth,214,81,0
1788429453.658799,iOS Bluetooth,214,0,0
1788429453.658799,iOS Bluetooth,231,95,62
1788429453.658799,iOS Bluetooth,231,0,0
1788429453.658799,iOS Bluetooth,231,0,90
1788429453.658799,iOS Bluetooth,231,119,63
1788429453.674026,iOS Bluetooth,216,4,0
1788429453.674026,iOS Bluetooth,216,0,0
1788429453.674026,iOS Bluetooth,233,24,65
1788429453.674026,iOS Bluetooth,233,0,0
1788429453.674026,iOS Bluetooth,233,0,0
1788429453.674026,iOS Bluetooth,233,0,0
1788429453.674026,iOS Bluetooth,235,39,63
1788429453.688972,iOS Bluetooth,219,2,0
1788429453.688972,iOS Bluetooth,219,0,0
1788429453.688972,iOS Bluetooth,225,98,62
1788429453.688972,iOS Bluetooth,225,0,0
1788429453.688972,iOS Bluetooth,225,0,0
1788429453.688972,iOS Bluetooth,225,0,0
1788429453.688972,iOS Bluetooth,210,75,0
1788429453.688972,iOS Bluetooth,210,0,0
1788429453.704497,iOS Bluetooth,227,29,65
1788429453.704497,iOS Bluetooth,211,0,0
1788429453.704497,iOS Bluetooth,211,0,0
1788429453.704497,iOS Bluetooth,211,0,0
1788429453.704497,iOS Bluetooth,211,0,0
1788429453.704497,iOS Bluetooth,211,0,0
1788429453.704497,iOS Bluetooth,211,0,0
1788429453.704497,iOS Bluetooth,211,0,0
1788429453.704497,iOS Bluetooth,211,0,0
1788429453.726749,iOS Bluetooth,230,30,63
1788429453.726749,iOS Bluetooth,214,72,0
1788429453.726749,iOS Bluetooth,214,0,0
1788429453.726749,iOS Bluetooth,231,100,62
1788429453.726749,iOS Bluetooth,231,0,0
1788429453.726749,iOS Bluetooth,231,0,0
1788429453.726749,iOS Bluetooth,231,0,0
1788429453.741476,iOS Bluetooth,216,6,0
1788429453.741476,iOS Bluetooth,216,0,0
1788429453.741476,iOS Bluetooth,233,31,65
1788429453.741476,iOS Bluetooth,217,49,0
1788429453.741476,iOS Bluetooth,217,0,0
1788429453.741476,iOS Bluetooth,234,86,64
1788429453.741476,iOS Bluetooth,235,21,63
1788429453.756526,iOS Bluetooth,219,4,0
1788429453.756526,iOS Bluetooth,219,0,0
1788429453.756526,iOS Bluetooth,225,105,62
1788429453.756526,iOS Bluetooth,209,48,0
1788429453.756526,iOS Bluetooth,209,0,0
1788429453.756526,iOS Bluetooth,226,18,64
1788429453.756526,iOS Bluetooth,210,65,0
1788429453.756526,iOS Bluetooth,210,0,0
1788429453.771491,iOS Bluetooth,227,34,65
1788429453.771491,iOS Bluetooth,228,79,64
1788429453.771491,iOS Bluetooth,212,35,0
1788429453.771491,iOS Bluetooth,212,0,0
1788429453.771491,iOS Bluetooth,230,15,63
1788429453.771491,iOS Bluetooth,214,66,0
1788429453.771491,iOS Bluetooth,214,0,0
1788429453.786504,iOS Bluetooth,231,109,62
1788429453.786504,iOS Bluetooth,215,15,0
1788429453.786504,iOS Bluetooth,215,0,0
1788429453.786504,iOS Bluetooth,232,23,64
1788429453.786504,iOS Bluetooth,216,19,0
1788429453.786504,iOS Bluetooth,216,0,0
1788429453.786504,iOS Bluetooth,216,0,0
1788429453.786504,iOS Bluetooth,216,0,0
1788429453.786504,iOS Bluetooth,216,0,0
1788429453.801465,iOS Bluetooth,234,69,64
1788429453.801465,iOS Bluetooth,218,43,0
1788429453.801465,iOS Bluetooth,218,0,0
1788429453.801465,iOS Bluetooth,209,0,0
1788429453.801465,iOS Bluetooth,209,0,0
1788429453.801465,iOS Bluetooth,129,69,64
1788429453.801465,iOS Bluetooth,236,0,64
1788429453.801465,iOS Bluetooth,156,69,96
1788429453.801465,iOS Bluetooth,235,5,63
1788429453.801465,iOS Bluetooth,219,7,0
1788429453.801465,iOS Bluetooth,219,0,0
1788429453.801465,iOS Bluetooth,219,0,0
1788429453.801465,iOS Bluetooth,219,0,0
1788429453.801465,iOS Bluetooth,219,0,0
1788429453.816571,iOS Bluetooth,220,53,0
1788429453.816571,iOS Bluetooth,220,0,0
1788429453.816571,iOS Bluetooth,225,113,62
1788429453.816571,iOS Bluetooth,226,39,64
1788429453.816571,iOS Bluetooth,210,55,0
1788429453.816571,iOS Bluetooth,210,0,0
1788429453.831508,iOS Bluetooth,211,2,0
1788429453.831508,iOS Bluetooth,211,0,0
1788429453.846550,iOS Bluetooth,228,55,64
1788429453.846550,iOS Bluetooth,212,47,0
1788429453.846550,iOS Bluetooth,212,0,0
1788429453.846550,iOS Bluetooth,230,0,63
1788429453.846550,iOS Bluetooth,230,0,0
1788429453.846550,iOS Bluetooth,230,0,18
1788429453.846550,iOS Bluetooth,230,120,62
1788429453.861390,iOS Bluetooth,215,10,0
1788429453.861390,iOS Bluetooth,215,0,0
1788429453.861390,iOS Bluetooth,232,47,64
1788429453.861390,iOS Bluetooth,232,0,0
1788429453.861390,iOS Bluetooth,232,0,0
1788429453.861390,iOS Bluetooth,232,0,0
1788429453.861390,iOS Bluetooth,234,46,64
1788429453.876403,iOS Bluetooth,218,29,0
1788429453.876403,iOS Bluetooth,218,0,0
1788429453.876403,iOS Bluetooth,235,120,62
1788429453.876403,iOS Bluetooth,235,0,0
1788429453.876403,iOS Bluetooth,235,0,0
1788429453.876403,iOS Bluetooth,235,0,0
1788429453.876403,iOS Bluetooth,220,59,0
1788429453.876403,iOS Bluetooth,220,0,0
1788429453.891530,iOS Bluetooth,226,61,64
1788429453.891530,iOS Bluetooth,210,46,0
1788429453.891530,iOS Bluetooth,210,0,0
1788429453.891530,iOS Bluetooth,210,0,0
1788429453.891530,iOS Bluetooth,210,0,0
1788429453.891530,iOS Bluetooth,210,0,0
1788429453.891530,iOS Bluetooth,210,0,0
1788429453.891530,iOS Bluetooth,210,0,0
1788429453.891530,iOS Bluetooth,210,0,0
1788429453.891530,iOS Bluetooth,228,36,64
1788429453.906437,iOS Bluetooth,212,57,0
1788429453.906437,iOS Bluetooth,212,0,0
1788429453.906437,iOS Bluetooth,230,115,62
1788429453.906437,iOS Bluetooth,230,0,0
1788429453.906437,iOS Bluetooth,230,0,0
1788429453.906437,iOS Bluetooth,230,0,0
1788429453.921544,iOS Bluetooth,215,7,0
1788429453.921544,iOS Bluetooth,215,0,0
1788429453.921544,iOS Bluetooth,232,70,64
1788429453.921544,iOS Bluetooth,216,44,0
1788429453.921544,iOS Bluetooth,216,0,0
1788429453.921544,iOS Bluetooth,216,0,0
1788429453.921544,iOS Bluetooth,216,0,0
1788429453.921544,iOS Bluetooth,216,0,0
1788429453.921544,iOS Bluetooth,216,0,0
1788429453.921544,iOS Bluetooth,216,0,0
1788429453.921544,iOS Bluetooth,216,0,0
1788429453.936493,iOS Bluetooth,218,17,0
1788429453.936493,iOS Bluetooth,218,0,0
1788429453.936493,iOS Bluetooth,235,108,62
1788429453.936493,iOS Bluetooth,219,15,0
1788429453.936493,iOS Bluetooth,219,0,0
1788429453.936493,iOS Bluetooth,236,15,63
1788429453.936493,iOS Bluetooth,220,66,0
1788429453.936493,iOS Bluetooth,220,0,0
1788429453.959101,iOS Bluetooth,226,82,64
1788429453.959101,iOS Bluetooth,210,33,0
1788429453.959101,iOS Bluetooth,210,0,0
1788429453.959101,iOS Bluetooth,227,32,65
1788429453.959101,iOS Bluetooth,211,8,0
1788429453.959101,iOS Bluetooth,211,0,0
1788429453.959101,iOS Bluetooth,228,15,64
1788429453.973787,iOS Bluetooth,212,66,0
1788429453.973787,iOS Bluetooth,212,0,0
1788429453.973787,iOS Bluetooth,230,105,62
1788429453.973787,iOS Bluetooth,214,47,0
1788429453.973787,iOS Bluetooth,214,0,0
1788429453.973787,iOS Bluetooth,231,22,63
1788429453.973787,iOS Bluetooth,215,4,0
1788429453.973787,iOS Bluetooth,215,0,0
1788429453.988942,iOS Bluetooth,232,89,64
1788429453.988942,iOS Bluetooth,216,46,0
1788429453.988942,iOS Bluetooth,216,0,0
1788429453.988942,iOS Bluetooth,233,30,65
1788429453.988942,iOS Bluetooth,217,48,0
1788429453.988942,iOS Bluetooth,217,0,0
1788429453.988942,iOS Bluetooth,217,0,0
1788429453.988942,iOS Bluetooth,217,0,0
1788429453.988942,iOS Bluetooth,217,0,0
1788429454.004576,iOS Bluetooth,218,0,0
1788429454.004576,iOS Bluetooth,218,0,0
1788429454.004576,iOS Bluetooth,235,100,62
1788429454.004576,iOS Bluetooth,219,20,0
1788429454.004576,iOS Bluetooth,219,0,0
1788429454.004576,iOS Bluetooth,236,32,63
1788429454.004576,iOS Bluetooth,236,0,0
1788429454.018638,iOS Bluetooth,226,101,64
1788429454.018638,iOS Bluetooth,210,19,0
1788429454.018638,iOS Bluetooth,210,0,0
1788429454.018638,iOS Bluetooth,227,26,65
1788429454.018638,iOS Bluetooth,211,13,0
1788429454.018638,iOS Bluetooth,211,0,0
1788429454.018638,iOS Bluetooth,211,0,0
1788429454.018638,iOS Bluetooth,211,0,0
1788429454.018638,iOS Bluetooth,211,0,0
1788429454.034427,iOS Bluetooth,212,77,0
1788429454.034427,iOS Bluetooth,212,0,0
1788429454.034427,iOS Bluetooth,230,97,62
1788429454.034427,iOS Bluetooth,214,41,0
1788429454.034427,iOS Bluetooth,214,0,0
1788429454.034427,iOS Bluetooth,231,39,63
1788429454.049561,iOS Bluetooth,232,107,64
1788429454.056380,iOS Bluetooth,233,23,65
1788429454.056380,iOS Bluetooth,234,118,63
1788429454.056380,iOS Bluetooth,218,4,0
1788429454.056380,iOS Bluetooth,218,0,0
1788429454.056380,iOS Bluetooth,218,0,0
1788429454.056380,iOS Bluetooth,218,0,0
1788429454.056380,iOS Bluetooth,218,0,0
1788429454.056380,iOS Bluetooth,219,24,0
1788429454.056380,iOS Bluetooth,219,0,0
1788429454.071740,iOS Bluetooth,236,51,63
1788429454.071740,iOS Bluetooth,220,83,0
1788429454.071740,iOS Bluetooth,220,0,0
1788429454.071740,iOS Bluetooth,220,0,0
1788429454.071740,iOS Bluetooth,220,0,0
1788429454.071740,iOS Bluetooth,220,0,0
1788429454.071740,iOS Bluetooth,220,0,0
1788429454.071740,iOS Bluetooth,220,0,0
1788429454.071740,iOS Bluetooth,220,0,0
1788429454.071740,iOS Bluetooth,227,18,65
1788429454.092620,iOS Bluetooth,211,20,0
1788429454.092620,iOS Bluetooth,211,0,0
1788429454.092620,iOS Bluetooth,228,101,63
1788429454.092620,iOS Bluetooth,228,0,0
1788429454.092620,iOS Bluetooth,228,0,0
1788429454.092620,iOS Bluetooth,228,0,0
1788429454.092620,iOS Bluetooth,214,37,0
1788429454.092620,iOS Bluetooth,214,0,0
1788429454.109526,iOS Bluetooth,231,60,63
1788429454.109526,iOS Bluetooth,215,0,0
1788429454.109526,iOS Bluetooth,215,0,0
1788429454.109526,iOS Bluetooth,215,0,0
1788429454.109526,iOS Bluetooth,215,0,0
1788429454.109526,iOS Bluetooth,215,0,0
1788429454.109526,iOS Bluetooth,215,0,0
1788429454.109526,iOS Bluetooth,215,0,0
1788429454.109526,iOS Bluetooth,215,0,0
1788429454.124600,iOS Bluetooth,233,13,65
1788429454.124600,iOS Bluetooth,217,47,0
1788429454.124600,iOS Bluetooth,217,0,0
1788429454.124600,iOS Bluetooth,234,94,63
1788429454.124600,iOS Bluetooth,234,0,0
1788429454.124600,iOS Bluetooth,234,0,0
1788429454.124600,iOS Bluetooth,234,0,0
1788429454.139547,iOS Bluetooth,219,30,0
1788429454.139547,iOS Bluetooth,219,0,0
1788429454.139547,iOS Bluetooth,236,71,63
1788429454.139547,iOS Bluetooth,220,95,0
1788429454.139547,iOS Bluetooth,220,0,0
1788429454.139547,iOS Bluetooth,226,4,65
1788429454.139547,iOS Bluetooth,210,5,0
1788429454.139547,iOS Bluetooth,210,0,0
1788429454.154746,iOS Bluetooth,227,5,65
1788429454.154746,iOS Bluetooth,211,28,0
1788429454.154746,iOS Bluetooth,211,0,0
1788429454.154746,iOS Bluetooth,228,76,63
1788429454.154746,iOS Bluetooth,212,99,0
1788429454.154746,iOS Bluetooth,212,0,0
1788429454.154746,iOS Bluetooth,230,91,62
1788429454.169590,iOS Bluetooth,214,31,0
1788429454.169590,iOS Bluetooth,214,0,0
1788429454.169590,iOS Bluetooth,231,83,63
1788429454.169590,iOS Bluetooth,215,1,0
1788429454.169590,iOS Bluetooth,215,0,0
1788429454.169590,iOS Bluetooth,232,8,65
1788429454.169590,iOS Bluetooth,233,1,65
1788429454.183954,iOS Bluetooth,234,70,63
1788429454.183954,iOS Bluetooth,218,0,0
1788429454.183954,iOS Bluetooth,218,0,0
1788429454.183954,iOS Bluetooth,219,34,0
1788429454.183954,iOS Bluetooth,219,0,0
1788429454.183954,iOS Bluetooth,236,90,63
1788429454.183954,iOS Bluetooth,236,0,0
1788429454.206589,iOS Bluetooth,226,14,65
1788429454.206589,iOS Bluetooth,210,2,0
1788429454.206589,iOS Bluetooth,210,0,0
1788429454.206589,iOS Bluetooth,227,120,64
1788429454.206589,iOS Bluetooth,211,37,0
1788429454.206589,iOS Bluetooth,211,0,0
1788429454.206589,iOS Bluetooth,211,0,0
1788429454.206589,iOS Bluetooth,211,0,0
1788429454.206589,iOS Bluetooth,211,0,0
1788429454.221406,iOS Bluetooth,212,88,0
1788429454.221406,iOS Bluetooth,212,0,0
1788429454.221406,iOS Bluetooth,230,92,62
1788429454.221406,iOS Bluetooth,214,27,0
1788429454.221406,iOS Bluetooth,214,0,0
1788429454.221406,iOS Bluetooth,231,104,63
1788429454.228876,iOS Bluetooth,232,18,65
1788429454.243640,iOS Bluetooth,216,48,0
1788429454.243640,iOS Bluetooth,216,0,0
1788429454.243640,iOS Bluetooth,233,115,64
1788429454.243640,iOS Bluetooth,217,46,0
1788429454.243640,iOS Bluetooth,217,0,0
1788429454.243640,iOS Bluetooth,217,0,0
1788429454.243640,iOS Bluetooth,217,0,0
1788429454.243640,iOS Bluetooth,217,0,0
1788429454.243640,iOS Bluetooth,235,95,62
1788429454.258791,iOS Bluetooth,219,39,0
1788429454.258791,iOS Bluetooth,219,0,0
1788429454.258791,iOS Bluetooth,236,113,63
1788429454.258791,iOS Bluetooth,220,83,0
1788429454.258791,iOS Bluetooth,220,0,0
1788429454.258791,iOS Bluetooth,220,0,0
1788429454.258791,iOS Bluetooth,220,0,0
1788429454.258791,iOS Bluetooth,220,0,0
1788429454.258791,iOS Bluetooth,210,0,0
1788429454.258791,iOS Bluetooth,210,0,0
1788429454.274037,iOS Bluetooth,227,104,64
1788429454.274037,iOS Bluetooth,211,49,0
1788429454.274037,iOS Bluetooth,211,0,0
1788429454.274037,iOS Bluetooth,211,0,0
1788429454.274037,iOS Bluetooth,211,0,0
1788429454.274037,iOS Bluetooth,211,0,0
1788429454.274037,iOS Bluetooth,211,0,0
1788429454.274037,iOS Bluetooth,211,0,0
1788429454.274037,iOS Bluetooth,211,0,0
1788429454.274037,iOS Bluetooth,230,96,62
1788429454.288811,iOS Bluetooth,214,22,0
1788429454.288811,iOS Bluetooth,214,0,0
1788429454.288811,iOS Bluetooth,231,126,63
1788429454.288811,iOS Bluetooth,231,0,0
1788429454.288811,iOS Bluetooth,231,0,0
1788429454.288811,iOS Bluetooth,231,0,0
1788429454.288811,iOS Bluetooth,233,100,64
1788429454.304459,iOS Bluetooth,234,32,63
1788429454.304459,iOS Bluetooth,218,2,0
1788429454.304459,iOS Bluetooth,218,0,0
1788429454.304459,iOS Bluetooth,218,0,0
1788429454.304459,iOS Bluetooth,218,0,0
1788429454.304459,iOS Bluetooth,218,0,0
1788429454.304459,iOS Bluetooth,218,0,0
1788429454.304459,iOS Bluetooth,218,0,0
1788429454.304459,iOS Bluetooth,218,0,0
1788429454.326382,iOS Bluetooth,236,5,64
1788429454.326382,iOS Bluetooth,220,71,0
1788429454.326382,iOS Bluetooth,220,0,0
1788429454.326382,iOS Bluetooth,226,30,65
1788429454.326382,iOS Bluetooth,226,0,0
1788429454.326382,iOS Bluetooth,226,0,0
1788429454.326382,iOS Bluetooth,226,0,0
1788429454.343268,iOS Bluetooth,228,23,63
1788429454.343268,iOS Bluetooth,212,71,0
1788429454.343268,iOS Bluetooth,212,0,0
1788429454.343268,iOS Bluetooth,230,102,62
1788429454.343268,iOS Bluetooth,214,18,0
1788429454.343268,iOS Bluetooth,214,0,0
1788429454.343268,iOS Bluetooth,231,6,64
1788429454.371588,iOS Bluetooth,215,10,0
1788429454.371588,iOS Bluetooth,215,0,0
1788429454.371588,iOS Bluetooth,232,32,65
1788429454.371588,iOS Bluetooth,216,49,0
1788429454.371588,iOS Bluetooth,216,0,0
1788429454.371588,iOS Bluetooth,233,82,64
1788429454.371588,iOS Bluetooth,234,17,63
1788429454.371804,iOS Bluetooth,218,5,0
1788429454.371804,iOS Bluetooth,218,0,0
1788429454.371804,iOS Bluetooth,235,108,62
1788429454.371804,iOS Bluetooth,219,49,0
1788429454.371804,iOS Bluetooth,219,0,0
1788429454.371804,iOS Bluetooth,236,23,64
1788429454.371804,iOS Bluetooth,220,62,0
1788429454.371804,iOS Bluetooth,220,0,0
1788429454.386511,iOS Bluetooth,226,35,65
1788429454.386511,iOS Bluetooth,210,1,0
1788429454.386511,iOS Bluetooth,210,0,0
1788429454.386511,iOS Bluetooth,227,69,64
1788429454.386511,iOS Bluetooth,211,79,0
1788429454.386511,iOS Bluetooth,211,0,0
1788429454.386511,iOS Bluetooth,211,0,0
1788429454.386511,iOS Bluetooth,211,0,0
1788429454.386511,iOS Bluetooth,211,0,0
1788429454.401651,iOS Bluetooth,212,63,0
1788429454.401651,iOS Bluetooth,212,0,0
1788429454.401651,iOS Bluetooth,230,111,62
1788429454.401651,iOS Bluetooth,210,0,0
1788429454.401651,iOS Bluetooth,210,0,0
1788429454.401651,iOS Bluetooth,130,72,64
1788429454.401651,iOS Bluetooth,237,0,64
1788429454.401651,iOS Bluetooth,157,72,96
1788429454.401651,iOS Bluetooth,214,14,0
1788429454.401651,iOS Bluetooth,214,0,0
1788429454.401651,iOS Bluetooth,231,29,64
1788429454.416584,iOS Bluetooth,232,36,65
1788429454.416584,iOS Bluetooth,233,63,64
1788429454.426364,iOS Bluetooth,217,39,0
1788429454.426364,iOS Bluetooth,217,0,0
1788429454.426364,iOS Bluetooth,234,2,63
1788429454.426364,iOS Bluetooth,234,0,0
1788429454.426364,iOS Bluetooth,234,0,90
1788429454.426364,iOS Bluetooth,234,118,62
1788429454.448273,iOS Bluetooth,219,55,0
1788429454.448273,iOS Bluetooth,219,0,0
1788429454.448273,iOS Bluetooth,236,45,64
1788429454.448273,iOS Bluetooth,220,53,0
1788429454.448273,iOS Bluetooth,220,0,0
1788429454.448273,iOS Bluetooth,220,0,0
1788429454.448273,iOS Bluetooth,220,0,0
1788429454.448273,iOS Bluetooth,220,0,0
1788429454.448273,iOS Bluetooth,221,2,0
1788429454.448273,iOS Bluetooth,221,0,0
1788429454.461375,iOS Bluetooth,226,36,65
1788429454.461375,iOS Bluetooth,227,49,64
1788429454.461375,iOS Bluetooth,211,98,0
1788429454.461375,iOS Bluetooth,211,0,0
1788429454.461375,iOS Bluetooth,211,0,0
1788429454.461375,iOS Bluetooth,211,0,0
1788429454.461375,iOS Bluetooth,211,0,0
1788429454.461375,iOS Bluetooth,212,57,0
1788429454.461375,iOS Bluetooth,212,0,0
1788429454.476673,iOS Bluetooth,230,125,62
1788429454.476673,iOS Bluetooth,214,9,0
1788429454.476673,iOS Bluetooth,214,0,0
1788429454.476673,iOS Bluetooth,214,0,0
1788429454.476673,iOS Bluetooth,214,0,0
1788429454.476673,iOS Bluetooth,214,0,0
1788429454.476673,iOS Bluetooth,214,0,0
1788429454.476673,iOS Bluetooth,214,0,0
1788429454.476673,iOS Bluetooth,214,0,0
1788429454.476673,iOS Bluetooth,233,40,64
1788429454.491493,iOS Bluetooth,217,26,0
1788429454.491493,iOS Bluetooth,217,0,0
1788429454.491493,iOS Bluetooth,234,117,62
1788429454.491493,iOS Bluetooth,234,0,0
1788429454.491493,iOS Bluetooth,234,0,0
1788429454.491493,iOS Bluetooth,234,0,0
1788429454.491493,iOS Bluetooth,219,61,0
1788429454.491493,iOS Bluetooth,219,0,0
1788429454.506496,iOS Bluetooth,236,67,64
1788429454.506496,iOS Bluetooth,220,43,0
1788429454.506496,iOS Bluetooth,220,0,0
1788429454.506496,iOS Bluetooth,220,0,0
1788429454.506496,iOS Bluetooth,220,0,0
1788429454.506496,iOS Bluetooth,220,0,0
1788429454.506496,iOS Bluetooth,220,0,0
1788429454.506496,iOS Bluetooth,220,0,0
1788429454.506496,iOS Bluetooth,220,0,0
1788429454.521674,iOS Bluetooth,227,27,64
1788429454.521674,iOS Bluetooth,211,103,0
1788429454.521674,iOS Bluetooth,211,0,0
1788429454.521674,iOS Bluetooth,228,111,62
1788429454.521674,iOS Bluetooth,212,51,0
1788429454.521674,iOS Bluetooth,212,0,0
1788429454.521674,iOS Bluetooth,230,9,63
1788429454.536453,iOS Bluetooth,214,6,0
1788429454.536453,iOS Bluetooth,214,0,0
1788429454.536453,iOS Bluetooth,231,75,64
1788429454.536453,iOS Bluetooth,215,46,0
1788429454.536453,iOS Bluetooth,215,0,0
1788429454.536453,iOS Bluetooth,232,34,65
1788429454.536453,iOS Bluetooth,233,16,64
1788429454.551584,iOS Bluetooth,217,14,0
1788429454.551584,iOS Bluetooth,217,0,0
1788429454.551584,iOS Bluetooth,234,106,62
1788429454.551584,iOS Bluetooth,218,17,0
1788429454.551584,iOS Bluetooth,218,0,0
1788429454.551584,iOS Bluetooth,235,19,63
1788429454.551584,iOS Bluetooth,219,68,0
1788429454.551584,iOS Bluetooth,219,0,0
1788429454.573818,iOS Bluetooth,236,87,64
1788429454.573818,iOS Bluetooth,220,29,0
1788429454.573818,iOS Bluetooth,220,0,0
1788429454.573818,iOS Bluetooth,237,31,65
1788429454.573818,iOS Bluetooth,221,10,0
1788429454.573818,iOS Bluetooth,221,0,0
1788429454.573818,iOS Bluetooth,227,8,64
1788429454.588935,iOS Bluetooth,211,107,0
1788429454.588935,iOS Bluetooth,211,0,0
1788429454.588935,iOS Bluetooth,228,102,62
1788429454.588935,iOS Bluetooth,212,45,0
1788429454.588935,iOS Bluetooth,212,0,0
1788429454.588935,iOS Bluetooth,230,26,63
1788429454.588935,iOS Bluetooth,230,0,0
1788429454.606197,iOS Bluetooth,231,94,64
1788429454.606197,iOS Bluetooth,232,29,65
1788429454.606197,iOS Bluetooth,176,118,35
1788429454.606197,iOS Bluetooth,216,48,0
1788429454.606197,iOS Bluetooth,216,0,0
1788429454.606197,iOS Bluetooth,233,0,64
1788429454.606197,iOS Bluetooth,233,0,0
1788429454.619552,iOS Bluetooth,234,98,62
1788429454.619552,iOS Bluetooth,218,21,0
1788429454.619552,iOS Bluetooth,218,0,0
1788429454.619552,iOS Bluetooth,235,37,63
1788429454.619552,iOS Bluetooth,219,76,0
1788429454.619552,iOS Bluetooth,219,0,0
1788429454.619552,iOS Bluetooth,219,0,0
1788429454.619552,iOS Bluetooth,219,0,0
1788429454.619552,iOS Bluetooth,219,0,0
1788429454.634544,iOS Bluetooth,220,17,0
1788429454.634544,iOS Bluetooth,220,0,0
1788429454.634544,iOS Bluetooth,237,24,65
1788429454.634544,iOS Bluetooth,221,15,0
1788429454.634544,iOS Bluetooth,221,0,0
1788429454.634544,iOS Bluetooth,227,114,63
1788429454.649508,iOS Bluetooth,228,96,62
1788429454.664980,iOS Bluetooth,212,40,0
1788429454.664980,iOS Bluetooth,212,0,0
1788429454.664980,iOS Bluetooth,230,44,63
1788429454.664980,iOS Bluetooth,214,1,0
1788429454.664980,iOS Bluetooth,214,0,0
1788429454.664980,iOS Bluetooth,214,0,0
1788429454.664980,iOS Bluetooth,214,0,0
1788429454.664980,iOS Bluetooth,214,0,0
1788429454.664980,iOS Bluetooth,232,22,65
1788429454.671402,iOS Bluetooth,233,112,63
1788429454.671402,iOS Bluetooth,217,4,0
1788429454.671402,iOS Bluetooth,217,0,0
1788429454.671402,iOS Bluetooth,217,0,0
1788429454.671402,iOS Bluetooth,217,0,0
1788429454.671402,iOS Bluetooth,217,0,0
1788429454.671402,iOS Bluetooth,217,0,0
1788429454.671402,iOS Bluetooth,217,0,0
1788429454.671402,iOS Bluetooth,217,0,0
1788429454.671402,iOS Bluetooth,235,54,63
1788429454.694527,iOS Bluetooth,219,86,0
1788429454.694527,iOS Bluetooth,219,0,0
1788429454.694527,iOS Bluetooth,236,119,64
1788429454.694527,iOS Bluetooth,236,0,0
1788429454.694527,iOS Bluetooth,236,0,0
1788429454.694527,iOS Bluetooth,236,0,0
1788429454.694527,iOS Bluetooth,221,21,0
1788429454.694527,iOS Bluetooth,221,0,0
1788429454.709391,iOS Bluetooth,227,92,63
1788429454.709391,iOS Bluetooth,211,111,0
1788429454.709391,iOS Bluetooth,211,0,0
1788429454.709391,iOS Bluetooth,211,0,0
1788429454.709391,iOS Bluetooth,211,0,0
1788429454.709391,iOS Bluetooth,211,0,0
1788429454.709391,iOS Bluetooth,211,0,0
1788429454.709391,iOS Bluetooth,211,0,0
1788429454.709391,iOS Bluetooth,211,0,0
1788429454.724331,iOS Bluetooth,230,65,63
1788429454.724331,iOS Bluetooth,214,0,0
1788429454.724331,iOS Bluetooth,214,0,0
1788429454.724331,iOS Bluetooth,231,125,64
1788429454.724331,iOS Bluetooth,231,0,0
1788429454.724331,iOS Bluetooth,231,0,0
1788429454.724331,iOS Bluetooth,231,0,0
1788429454.739316,iOS Bluetooth,216,47,0
1788429454.739316,iOS Bluetooth,216,0,0
1788429454.739316,iOS Bluetooth,233,88,63
1788429454.739316,iOS Bluetooth,217,2,0
1788429454.739316,iOS Bluetooth,217,0,0
1788429454.739316,iOS Bluetooth,234,91,62
1788429454.739316,iOS Bluetooth,218,30,0
1788429454.739316,iOS Bluetooth,218,0,0
1788429454.753254,iOS Bluetooth,235,76,63
1788429454.753254,iOS Bluetooth,219,98,0
1788429454.753254,iOS Bluetooth,219,0,0
1788429454.753254,iOS Bluetooth,236,7,65
1788429454.753254,iOS Bluetooth,220,4,0
1788429454.753254,iOS Bluetooth,220,0,0
1788429454.753254,iOS Bluetooth,237,3,65
1788429454.768667,iOS Bluetooth,221,30,0
1788429454.768667,iOS Bluetooth,221,0,0
1788429454.768667,iOS Bluetooth,227,71,63
1788429454.768667,iOS Bluetooth,211,94,0
1788429454.768667,iOS Bluetooth,211,0,0
1788429454.768667,iOS Bluetooth,212,30,0
1788429454.768667,iOS Bluetooth,212,0,0
1788429454.768667,iOS Bluetooth,230,89,63
1788429454.783290,iOS Bluetooth,214,2,0
1788429454.783290,iOS Bluetooth,214,0,0
1788429454.783290,iOS Bluetooth,231,10,65
1788429454.783290,iOS Bluetooth,232,126,64
1788429454.783290,iOS Bluetooth,233,68,63
1788429454.783290,iOS Bluetooth,233,0,0
1788429454.807411,iOS Bluetooth,234,92,62
1788429454.807411,iOS Bluetooth,218,35,0
1788429454.807411,iOS Bluetooth,218,0,0
1788429454.807411,iOS Bluetooth,235,96,63
1788429454.807411,iOS Bluetooth,219,92,0
1788429454.807411,iOS Bluetooth,219,0,0
1788429454.807411,iOS Bluetooth,219,0,0
1788429454.807411,iOS Bluetooth,219,0,0
1788429454.807411,iOS Bluetooth,219,0,0
1788429454.821575,iOS Bluetooth,220,2,0
1788429454.821575,iOS Bluetooth,220,0,0
1788429454.821575,iOS Bluetooth,237,119,64
1788429454.821575,iOS Bluetooth,221,39,0
1788429454.821575,iOS Bluetooth,221,0,0
1788429454.821575,iOS Bluetooth,227,53,63
1788429454.821575,iOS Bluetooth,227,0,0
1788429454.838440,iOS Bluetooth,228,94,62
1788429454.838440,iOS Bluetooth,212,25,0
1788429454.838440,iOS Bluetooth,212,0,0
1788429454.838440,iOS Bluetooth,230,113,63
1788429454.838440,iOS Bluetooth,214,4,0
1788429454.838440,iOS Bluetooth,214,0,0
1788429454.845397,iOS Bluetooth,215,48,0
1788429454.845397,iOS Bluetooth,215,0,0
1788429454.860262,iOS Bluetooth,232,111,64
1788429454.860262,iOS Bluetooth,216,46,0
1788429454.860262,iOS Bluetooth,216,0,0
1788429454.860262,iOS Bluetooth,216,0,0
1788429454.860262,iOS Bluetooth,216,0,0
1788429454.860262,iOS Bluetooth,216,0,0
1788429454.860262,iOS Bluetooth,216,0,0
1788429454.860262,iOS Bluetooth,216,0,0
1788429454.860262,iOS Bluetooth,216,0,0
1788429454.860262,iOS Bluetooth,234,96,62
1788429454.874146,iOS Bluetooth,218,41,0
1788429454.874146,iOS Bluetooth,218,0,0
1788429454.874146,iOS Bluetooth,235,118,63
1788429454.874146,iOS Bluetooth,235,0,0
1788429454.874146,iOS Bluetooth,235,0,0
1788429454.874146,iOS Bluetooth,235,0,0
1788429454.874146,iOS Bluetooth,220,0,0
1788429454.874146,iOS Bluetooth,220,0,0
1788429454.888856,iOS Bluetooth,237,100,64
1788429454.888856,iOS Bluetooth,221,52,0
1788429454.888856,iOS Bluetooth,221,0,0
1788429454.888856,iOS Bluetooth,221,0,0
1788429454.888856,iOS Bluetooth,221,0,0
1788429454.888856,iOS Bluetooth,221,0,0
1788429454.888856,iOS Bluetooth,221,0,0
1788429454.888856,iOS Bluetooth,221,0,0
1788429454.888856,iOS Bluetooth,221,0,0
1788429454.888856,iOS Bluetooth,228,99,62
1788429454.904451,iOS Bluetooth,212,20,0
1788429454.904451,iOS Bluetooth,212,0,0
1788429454.904451,iOS Bluetooth,230,0,64
1788429454.904451,iOS Bluetooth,230,0,0
1788429454.904451,iOS Bluetooth,230,0,0
1788429454.904451,iOS Bluetooth,230,0,0
1788429454.919400,iOS Bluetooth,232,93,64
1788429454.919400,iOS Bluetooth,233,27,63
1788429454.919400,iOS Bluetooth,217,3,0
1788429454.919400,iOS Bluetooth,217,0,0
1788429454.919400,iOS Bluetooth,217,0,0
1788429454.919400,iOS Bluetooth,217,0,0
1788429454.919400,iOS Bluetooth,217,0,0
1788429454.919400,iOS Bluetooth,217,0,0
1788429454.919400,iOS Bluetooth,217,0,0
1788429454.919400,iOS Bluetooth,217,0,0
1788429454.941462,iOS Bluetooth,235,11,64
1788429454.941462,iOS Bluetooth,219,68,0
1788429454.941462,iOS Bluetooth,219,0,0
1788429454.941462,iOS Bluetooth,236,32,65
1788429454.941462,iOS Bluetooth,237,84,64
1788429454.941462,iOS Bluetooth,221,66,0
1788429454.941462,iOS Bluetooth,221,0,0
1788429454.957324,iOS Bluetooth,227,17,63
1788429454.957324,iOS Bluetooth,211,56,0
1788429454.957324,iOS Bluetooth,211,0,0
1788429454.957324,iOS Bluetooth,228,106,62
1788429454.957324,iOS Bluetooth,212,17,0
1788429454.957324,iOS Bluetooth,212,0,0
1788429454.957324,iOS Bluetooth,230,11,64
1788429454.971459,iOS Bluetooth,214,14,0
1788429454.971459,iOS Bluetooth,214,0,0
1788429454.971459,iOS Bluetooth,231,34,65
1788429454.971459,iOS Bluetooth,215,49,0
1788429454.971459,iOS Bluetooth,215,0,0
1788429454.971459,iOS Bluetooth,232,77,64
1788429454.971459,iOS Bluetooth,233,13,63
1788429454.986444,iOS Bluetooth,217,6,0
1788429454.986444,iOS Bluetooth,217,0,0
1788429454.986444,iOS Bluetooth,234,110,62
1788429454.986444,iOS Bluetooth,218,51,0
1788429454.986444,iOS Bluetooth,218,0,0
1788429454.986444,iOS Bluetooth,235,29,64
1788429454.986444,iOS Bluetooth,235,0,0
1788429455.001703,iOS Bluetooth,236,36,65
1788429455.001703,iOS Bluetooth,220,1,0
1788429455.001703,iOS Bluetooth,220,0,0
1788429455.001703,iOS Bluetooth,211,0,0
1788429455.001703,iOS Bluetooth,211,0,0
1788429455.001703,iOS Bluetooth,131,75,64
1788429455.001703,iOS Bluetooth,238,0,64
1788429455.001703,iOS Bluetooth,158,75,96
1788429455.001703,iOS Bluetooth,237,65,64
1788429455.001703,iOS Bluetooth,221,84,0
1788429455.001703,iOS Bluetooth,221,0,0
1788429455.016743,iOS Bluetooth,222,45,0
1788429455.016743,iOS Bluetooth,222,0,0
1788429455.016743,iOS Bluetooth,227,5,63
1788429455.024472,iOS Bluetooth,228,117,62
1788429455.024472,iOS Bluetooth,212,13,0
1788429455.024472,iOS Bluetooth,212,0,0
1788429455.024472,iOS Bluetooth,212,0,0
1788429455.024472,iOS Bluetooth,212,0,0
1788429455.024472,iOS Bluetooth,212,0,0
1788429455.024472,iOS Bluetooth,214,27,0
1788429455.024472,iOS Bluetooth,214,0,0
1788429455.039538,iOS Bluetooth,231,36,65
1788429455.039538,iOS Bluetooth,232,55,64
1788429455.039538,iOS Bluetooth,216,35,0
1788429455.039538,iOS Bluetooth,216,0,0
1788429455.039538,iOS Bluetooth,216,0,0
1788429455.039538,iOS Bluetooth,216,0,0
1788429455.039538,iOS Bluetooth,216,0,0
1788429455.039538,iOS Bluetooth,217,10,0
1788429455.039538,iOS Bluetooth,217,0,0
1788429455.061569,iOS Bluetooth,234,123,62
1788429455.061569,iOS Bluetooth,218,57,0
1788429455.061569,iOS Bluetooth,218,0,0
1788429455.061569,iOS Bluetooth,218,0,0
1788429455.061569,iOS Bluetooth,218,0,0
1788429455.061569,iOS Bluetooth,218,0,0
1788429455.061569,iOS Bluetooth,218,0,0
1788429455.061569,iOS Bluetooth,218,0,0
1788429455.061569,iOS Bluetooth,218,0,0
1788429455.061569,iOS Bluetooth,236,37,65
1788429455.076468,iOS Bluetooth,220,3,0
1788429455.076468,iOS Bluetooth,220,0,0
1788429455.076468,iOS Bluetooth,237,43,64
1788429455.076468,iOS Bluetooth,237,0,0
1788429455.076468,iOS Bluetooth,237,0,0
1788429455.076468,iOS Bluetooth,237,0,0
1788429455.076468,iOS Bluetooth,222,36,0
1788429455.076468,iOS Bluetooth,222,0,0
1788429455.091458,iOS Bluetooth,228,2,63
1788429455.091458,iOS Bluetooth,212,9,0
1788429455.091458,iOS Bluetooth,212,0,0
1788429455.091458,iOS Bluetooth,212,0,0
1788429455.091458,iOS Bluetooth,212,0,0
1788429455.091458,iOS Bluetooth,212,0,0
1788429455.091458,iOS Bluetooth,212,0,0
1788429455.091458,iOS Bluetooth,212,0,0
1788429455.091458,iOS Bluetooth,212,0,0
1788429455.091458,iOS Bluetooth,232,34,64
1788429455.106433,iOS Bluetooth,216,23,0
1788429455.106433,iOS Bluetooth,216,0,0
1788429455.106433,iOS Bluetooth,233,114,62
1788429455.106433,iOS Bluetooth,233,0,0
1788429455.106433,iOS Bluetooth,233,0,0
1788429455.106433,iOS Bluetooth,233,0,0
1788429455.121683,iOS Bluetooth,218,63,0
1788429455.121683,iOS Bluetooth,218,0,0
1788429455.121683,iOS Bluetooth,235,72,64
1788429455.121683,iOS Bluetooth,219,41,0
1788429455.121683,iOS Bluetooth,219,0,0
1788429455.121683,iOS Bluetooth,219,0,0
1788429455.121683,iOS Bluetooth,219,0,0
1788429455.121683,iOS Bluetooth,219,0,0
1788429455.121683,iOS Bluetooth,219,0,0
1788429455.121683,iOS Bluetooth,219,0,0
1788429455.121683,iOS Bluetooth,219,0,0
1788429455.136598,iOS Bluetooth,237,21,64
1788429455.136598,iOS Bluetooth,221,104,0
1788429455.136598,iOS Bluetooth,221,0,0
1788429455.136598,iOS Bluetooth,238,106,62
1788429455.136598,iOS Bluetooth,222,28,0
1788429455.136598,iOS Bluetooth,222,0,0
1788429455.136598,iOS Bluetooth,228,15,63
1788429455.159759,iOS Bluetooth,212,5,0
1788429455.159759,iOS Bluetooth,212,0,0
1788429455.159759,iOS Bluetooth,230,80,64
1788429455.159759,iOS Bluetooth,214,46,0
1788429455.159759,iOS Bluetooth,214,0,0
1788429455.159759,iOS Bluetooth,231,33,65
1788429455.159759,iOS Bluetooth,232,11,64
1788429455.173817,iOS Bluetooth,216,10,0
1788429455.173817,iOS Bluetooth,216,0,0
1788429455.173817,iOS Bluetooth,233,104,62
1788429455.173817,iOS Bluetooth,217,18,0
1788429455.173817,iOS Bluetooth,217,0,0
1788429455.173817,iOS Bluetooth,234,24,63
1788429455.173817,iOS Bluetooth,218,70,0
1788429455.173817,iOS Bluetooth,218,0,0
1788429455.188755,iOS Bluetooth,235,92,64
1788429455.188755,iOS Bluetooth,219,25,0
1788429455.188755,iOS Bluetooth,219,0,0
1788429455.188755,iOS Bluetooth,236,29,65
1788429455.188755,iOS Bluetooth,220,11,0
1788429455.188755,iOS Bluetooth,220,0,0
1788429455.188755,iOS Bluetooth,220,0,0
1788429455.188755,iOS Bluetooth,220,0,0
1788429455.188755,iOS Bluetooth,220,0,0
1788429455.204607,iOS Bluetooth,221,108,0
1788429455.204607,iOS Bluetooth,221,0,0
1788429455.204607,iOS Bluetooth,238,99,62
1788429455.204607,iOS Bluetooth,222,21,0
1788429455.204607,iOS Bluetooth,222,0,0
1788429455.204607,iOS Bluetooth,228,32,63
1788429455.204607,iOS Bluetooth,228,0,0
1788429455.219555,iOS Bluetooth,230,98,64
1788429455.219555,iOS Bluetooth,231,27,65
1788429455.219555,iOS Bluetooth,215,48,0
1788429455.219555,iOS Bluetooth,215,0,0
1788429455.219555,iOS Bluetooth,232,0,64
1788429455.234402,iOS Bluetooth,233,97,62
1788429455.241482,iOS Bluetooth,217,23,0
1788429455.241482,iOS Bluetooth,217,0,0
1788429455.241482,iOS Bluetooth,234,42,63
1788429455.241482,iOS Bluetooth,218,78,0
1788429455.241482,iOS Bluetooth,218,0,0
1788429455.241482,iOS Bluetooth,218,0,0
1788429455.241482,iOS Bluetooth,218,0,0
1788429455.241482,iOS Bluetooth,218,0,0
1788429455.241482,iOS Bluetooth,219,14,0
1788429455.241482,iOS Bluetooth,219,0,0
1788429455.256456,iOS Bluetooth,236,22,65
1788429455.256456,iOS Bluetooth,220,16,0
1788429455.256456,iOS Bluetooth,220,0,0
1788429455.256456,iOS Bluetooth,237,109,63
1788429455.256456,iOS Bluetooth,237,0,0
1788429455.256456,iOS Bluetooth,237,0,26
1788429455.256456,iOS Bluetooth,237,94,62
1788429455.279707,iOS Bluetooth,222,16,0
1788429455.279707,iOS Bluetooth,222,0,0
1788429455.279707,iOS Bluetooth,228,51,63
1788429455.279707,iOS Bluetooth,228,0,0
1788429455.279707,iOS Bluetooth,228,0,0
1788429455.279707,iOS Bluetooth,228,0,0
1788429455.279707,iOS Bluetooth,231,19,65
1788429455.294464,iOS Bluetooth,232,106,63
1788429455.294464,iOS Bluetooth,216,4,0
1788429455.294464,iOS Bluetooth,216,0,0
1788429455.294464,iOS Bluetooth,216,0,0
1788429455.294464,iOS Bluetooth,216,0,0
1788429455.294464,iOS Bluetooth,216,0,0
1788429455.294464,iOS Bluetooth,216,0,0
1788429455.294464,iOS Bluetooth,216,0,0
1788429455.294464,iOS Bluetooth,216,0,0
1788429455.294464,iOS Bluetooth,234,59,63
1788429455.308742,iOS Bluetooth,218,89,0
1788429455.308742,iOS Bluetooth,218,0,0
1788429455.308742,iOS Bluetooth,235,123,64
1788429455.308742,iOS Bluetooth,235,0,0
1788429455.308742,iOS Bluetooth,235,0,0
1788429455.308742,iOS Bluetooth,235,0,0
1788429455.326683,iOS Bluetooth,220,24,0
1788429455.326683,iOS Bluetooth,220,0,0
1788429455.326683,iOS Bluetooth,237,87,63
1788429455.326683,iOS Bluetooth,221,109,0
1788429455.326683,iOS Bluetooth,221,0,0
1788429455.326683,iOS Bluetooth,221,0,0
1788429455.326683,iOS Bluetooth,221,0,0
1788429455.326683,iOS Bluetooth,221,0,0
1788429455.326683,iOS Bluetooth,221,0,0
1788429455.326683,iOS Bluetooth,221,0,0
1788429455.326683,iOS Bluetooth,221,0,0
1788429455.341534,iOS Bluetooth,228,74,63
1788429455.341534,iOS Bluetooth,230,0,65
1788429455.341534,iOS Bluetooth,214,47,0
1788429455.341534,iOS Bluetooth,214,0,0
1788429455.341534,iOS Bluetooth,231,8,65
1788429455.341534,iOS Bluetooth,215,47,0
1788429455.341534,iOS Bluetooth,215,0,0
1788429455.355881,iOS Bluetooth,232,82,63
1788429455.355881,iOS Bluetooth,216,1,0
1788429455.355881,iOS Bluetooth,216,0,0
1788429455.355881,iOS Bluetooth,233,91,62
1788429455.355881,iOS Bluetooth,217,32,0
1788429455.355881,iOS Bluetooth,217,0,0
1788429455.355881,iOS Bluetooth,234,79,63
1788429455.370370,iOS Bluetooth,218,99,0
1788429455.370370,iOS Bluetooth,218,0,0
1788429455.370370,iOS Bluetooth,235,8,65
1788429455.370370,iOS Bluetooth,219,3,0
1788429455.370370,iOS Bluetooth,219,0,0
1788429455.370370,iOS Bluetooth,236,0,65
1788429455.370370,iOS Bluetooth,220,31,0
1788429455.370370,iOS Bluetooth,220,0,0
1788429455.383795,iOS Bluetooth,237,66,63
1788429455.383795,iOS Bluetooth,221,92,0
1788429455.383795,iOS Bluetooth,221,0,0
1788429455.383795,iOS Bluetooth,222,7,0
1788429455.383795,iOS Bluetooth,222,0,0
1788429455.383795,iOS Bluetooth,228,95,63
1788429455.383795,iOS Bluetooth,228,0,0
1788429455.398687,iOS Bluetooth,230,13,65
1788429455.398687,iOS Bluetooth,214,48,0
1788429455.398687,iOS Bluetooth,214,0,0
1788429455.398687,iOS Bluetooth,231,122,64
1788429455.398687,iOS Bluetooth,232,62,63
1788429455.421413,iOS Bluetooth,233,93,62
1788429455.421413,iOS Bluetooth,217,36,0
1788429455.421413,iOS Bluetooth,217,0,0
1788429455.428667,iOS Bluetooth,234,102,63
1788429455.428667,iOS Bluetooth,218,89,0
1788429455.428667,iOS Bluetooth,218,0,0
1788429455.428667,iOS Bluetooth,218,0,0
1788429455.428667,iOS Bluetooth,218,0,0
1788429455.428667,iOS Bluetooth,218,0,0
1788429455.428667,iOS Bluetooth,219,1,0
1788429455.428667,iOS Bluetooth,219,0,0
1788429455.443757,iOS Bluetooth,236,113,64
1788429455.443757,iOS Bluetooth,220,42,0
1788429455.443757,iOS Bluetooth,220,0,0
1788429455.443757,iOS Bluetooth,237,48,63
1788429455.443757,iOS Bluetooth,237,0,0
1788429455.443757,iOS Bluetooth,237,0,82
1788429455.443757,iOS Bluetooth,237,95,62
1788429455.459492,iOS Bluetooth,222,4,0
1788429455.459492,iOS Bluetooth,222,0,0
1788429455.459492,iOS Bluetooth,228,119,63
1788429455.459492,iOS Bluetooth,212,4,0
1788429455.459492,iOS Bluetooth,212,0,0
1788429455.459492,iOS Bluetooth,212,0,0
1788429455.459492,iOS Bluetooth,212,0,0
1788429455.459492,iOS Bluetooth,212,0,0
1788429455.459492,iOS Bluetooth,231,109,64
1788429455.473825,iOS Bluetooth,215,46,0
1788429455.473825,iOS Bluetooth,215,0,0
1788429455.473825,iOS Bluetooth,232,41,63
1788429455.473825,iOS Bluetooth,232,0,0
1788429455.473825,iOS Bluetooth,232,0,0
1788429455.473825,iOS Bluetooth,232,0,0
1788429455.473825,iOS Bluetooth,217,41,0
1788429455.473825,iOS Bluetooth,217,0,0
1788429455.489686,iOS Bluetooth,234,123,63
1788429455.489686,iOS Bluetooth,218,77,0
1788429455.489686,iOS Bluetooth,218,0,0
1788429455.489686,iOS Bluetooth,218,0,0
1788429455.489686,iOS Bluetooth,218,0,0
1788429455.489686,iOS Bluetooth,218,0,0
1788429455.489686,iOS Bluetooth,218,0,0
1788429455.489686,iOS Bluetooth,218,0,0
1788429455.489686,iOS Bluetooth,218,0,0
1788429455.489686,iOS Bluetooth,236,98,64
1788429455.504564,iOS Bluetooth,220,56,0
1788429455.504564,iOS Bluetooth,220,0,0
1788429455.504564,iOS Bluetooth,237,30,63
1788429455.504564,iOS Bluetooth,237,0,0
1788429455.504564,iOS Bluetooth,237,0,0
1788429455.504564,iOS Bluetooth,237,0,0
1788429455.526555,iOS Bluetooth,222,1,0
1788429455.526555,iOS Bluetooth,222,0,0
1788429455.526555,iOS Bluetooth,228,1,64
1788429455.526555,iOS Bluetooth,212,1,0
1788429455.526555,iOS Bluetooth,212,0,0
1788429455.526555,iOS Bluetooth,230,30,65
1788429455.526555,iOS Bluetooth,231,91,64
1788429455.541435,iOS Bluetooth,232,23,63
1788429455.541435,iOS Bluetooth,216,3,0
1788429455.541435,iOS Bluetooth,216,0,0
1788429455.541435,iOS Bluetooth,233,103,62
1788429455.541435,iOS Bluetooth,217,47,0
1788429455.541435,iOS Bluetooth,217,0,0
1788429455.541435,iOS Bluetooth,234,13,64
1788429455.556635,iOS Bluetooth,218,66,0
1788429455.556635,iOS Bluetooth,218,0,0
1788429455.556635,iOS Bluetooth,235,33,65
1788429455.556635,iOS Bluetooth,236,79,64
1788429455.556635,iOS Bluetooth,220,70,0
1788429455.556635,iOS Bluetooth,220,0,0
1788429455.556635,iOS Bluetooth,237,15,63
1788429455.571429,iOS Bluetooth,221,53,0
1788429455.571429,iOS Bluetooth,221,0,0
1788429455.571429,iOS Bluetooth,238,109,62
1788429455.571429,iOS Bluetooth,222,0,0
1788429455.571429,iOS Bluetooth,222,0,0
1788429455.571429,iOS Bluetooth,228,20,64
1788429455.571429,iOS Bluetooth,212,16,0
1788429455.571429,iOS Bluetooth,212,0,0
1788429455.586462,iOS Bluetooth,230,35,65
1788429455.586462,iOS Bluetooth,214,49,0
1788429455.586462,iOS Bluetooth,214,0,0
1788429455.586462,iOS Bluetooth,231,72,64
1788429455.586462,iOS Bluetooth,215,45,0
1788429455.586462,iOS Bluetooth,215,0,0
1788429455.586462,iOS Bluetooth,215,0,0
1788429455.586462,iOS Bluetooth,215,0,0
1788429455.586462,iOS Bluetooth,215,0,0
1788429455.601531,iOS Bluetooth,212,0,0
1788429455.601531,iOS Bluetooth,212,0,0
1788429455.601531,iOS Bluetooth,132,48,64
1788429455.601531,iOS Bluetooth,229,0,64
1788429455.601531,iOS Bluetooth,149,48,96
1788429455.601531,iOS Bluetooth,216,7,0
1788429455.601531,iOS Bluetooth,216,0,0
1788429455.601531,iOS Bluetooth,233,113,62
1788429455.601531,iOS Bluetooth,176,118,36
1788429455.601531,iOS Bluetooth,217,52,0
1788429455.601531,iOS Bluetooth,217,0,0
1788429455.601531,iOS Bluetooth,234,34,64
1788429455.616499,iOS Bluetooth,235,36,65
1788429455.624403,iOS Bluetooth,219,2,0
1788429455.624403,iOS Bluetooth,219,0,0
1788429455.624403,iOS Bluetooth,236,59,64
1788429455.624403,iOS Bluetooth,220,89,0
1788429455.624403,iOS Bluetooth,220,0,0
1788429455.624403,iOS Bluetooth,220,0,0
1788429455.624403,iOS Bluetooth,220,0,0
1788429455.624403,iOS Bluetooth,220,0,0
1788429455.624403,iOS Bluetooth,221,43,0
1788429455.624403,iOS Bluetooth,221,0,0
1788429455.646576,iOS Bluetooth,238,122,62
1788429455.646576,iOS Bluetooth,228,26,64
1788429455.646576,iOS Bluetooth,229,44,64
1788429455.646576,iOS Bluetooth,229,0,0
1788429455.646576,iOS Bluetooth,229,0,26
1788429455.646576,iOS Bluetooth,229,37,65
1788429455.661557,iOS Bluetooth,231,49,64
1788429455.661557,iOS Bluetooth,215,32,0
1788429455.661557,iOS Bluetooth,215,0,0
1788429455.661557,iOS Bluetooth,232,123,62
1788429455.661557,iOS Bluetooth,232,0,0
1788429455.661557,iOS Bluetooth,232,0,42
1788429455.661557,iOS Bluetooth,232,125,62
1788429455.677012,iOS Bluetooth,217,58,0
1788429455.677012,iOS Bluetooth,217,0,0
1788429455.677012,iOS Bluetooth,234,56,64
1788429455.677012,iOS Bluetooth,234,0,0
1788429455.677012,iOS Bluetooth,234,0,0
1788429455.677012,iOS Bluetooth,234,0,0
1788429455.677012,iOS Bluetooth,236,41,64
1788429455.691546,iOS Bluetooth,220,101,0
1788429455.691546,iOS Bluetooth,220,0,0
1788429455.691546,iOS Bluetooth,237,115,62
1788429455.691546,iOS Bluetooth,237,0,0
1788429455.691546,iOS Bluetooth,237,0,0
1788429455.691546,iOS Bluetooth,237,0,0
1788429455.691546,iOS Bluetooth,222,1,0
1788429455.691546,iOS Bluetooth,222,0,0
1788429455.706417,iOS Bluetooth,229,67,64
1788429455.706417,iOS Bluetooth,213,41,0
1788429455.706417,iOS Bluetooth,213,0,0
1788429455.706417,iOS Bluetooth,213,0,0
1788429455.706417,iOS Bluetooth,213,0,0
1788429455.706417,iOS Bluetooth,213,0,0
1788429455.706417,iOS Bluetooth,213,0,0
1788429455.706417,iOS Bluetooth,213,0,0
1788429455.706417,iOS Bluetooth,213,0,0
1788429455.721872,iOS Bluetooth,215,20,0
1788429455.721872,iOS Bluetooth,215,0,0
1788429455.721872,iOS Bluetooth,232,111,62
1788429455.721872,iOS Bluetooth,216,14,0
1788429455.721872,iOS Bluetooth,216,0,0
1788429455.721872,iOS Bluetooth,216,0,0
1788429455.721872,iOS Bluetooth,216,0,0
1788429455.721872,iOS Bluetooth,216,0,0
1788429455.721872,iOS Bluetooth,216,0,0
1788429455.721872,iOS Bluetooth,216,0,0
1788429455.721872,iOS Bluetooth,216,0,0
1788429455.741239,iOS Bluetooth,234,77,64
1788429455.741239,iOS Bluetooth,218,37,0
1788429455.741239,iOS Bluetooth,218,0,0
1788429455.741239,iOS Bluetooth,235,34,65
1788429455.741239,iOS Bluetooth,219,7,0
1788429455.741239,iOS Bluetooth,219,0,0
1788429455.741239,iOS Bluetooth,236,19,64
1788429455.758592,iOS Bluetooth,220,105,0
1788429455.758592,iOS Bluetooth,220,0,0
1788429455.758592,iOS Bluetooth,237,105,62
1788429455.758592,iOS Bluetooth,221,26,0
1788429455.758592,iOS Bluetooth,221,0,0
1788429455.758592,iOS Bluetooth,238,22,63
1788429455.758592,iOS Bluetooth,222,4,0
1788429455.758592,iOS Bluetooth,222,0,0
1788429455.774538,iOS Bluetooth,229,87,64
1788429455.774538,iOS Bluetooth,213,46,0
1788429455.774538,iOS Bluetooth,213,0,0
1788429455.774538,iOS Bluetooth,230,32,65
1788429455.774538,iOS Bluetooth,231,5,64
1788429455.774538,iOS Bluetooth,215,8,0
1788429455.774538,iOS Bluetooth,215,0,0
1788429455.788714,iOS Bluetooth,232,102,62
1788429455.788714,iOS Bluetooth,216,19,0
1788429455.788714,iOS Bluetooth,216,0,0
1788429455.788714,iOS Bluetooth,233,28,63
1788429455.788714,iOS Bluetooth,217,72,0
1788429455.788714,iOS Bluetooth,217,0,0
1788429455.788714,iOS Bluetooth,217,0,0
1788429455.788714,iOS Bluetooth,217,0,0
1788429455.788714,iOS Bluetooth,217,0,0
1788429455.804280,iOS Bluetooth,218,22,0
1788429455.804280,iOS Bluetooth,218,0,0
1788429455.804280,iOS Bluetooth,235,29,65
1788429455.804280,iOS Bluetooth,219,12,0
1788429455.804280,iOS Bluetooth,219,0,0
1788429455.804280,iOS Bluetooth,236,125,63
1788429455.804280,iOS Bluetooth,236,0,0
1788429455.819328,iOS Bluetooth,237,98,62
1788429455.819328,iOS Bluetooth,221,21,0
1788429455.819328,iOS Bluetooth,221,0,0
1788429455.819328,iOS Bluetooth,238,39,63
1788429455.819328,iOS Bluetooth,222,11,0
1788429455.819328,iOS Bluetooth,222,0,0
1788429455.819328,iOS Bluetooth,222,0,0
1788429455.819328,iOS Bluetooth,222,0,0
1788429455.819328,iOS Bluetooth,222,0,0
1788429455.834314,iOS Bluetooth,230,26,65
1788429455.834314,iOS Bluetooth,214,48,0
1788429455.834314,iOS Bluetooth,214,0,0
1788429455.834314,iOS Bluetooth,231,124,63
1788429455.834314,iOS Bluetooth,215,3,0
1788429455.834314,iOS Bluetooth,215,0,0
1788429455.849457,iOS Bluetooth,216,23,0
1788429455.849457,iOS Bluetooth,216,0,0
1788429455.856394,iOS Bluetooth,233,46,63
1788429455.856394,iOS Bluetooth,217,81,0
1788429455.856394,iOS Bluetooth,217,0,0
1788429455.856394,iOS Bluetooth,234,111,64
1788429455.856394,iOS Bluetooth,234,0,0
1788429455.856394,iOS Bluetooth,234,0,114
1788429455.856394,iOS Bluetooth,234,20,65
1788429455.879794,iOS Bluetooth,219,18,0
1788429455.879794,iOS Bluetooth,219,0,0
1788429455.879794,iOS Bluetooth,236,103,63
1788429455.879794,iOS Bluetooth,236,0,0
1788429455.879794,iOS Bluetooth,236,0,0
1788429455.879794,iOS Bluetooth,236,0,0
1788429455.879794,iOS Bluetooth,221,15,0
1788429455.879794,iOS Bluetooth,221,0,0
1788429455.894503,iOS Bluetooth,238,60,63
1788429455.894503,iOS Bluetooth,222,20,0
1788429455.894503,iOS Bluetooth,222,0,0
1788429455.894503,iOS Bluetooth,222,0,0
1788429455.894503,iOS Bluetooth,222,0,0
1788429455.894503,iOS Bluetooth,222,0,0
1788429455.894503,iOS Bluetooth,222,0,0
1788429455.894503,iOS Bluetooth,222,0,0
1788429455.894503,iOS Bluetooth,222,0,0
1788429455.894503,iOS Bluetooth,231,103,63
1788429455.908738,iOS Bluetooth,232,92,62
1788429455.908738,iOS Bluetooth,216,27,0
1788429455.908738,iOS Bluetooth,216,0,0
1788429455.908738,iOS Bluetooth,216,0,0
1788429455.908738,iOS Bluetooth,216,0,0
1788429455.908738,iOS Bluetooth,216,0,0
1788429455.908738,iOS Bluetooth,216,0,0
1788429455.908738,iOS Bluetooth,216,0,0
1788429455.908738,iOS Bluetooth,216,0,0
1788429455.924461,iOS Bluetooth,234,126,64
1788429455.924461,iOS Bluetooth,218,7,0
1788429455.924461,iOS Bluetooth,218,0,0
1788429455.924461,iOS Bluetooth,235,11,65
1788429455.924461,iOS Bluetooth,235,0,0
1788429455.924461,iOS Bluetooth,235,0,0
1788429455.924461,iOS Bluetooth,235,0,0
1788429455.939586,iOS Bluetooth,220,105,0
1788429455.939586,iOS Bluetooth,220,0,0
1788429455.939586,iOS Bluetooth,237,91,62
1788429455.939586,iOS Bluetooth,221,11,0
1788429455.939586,iOS Bluetooth,221,0,0
1788429455.939586,iOS Bluetooth,238,79,63
1788429455.939586,iOS Bluetooth,222,28,0
1788429455.939586,iOS Bluetooth,222,0,0
1788429455.953605,iOS Bluetooth,229,5,65
1788429455.953605,iOS Bluetooth,213,47,0
1788429455.953605,iOS Bluetooth,213,0,0
1788429455.953605,iOS Bluetooth,230,5,65
1788429455.953605,iOS Bluetooth,214,47,0
1788429455.953605,iOS Bluetooth,214,0,0
1788429455.953605,iOS Bluetooth,231,79,63
1788429455.969606,iOS Bluetooth,215,1,0
1788429455.969606,iOS Bluetooth,215,0,0
1788429455.969606,iOS Bluetooth,232,91,62
1788429455.969606,iOS Bluetooth,216,33,0
1788429455.969606,iOS Bluetooth,216,0,0
1788429455.969606,iOS Bluetooth,233,85,63
1788429455.969606,iOS Bluetooth,217,97,0
1788429455.969606,iOS Bluetooth,217,0,0
1788429455.983789,iOS Bluetooth,234,11,65
1788429455.983789,iOS Bluetooth,218,3,0
1788429455.983789,iOS Bluetooth,218,0,0
1788429455.983789,iOS Bluetooth,235,124,64
1788429455.983789,iOS Bluetooth,219,34,0
1788429455.983789,iOS Bluetooth,219,0,0
1788429455.983789,iOS Bluetooth,219,0,0
1788429455.983789,iOS Bluetooth,219,0,0
1788429455.983789,iOS Bluetooth,219,0,0
1788429456.006564,iOS Bluetooth,220,88,0
1788429456.006564,iOS Bluetooth,220,0,0
1788429456.006564,iOS Bluetooth,237,92,62
1788429456.006564,iOS Bluetooth,221,6,0
1788429456.006564,iOS Bluetooth,221,0,0
1788429456.006564,iOS Bluetooth,238,102,63
1788429456.006564,iOS Bluetooth,238,0,0
1788429456.021530,iOS Bluetooth,229,17,65
1788429456.021530,iOS Bluetooth,213,48,0
1788429456.021530,iOS Bluetooth,213,0,0
1788429456.021530,iOS Bluetooth,230,119,64
1788429456.021530,iOS Bluetooth,214,46,0
1788429456.021530,iOS Bluetooth,214,0,0
1788429456.029390,iOS Bluetooth,215,0,0
1788429456.029390,iOS Bluetooth,215,0,0
1788429456.044328,iOS Bluetooth,232,94,62
1788429456.044328,iOS Bluetooth,216,38,0
1788429456.044328,iOS Bluetooth,216,0,0
1788429456.044328,iOS Bluetooth,233,107,63
1788429456.044328,iOS Bluetooth,233,0,0
1788429456.044328,iOS Bluetooth,233,0,42
1788429456.044328,iOS Bluetooth,233,22,65
1788429456.059464,iOS Bluetooth,218,1,0
1788429456.059464,iOS Bluetooth,218,0,0
1788429456.059464,iOS Bluetooth,235,109,64
1788429456.059464,iOS Bluetooth,219,45,0
1788429456.059464,iOS Bluetooth,219,0,0
1788429456.059464,iOS Bluetooth,219,0,0
1788429456.059464,iOS Bluetooth,219,0,0
1788429456.059464,iOS Bluetooth,219,0,0
1788429456.059464,iOS Bluetooth,220,73,0
1788429456.059464,iOS Bluetooth,220,0,0
1788429456.074583,iOS Bluetooth,237,97,62
1788429456.074583,iOS Bluetooth,221,3,0
1788429456.074583,iOS Bluetooth,221,0,0
1788429456.074583,iOS Bluetooth,221,0,0
1788429456.074583,iOS Bluetooth,221,0,0
1788429456.074583,iOS Bluetooth,221,0,0
1788429456.074583,iOS Bluetooth,221,0,0
1788429456.074583,iOS Bluetooth,221,0,0
1788429456.074583,iOS Bluetooth,221,0,0
1788429456.074583,iOS Bluetooth,229,26,65
1788429456.089568,iOS Bluetooth,230,102,64
1788429456.089568,iOS Bluetooth,231,36,63
1788429456.089568,iOS Bluetooth,231,0,0
1788429456.089568,iOS Bluetooth,231,0,0
1788429456.089568,iOS Bluetooth,231,0,0
1788429456.089568,iOS Bluetooth,216,43,0
1788429456.089568,iOS Bluetooth,216,0,0
1788429456.104418,iOS Bluetooth,233,0,64
1788429456.104418,iOS Bluetooth,217,74,0
1788429456.104418,iOS Bluetooth,217,0,0
1788429456.104418,iOS Bluetooth,217,0,0
1788429456.104418,iOS Bluetooth,217,0,0
1788429456.104418,iOS Bluetooth,217,0,0
1788429456.104418,iOS Bluetooth,217,0,0
1788429456.104418,iOS Bluetooth,217,0,0
1788429456.104418,iOS Bluetooth,217,0,0
1788429456.126658,iOS Bluetooth,235,91,64
1788429456.126658,iOS Bluetooth,219,60,0
1788429456.126658,iOS Bluetooth,219,0,0
1788429456.126658,iOS Bluetooth,236,25,63
1788429456.126658,iOS Bluetooth,236,0,0
1788429456.126658,iOS Bluetooth,236,0,0
1788429456.126658,iOS Bluetooth,236,0,0
1788429456.141867,iOS Bluetooth,221,1,0
1788429456.141867,iOS Bluetooth,221,0,0
1788429456.141867,iOS Bluetooth,238,13,64
1788429456.141867,iOS Bluetooth,222,58,0
1788429456.141867,iOS Bluetooth,222,0,0
1788429456.141867,iOS Bluetooth,229,32,65
1788429456.141867,iOS Bluetooth,213,49,0
1788429456.141867,iOS Bluetooth,213,0,0
1788429456.156614,iOS Bluetooth,230,84,64
1788429456.156614,iOS Bluetooth,231,19,63
1788429456.156614,iOS Bluetooth,215,5,0
1788429456.156614,iOS Bluetooth,215,0,0
1788429456.156614,iOS Bluetooth,232,106,62
1788429456.156614,iOS Bluetooth,216,48,0
1788429456.156614,iOS Bluetooth,216,0,0
1788429456.171372,iOS Bluetooth,233,21,64
1788429456.171372,iOS Bluetooth,217,63,0
1788429456.171372,iOS Bluetooth,217,0,0
1788429456.171372,iOS Bluetooth,234,35,65
1788429456.171372,iOS Bluetooth,218,1,0
1788429456.171372,iOS Bluetooth,218,0,0
1788429456.171372,iOS Bluetooth,235,74,64
1788429456.186556,iOS Bluetooth,219,77,0
1788429456.186556,iOS Bluetooth,219,0,0
1788429456.186556,iOS Bluetooth,236,9,63
1788429456.186556,iOS Bluetooth,220,49,0
1788429456.186556,iOS Bluetooth,220,0,0
1788429456.186556,iOS Bluetooth,237,113,62
1788429456.186556,iOS Bluetooth,237,0,0
1788429456.201455,iOS Bluetooth,238,35,64
1788429456.201455,iOS Bluetooth,222,72,0
1788429456.201455,iOS Bluetooth,222,0,0
1788429456.201455,iOS Bluetooth,214,0,0
1788429456.201455,iOS Bluetooth,214,0,0
1788429456.201455,iOS Bluetooth,134,51,64
1788429456.201455,iOS Bluetooth,239,0,64
1788429456.201455,iOS Bluetooth,159,51,96
1788429456.201455,iOS Bluetooth,239,63,64
1788429456.201455,iOS Bluetooth,223,42,0
1788429456.201455,iOS Bluetooth,223,0,0
1788429456.201455,iOS Bluetooth,223,0,0
1788429456.201455,iOS Bluetooth,223,0,0
1788429456.201455,iOS Bluetooth,223,0,0
1788429456.216859,iOS Bluetooth,230,69,64
1788429456.216859,iOS Bluetooth,231,3,63
1788429456.216859,iOS Bluetooth,215,8,0
1788429456.216859,iOS Bluetooth,215,0,0
1788429456.216859,iOS Bluetooth,232,117,62
1788429456.231488,iOS Bluetooth,233,42,64
1788429456.246444,iOS Bluetooth,217,53,0
1788429456.246444,iOS Bluetooth,217,0,0
1788429456.246444,iOS Bluetooth,234,37,65
1788429456.246444,iOS Bluetooth,218,2,0
1788429456.246444,iOS Bluetooth,218,0,0
1788429456.246444,iOS Bluetooth,218,0,0
1788429456.246444,iOS Bluetooth,218,0,0
1788429456.246444,iOS Bluetooth,218,0,0
1788429456.246444,iOS Bluetooth,219,97,0
1788429456.246444,iOS Bluetooth,219,0,0
1788429456.261507,iOS Bluetooth,236,121,62
1788429456.261507,iOS Bluetooth,220,39,0
1788429456.261507,iOS Bluetooth,220,0,0
1788429456.261507,iOS Bluetooth,237,125,62
1788429456.261507,iOS Bluetooth,237,0,0
1788429456.261507,iOS Bluetooth,237,0,2
1788429456.261507,iOS Bluetooth,237,85,0
1788429456.276952,iOS Bluetooth,239,40,64
1788429456.276952,iOS Bluetooth,223,29,0
1788429456.276952,iOS Bluetooth,223,0,0
1788429456.276952,iOS Bluetooth,223,0,0
1788429456.276952,iOS Bluetooth,223,0,0
1788429456.276952,iOS Bluetooth,223,0,0
1788429456.276952,iOS Bluetooth,223,0,0
1788429456.276952,iOS Bluetooth,223,0,0
1788429456.276952,iOS Bluetooth,223,0,0
1788429456.276952,iOS Bluetooth,232,0,63
1788429456.291594,iOS Bluetooth,216,60,0
1788429456.291594,iOS Bluetooth,216,0,0
1788429456.291594,iOS Bluetooth,233,61,64
1788429456.291594,iOS Bluetooth,233,0,0
1788429456.291594,iOS Bluetooth,233,0,0
1788429456.291594,iOS Bluetooth,233,0,0
1788429456.291594,iOS Bluetooth,218,5,0
1788429456.291594,iOS Bluetooth,218,0,0
1788429456.306410,iOS Bluetooth,235,32,64
1788429456.306410,iOS Bluetooth,219,102,0
1788429456.306410,iOS Bluetooth,219,0,0
1788429456.306410,iOS Bluetooth,219,0,0
1788429456.306410,iOS Bluetooth,219,0,0
1788429456.306410,iOS Bluetooth,219,0,0
1788429456.306410,iOS Bluetooth,219,0,0
1788429456.306410,iOS Bluetooth,219,0,0
1788429456.306410,iOS Bluetooth,219,0,0
1788429456.321655,iOS Bluetooth,237,11,63
1788429456.321655,iOS Bluetooth,221,2,0
1788429456.321655,iOS Bluetooth,221,0,0
1788429456.321655,iOS Bluetooth,238,75,64
1788429456.321655,iOS Bluetooth,238,0,0
1788429456.321655,iOS Bluetooth,238,0,0
1788429456.321655,iOS Bluetooth,238,0,0
1788429456.336527,iOS Bluetooth,223,17,0
1788429456.336527,iOS Bluetooth,223,0,0
1788429456.336527,iOS Bluetooth,229,34,65
1788429456.336527,iOS Bluetooth,231,108,62
1788429456.336527,iOS Bluetooth,215,16,0
1788429456.336527,iOS Bluetooth,215,0,0
1788429456.336527,iOS Bluetooth,232,15,63
1788429456.351620,iOS Bluetooth,216,67,0
1788429456.351620,iOS Bluetooth,216,0,0
1788429456.351620,iOS Bluetooth,233,82,64
1788429456.351620,iOS Bluetooth,217,31,0
1788429456.351620,iOS Bluetooth,217,0,0
1788429456.351620,iOS Bluetooth,234,32,65
1788429456.351620,iOS Bluetooth,218,8,0
1788429456.351620,iOS Bluetooth,218,0,0
1788429456.374581,iOS Bluetooth,235,11,64
1788429456.374581,iOS Bluetooth,219,106,0
1788429456.374581,iOS Bluetooth,219,0,0
1788429456.374581,iOS Bluetooth,236,102,62
1788429456.374581,iOS Bluetooth,220,25,0
1788429456.374581,iOS Bluetooth,220,0,0
1788429456.374581,iOS Bluetooth,237,26,63
1788429456.388728,iOS Bluetooth,221,6,0
1788429456.388728,iOS Bluetooth,221,0,0
1788429456.388728,iOS Bluetooth,238,94,64
1788429456.388728,iOS Bluetooth,222,69,0
1788429456.388728,iOS Bluetooth,222,0,0
1788429456.388728,iOS Bluetooth,239,1,64
1788429456.388728,iOS Bluetooth,239,0,0
1788429456.404465,iOS Bluetooth,229,29,65
1788429456.404465,iOS Bluetooth,213,48,0
1788429456.404465,iOS Bluetooth,213,0,0
1788429456.404465,iOS Bluetooth,231,99,62
1788429456.404465,iOS Bluetooth,215,20,0
1788429456.404465,iOS Bluetooth,215,0,0
1788429456.404465,iOS Bluetooth,215,0,0
1788429456.404465,iOS Bluetooth,215,0,0
1788429456.404465,iOS Bluetooth,215,0,0
1788429456.419700,iOS Bluetooth,216,75,0
1788429456.419700,iOS Bluetooth,216,0,0
1788429456.419700,iOS Bluetooth,233,101,64
1788429456.419700,iOS Bluetooth,217,18,0
1788429456.419700,iOS Bluetooth,217,0,0
1788429456.419700,iOS Bluetooth,234,26,65
1788429456.434568,iOS Bluetooth,235,117,63
1788429456.441329,iOS Bluetooth,219,109,0
1788429456.441329,iOS Bluetooth,219,0,0
1788429456.441329,iOS Bluetooth,236,96,62
1788429456.441329,iOS Bluetooth,220,18,0
1788429456.441329,iOS Bluetooth,220,0,0
1788429456.441329,iOS Bluetooth,220,0,0
1788429456.441329,iOS Bluetooth,220,0,0
1788429456.441329,iOS Bluetooth,220,0,0
1788429456.441329,iOS Bluetooth,221,14,0
1788429456.441329,iOS Bluetooth,221,0,0
1788429456.471693,iOS Bluetooth,238,113,64
1788429456.471693,iOS Bluetooth,222,64,0
1788429456.471693,iOS Bluetooth,222,0,0
1788429456.471693,iOS Bluetooth,239,118,63
1788429456.471693,iOS Bluetooth,239,0,0
1788429456.471693,iOS Bluetooth,239,0,74
1788429456.471693,iOS Bluetooth,239,20,65
1788429456.471825,iOS Bluetooth,231,94,62
1788429456.471825,iOS Bluetooth,215,25,0
1788429456.471825,iOS Bluetooth,215,0,0
1788429456.471825,iOS Bluetooth,215,0,0
1788429456.471825,iOS Bluetooth,215,0,0
1788429456.471825,iOS Bluetooth,215,0,0
1788429456.471825,iOS Bluetooth,215,0,0
1788429456.471825,iOS Bluetooth,215,0,0
1788429456.471825,iOS Bluetooth,215,0,0
1788429456.471825,iOS Bluetooth,233,117,64
1788429456.494700,iOS Bluetooth,217,10,0
1788429456.494700,iOS Bluetooth,217,0,0
1788429456.494700,iOS Bluetooth,234,17,65
1788429456.494700,iOS Bluetooth,234,0,0
1788429456.494700,iOS Bluetooth,234,0,0
1788429456.494700,iOS Bluetooth,234,0,0
1788429456.494700,iOS Bluetooth,219,111,0
1788429456.494700,iOS Bluetooth,219,0,0
1788429456.508682,iOS Bluetooth,236,92,62
1788429456.508682,iOS Bluetooth,220,13,0
1788429456.508682,iOS Bluetooth,220,0,0
1788429456.508682,iOS Bluetooth,220,0,0
1788429456.508682,iOS Bluetooth,220,0,0
1788429456.508682,iOS Bluetooth,220,0,0
1788429456.508682,iOS Bluetooth,220,0,0
1788429456.508682,iOS Bluetooth,220,0,0
1788429456.508682,iOS Bluetooth,220,0,0
1788429456.526692,iOS Bluetooth,238,0,65
1788429456.526692,iOS Bluetooth,222,60,0
1788429456.526692,iOS Bluetooth,222,0,0
1788429456.526692,iOS Bluetooth,239,94,63
1788429456.526692,iOS Bluetooth,223,2,0
1788429456.526692,iOS Bluetooth,223,0,0
1788429456.526692,iOS Bluetooth,229,10,65
1788429456.539517,iOS Bluetooth,213,47,0
1788429456.539517,iOS Bluetooth,213,0,0
1788429456.539517,iOS Bluetooth,231,92,62
1788429456.539517,iOS Bluetooth,215,30,0
1788429456.539517,iOS Bluetooth,215,0,0
1788429456.539517,iOS Bluetooth,232,74,63
1788429456.539517,iOS Bluetooth,216,96,0
1788429456.539517,iOS Bluetooth,216,0,0
1788429456.556892,iOS Bluetooth,233,5,65
1788429456.556892,iOS Bluetooth,217,5,0
1788429456.556892,iOS Bluetooth,217,0,0
1788429456.556892,iOS Bluetooth,234,3,65
1788429456.556892,iOS Bluetooth,218,29,0
1788429456.556892,iOS Bluetooth,218,0,0
1788429456.556892,iOS Bluetooth,235,73,63
1788429456.569558,iOS Bluetooth,219,96,0
1788429456.569558,iOS Bluetooth,219,0,0
1788429456.569558,iOS Bluetooth,220,9,0
1788429456.569558,iOS Bluetooth,220,0,0
1788429456.569558,iOS Bluetooth,237,91,63
1788429456.569558,iOS Bluetooth,221,31,0
1788429456.569558,iOS Bluetooth,221,0,0
1788429456.569558,iOS Bluetooth,238,11,65
1788429456.583681,iOS Bluetooth,222,56,0
1788429456.583681,iOS Bluetooth,222,0,0
1788429456.583681,iOS Bluetooth,239,70,63
1788429456.583681,iOS Bluetooth,223,0,0
1788429456.583681,iOS Bluetooth,223,0,0
1788429456.583681,iOS Bluetooth,229,124,64
1788429456.583681,iOS Bluetooth,229,0,0
1788429456.599348,iOS Bluetooth,232,93,63
1788429456.599348,iOS Bluetooth,216,93,0
1788429456.599348,iOS Bluetooth,216,0,0
1788429456.599348,iOS Bluetooth,176,118,37
1788429456.599348,iOS Bluetooth,233,16,65
1788429456.599348,iOS Bluetooth,217,2,0
1788429456.599348,iOS Bluetooth,217,0,0
1788429456.599348,iOS Bluetooth,217,0,0
1788429456.599348,iOS Bluetooth,217,0,0
1788429456.599348,iOS Bluetooth,217,0,0
1788429456.621828,iOS Bluetooth,218,38,0
1788429456.621828,iOS Bluetooth,218,0,0
1788429456.621828,iOS Bluetooth,235,56,63
1788429456.621828,iOS Bluetooth,219,83,0
1788429456.621828,iOS Bluetooth,219,0,0
1788429456.621828,iOS Bluetooth,236,94,62
1788429456.621828,iOS Bluetooth,236,0,0
1788429456.636628,iOS Bluetooth,237,109,63
1788429456.636628,iOS Bluetooth,221,39,0
1788429456.636628,iOS Bluetooth,221,0,0
1788429456.636628,iOS Bluetooth,238,22,65
1788429456.636628,iOS Bluetooth,222,52,0
1788429456.636628,iOS Bluetooth,222,0,0
1788429456.643766,iOS Bluetooth,229,111,64
1788429456.659623,iOS Bluetooth,213,46,0
1788429456.659623,iOS Bluetooth,213,0,0
1788429456.659623,iOS Bluetooth,231,95,62
1788429456.659623,iOS Bluetooth,215,39,0
1788429456.659623,iOS Bluetooth,215,0,0
1788429456.659623,iOS Bluetooth,215,0,0
1788429456.659623,iOS Bluetooth,215,0,0
1788429456.659623,iOS Bluetooth,215,0,0
1788429456.659623,iOS Bluetooth,216,82,0
1788429456.659623,iOS Bluetooth,216,0,0
1788429456.674229,iOS Bluetooth,233,25,65
1788429456.674229,iOS Bluetooth,217,0,0
1788429456.674229,iOS Bluetooth,217,0,0
1788429456.674229,iOS Bluetooth,217,0,0
1788429456.674229,iOS Bluetooth,217,0,0
1788429456.674229,iOS Bluetooth,217,0,0
1788429456.674229,iOS Bluetooth,217,0,0
1788429456.674229,iOS Bluetooth,217,0,0
1788429456.674229,iOS Bluetooth,217,0,0
1788429456.674229,iOS Bluetooth,235,36,63
1788429456.689763,iOS Bluetooth,219,68,0
1788429456.689763,iOS Bluetooth,219,0,0
1788429456.689763,iOS Bluetooth,236,99,62
1788429456.689763,iOS Bluetooth,236,0,0
1788429456.689763,iOS Bluetooth,236,0,0
1788429456.689763,iOS Bluetooth,236,0,0
1788429456.689763,iOS Bluetooth,221,47,0
1788429456.689763,iOS Bluetooth,221,0,0
1788429456.704581,iOS Bluetooth,238,30,65
1788429456.704581,iOS Bluetooth,222,49,0
1788429456.704581,iOS Bluetooth,222,0,0
1788429456.704581,iOS Bluetooth,222,0,0
1788429456.704581,iOS Bluetooth,222,0,0
1788429456.704581,iOS Bluetooth,222,0,0
1788429456.704581,iOS Bluetooth,222,0,0
1788429456.704581,iOS Bluetooth,222,0,0
1788429456.704581,iOS Bluetooth,222,0,0
1788429456.726697,iOS Bluetooth,229,91,64
1788429456.726697,iOS Bluetooth,231,101,62
1788429456.726697,iOS Bluetooth,215,45,0
1788429456.726697,iOS Bluetooth,215,0,0
1788429456.726697,iOS Bluetooth,215,0,0
1788429456.726697,iOS Bluetooth,215,0,0
1788429456.726697,iOS Bluetooth,215,0,0
1788429456.726697,iOS Bluetooth,215,0,0
1788429456.726697,iOS Bluetooth,215,0,0
1788429456.726697,iOS Bluetooth,215,0,0
1788429456.741390,iOS Bluetooth,233,32,65
1788429456.741390,iOS Bluetooth,234,86,64
1788429456.741390,iOS Bluetooth,218,64,0
1788429456.741390,iOS Bluetooth,218,0,0
1788429456.741390,iOS Bluetooth,235,19,63
1788429456.741390,iOS Bluetooth,219,57,0
1788429456.741390,iOS Bluetooth,219,0,0
1788429456.756330,iOS Bluetooth,236,106,62
1788429456.756330,iOS Bluetooth,220,1,0
1788429456.756330,iOS Bluetooth,220,0,0
1788429456.756330,iOS Bluetooth,237,21,64
1788429456.756330,iOS Bluetooth,221,62,0
1788429456.756330,iOS Bluetooth,221,0,0
1788429456.756330,iOS Bluetooth,238,34,65
1788429456.771486,iOS Bluetooth,222,45,0
1788429456.771486,iOS Bluetooth,222,0,0
1788429456.771486,iOS Bluetooth,239,15,63
1788429456.771486,iOS Bluetooth,223,5,0
1788429456.771486,iOS Bluetooth,223,0,0
1788429456.771486,iOS Bluetooth,229,74,64
1788429456.771486,iOS Bluetooth,231,109,62
1788429456.786522,iOS Bluetooth,215,50,0
1788429456.786522,iOS Bluetooth,215,0,0
1788429456.786522,iOS Bluetooth,232,26,64
1788429456.786522,iOS Bluetooth,216,60,0
1788429456.786522,iOS Bluetooth,216,0,0
1788429456.786522,iOS Bluetooth,233,35,65
1788429456.786522,iOS Bluetooth,233,0,0
1788429456.801389,iOS Bluetooth,234,67,64
1788429456.801389,iOS Bluetooth,218,82,0
1788429456.801389,iOS Bluetooth,218,0,0
1788429456.801389,iOS Bluetooth,215,0,0
1788429456.801389,iOS Bluetooth,215,0,0
1788429456.801389,iOS Bluetooth,135,54,64
1788429456.801389,iOS Bluetooth,225,0,64
1788429456.801389,iOS Bluetooth,145,54,96
1788429456.801389,iOS Bluetooth,235,3,63
1788429456.801389,iOS Bluetooth,219,47,0
1788429456.801389,iOS Bluetooth,219,0,0
1788429456.801389,iOS Bluetooth,219,0,0
1788429456.801389,iOS Bluetooth,219,0,0
1788429456.801389,iOS Bluetooth,219,0,0
1788429456.816663,iOS Bluetooth,220,0,0
1788429456.816663,iOS Bluetooth,220,0,0
1788429456.816663,iOS Bluetooth,237,40,64
1788429456.816663,iOS Bluetooth,221,77,0
1788429456.816663,iOS Bluetooth,221,0,0
1788429456.816663,iOS Bluetooth,238,36,65
1788429456.831609,iOS Bluetooth,239,0,63
1788429456.846562,iOS Bluetooth,223,9,0
1788429456.846562,iOS Bluetooth,223,0,0
1788429456.846562,iOS Bluetooth,225,120,62
1788429456.846562,iOS Bluetooth,209,55,0
1788429456.846562,iOS Bluetooth,209,0,0
1788429456.846562,iOS Bluetooth,209,0,0
1788429456.846562,iOS Bluetooth,209,0,0
1788429456.846562,iOS Bluetooth,209,0,0
1788429456.846562,iOS Bluetooth,213,34,0
1788429456.846562,iOS Bluetooth,213,0,0
1788429456.861531,iOS Bluetooth,231,113,62
1788429456.861531,iOS Bluetooth,232,50,64
1788429456.861531,iOS Bluetooth,216,51,0
1788429456.861531,iOS Bluetooth,216,0,0
1788429456.861531,iOS Bluetooth,216,0,0
1788429456.861531,iOS Bluetooth,216,0,0
1788429456.861531,iOS Bluetooth,216,0,0
1788429456.861531,iOS Bluetooth,217,3,0
1788429456.861531,iOS Bluetooth,217,0,0
1788429456.878805,iOS Bluetooth,234,43,64
1788429456.878805,iOS Bluetooth,218,100,0
1788429456.878805,iOS Bluetooth,218,0,0
1788429456.878805,iOS Bluetooth,218,0,0
1788429456.878805,iOS Bluetooth,218,0,0
1788429456.878805,iOS Bluetooth,218,0,0
1788429456.878805,iOS Bluetooth,218,0,0
1788429456.878805,iOS Bluetooth,218,0,0
1788429456.878805,iOS Bluetooth,218,0,0
1788429456.878805,iOS Bluetooth,236,2,63
1788429456.892516,iOS Bluetooth,220,1,0
1788429456.892516,iOS Bluetooth,220,0,0
1788429456.892516,iOS Bluetooth,237,65,64
1788429456.892516,iOS Bluetooth,237,0,0
1788429456.892516,iOS Bluetooth,237,0,0
1788429456.892516,iOS Bluetooth,237,0,0
1788429456.892516,iOS Bluetooth,239,115,62
1788429456.907514,iOS Bluetooth,223,13,0
1788429456.907514,iOS Bluetooth,223,0,0
1788429456.907514,iOS Bluetooth,225,6,63
1788429456.907514,iOS Bluetooth,225,0,0
1788429456.907514,iOS Bluetooth,225,0,0
1788429456.907514,iOS Bluetooth,225,0,0
1788429456.921647,iOS Bluetooth,213,20,0
1788429456.921647,iOS Bluetooth,213,0,0
1788429456.921647,iOS Bluetooth,232,72,64
1788429456.921647,iOS Bluetooth,216,41,0
1788429456.921647,iOS Bluetooth,216,0,0
1788429456.921647,iOS Bluetooth,216,0,0
1788429456.921647,iOS Bluetooth,216,0,0
1788429456.921647,iOS Bluetooth,216,0,0
1788429456.921647,iOS Bluetooth,216,0,0
1788429456.921647,iOS Bluetooth,216,0,0
1788429456.921647,iOS Bluetooth,216,0,0
1788429456.936760,iOS Bluetooth,234,21,64
1788429456.936760,iOS Bluetooth,218,104,0
1788429456.936760,iOS Bluetooth,218,0,0
1788429456.936760,iOS Bluetooth,235,106,62
1788429456.936760,iOS Bluetooth,219,28,0
1788429456.936760,iOS Bluetooth,219,0,0
1788429456.936760,iOS Bluetooth,236,17,63
1788429456.959511,iOS Bluetooth,220,4,0
1788429456.959511,iOS Bluetooth,220,0,0
1788429456.959511,iOS Bluetooth,237,84,64
1788429456.959511,iOS Bluetooth,221,73,0
1788429456.959511,iOS Bluetooth,221,0,0
1788429456.959511,iOS Bluetooth,238,32,65
1788429456.959511,iOS Bluetooth,222,34,0
1788429456.959511,iOS Bluetooth,222,0,0
1788429456.974332,iOS Bluetooth,239,104,62
1788429456.974332,iOS Bluetooth,223,18,0
1788429456.974332,iOS Bluetooth,223,0,0
1788429456.974332,iOS Bluetooth,225,24,63
1788429456.974332,iOS Bluetooth,209,70,0
1788429456.974332,iOS Bluetooth,209,0,0
1788429456.974332,iOS Bluetooth,229,3,64
1788429456.988822,iOS Bluetooth,213,5,0
1788429456.988822,iOS Bluetooth,213,0,0
1788429456.988822,iOS Bluetooth,232,92,64
1788429456.988822,iOS Bluetooth,216,24,0
1788429456.988822,iOS Bluetooth,216,0,0
1788429456.988822,iOS Bluetooth,233,29,65
1788429456.988822,iOS Bluetooth,233,0,0
1788429457.004520,iOS Bluetooth,234,0,64
1788429457.004520,iOS Bluetooth,218,108,0
1788429457.004520,iOS Bluetooth,218,0,0
1788429457.004520,iOS Bluetooth,235,98,62
1788429457.004520,iOS Bluetooth,219,22,0
1788429457.004520,iOS Bluetooth,219,0,0
1788429457.004520,iOS Bluetooth,219,0,0
1788429457.004520,iOS Bluetooth,219,0,0
1788429457.004520,iOS Bluetooth,219,0,0
1788429457.019836,iOS Bluetooth,220,10,0
1788429457.019836,iOS Bluetooth,220,0,0
1788429457.019836,iOS Bluetooth,237,103,64
1788429457.019836,iOS Bluetooth,221,67,0
1788429457.019836,iOS Bluetooth,221,0,0
1788429457.019836,iOS Bluetooth,238,25,65
1788429457.026554,iOS Bluetooth,239,97,62
1788429457.041545,iOS Bluetooth,223,23,0
1788429457.041545,iOS Bluetooth,223,0,0
1788429457.041545,iOS Bluetooth,225,42,63
1788429457.041545,iOS Bluetooth,209,78,0
1788429457.041545,iOS Bluetooth,209,0,0
1788429457.041545,iOS Bluetooth,209,0,0
1788429457.041545,iOS Bluetooth,209,0,0
1788429457.041545,iOS Bluetooth,209,0,0
1788429457.041545,iOS Bluetooth,213,4,0
1788429457.041545,iOS Bluetooth,213,0,0
1788429457.056648,iOS Bluetooth,232,111,64
1788429457.056648,iOS Bluetooth,216,13,0
1788429457.056648,iOS Bluetooth,216,0,0
1788429457.056648,iOS Bluetooth,233,22,65
1788429457.056648,iOS Bluetooth,233,0,0
1788429457.056648,iOS Bluetooth,233,0,34
1788429457.056648,iOS Bluetooth,233,106,63
1788429457.079527,iOS Bluetooth,218,110,0
1788429457.079527,iOS Bluetooth,218,0,0
1788429457.079527,iOS Bluetooth,235,93,62
1788429457.079527,iOS Bluetooth,235,0,0
1788429457.079527,iOS Bluetooth,235,0,0
1788429457.079527,iOS Bluetooth,235,0,0
1788429457.079527,iOS Bluetooth,220,19,0
1788429457.079527,iOS Bluetooth,220,0,0
1788429457.094560,iOS Bluetooth,237,121,64
1788429457.094560,iOS Bluetooth,221,62,0
1788429457.094560,iOS Bluetooth,221,0,0
1788429457.094560,iOS Bluetooth,221,0,0
1788429457.094560,iOS Bluetooth,221,0,0
1788429457.094560,iOS Bluetooth,221,0,0
1788429457.094560,iOS Bluetooth,221,0,0
1788429457.094560,iOS Bluetooth,221,0,0
1788429457.094560,iOS Bluetooth,221,0,0
1788429457.094560,iOS Bluetooth,239,93,62
1788429457.109574,iOS Bluetooth,223,27,0
1788429457.109574,iOS Bluetooth,223,0,0
1788429457.109574,iOS Bluetooth,225,61,63
1788429457.109574,iOS Bluetooth,225,0,0
1788429457.109574,iOS Bluetooth,225,0,0
1788429457.109574,iOS Bluetooth,225,0,0
1788429457.124512,iOS Bluetooth,213,2,0
1788429457.124512,iOS Bluetooth,213,0,0
1788429457.124512,iOS Bluetooth,232,126,64
1788429457.124512,iOS Bluetooth,216,7,0
1788429457.124512,iOS Bluetooth,216,0,0
1788429457.124512,iOS Bluetooth,216,0,0
1788429457.124512,iOS Bluetooth,216,0,0
1788429457.124512,iOS Bluetooth,216,0,0
1788429457.124512,iOS Bluetooth,216,0,0
1788429457.124512,iOS Bluetooth,216,0,0
1788429457.124512,iOS Bluetooth,216,0,0
1788429457.139538,iOS Bluetooth,234,81,63
1788429457.139538,iOS Bluetooth,218,105,0
1788429457.139538,iOS Bluetooth,218,0,0
1788429457.139538,iOS Bluetooth,235,91,62
1788429457.139538,iOS Bluetooth,219,10,0
1788429457.139538,iOS Bluetooth,219,0,0
1788429457.139538,iOS Bluetooth,236,79,63
1788429457.154449,iOS Bluetooth,220,28,0
1788429457.154449,iOS Bluetooth,220,0,0
1788429457.154449,iOS Bluetooth,237,7,65
1788429457.154449,iOS Bluetooth,221,57,0
1788429457.154449,iOS Bluetooth,221,0,0
1788429457.154449,iOS Bluetooth,238,1,65
1788429457.154449,iOS Bluetooth,222,21,0
1788429457.154449,iOS Bluetooth,222,0,0
1788429457.169549,iOS Bluetooth,239,91,62
1788429457.169549,iOS Bluetooth,223,32,0
1788429457.169549,iOS Bluetooth,223,0,0
1788429457.169549,iOS Bluetooth,225,85,63
1788429457.169549,iOS Bluetooth,209,97,0
1788429457.169549,iOS Bluetooth,209,0,0
1788429457.169549,iOS Bluetooth,229,70,63
1788429457.183895,iOS Bluetooth,213,0,0
1788429457.183895,iOS Bluetooth,213,0,0
1788429457.183895,iOS Bluetooth,232,11,65
1788429457.183895,iOS Bluetooth,216,3,0
1788429457.183895,iOS Bluetooth,216,0,0
1788429457.183895,iOS Bluetooth,233,124,64
1788429457.183895,iOS Bluetooth,233,0,0
1788429457.206653,iOS Bluetooth,234,61,63
1788429457.206653,iOS Bluetooth,218,88,0
1788429457.206653,iOS Bluetooth,218,0,0
1788429457.206653,iOS Bluetooth,235,93,62
1788429457.206653,iOS Bluetooth,219,6,0
1788429457.206653,iOS Bluetooth,219,0,0
1788429457.206653,iOS Bluetooth,219,0,0
1788429457.206653,iOS Bluetooth,219,0,0
1788429457.206653,iOS Bluetooth,219,0,0
1788429457.221560,iOS Bluetooth,220,36,0
1788429457.221560,iOS Bluetooth,220,0,0
1788429457.221560,iOS Bluetooth,237,18,65
1788429457.221560,iOS Bluetooth,221,53,0
1788429457.221560,iOS Bluetooth,221,0,0
1788429457.221560,iOS Bluetooth,238,115,64
1788429457.229423,iOS Bluetooth,239,94,62
1788429457.243408,iOS Bluetooth,223,38,0
1788429457.243408,iOS Bluetooth,223,0,0
1788429457.243408,iOS Bluetooth,225,107,63
1788429457.243408,iOS Bluetooth,209,86,0
1788429457.243408,iOS Bluetooth,209,0,0
1788429457.243408,iOS Bluetooth,209,0,0
1788429457.243408,iOS Bluetooth,209,0,0
1788429457.243408,iOS Bluetooth,209,0,0
1788429457.243408,iOS Bluetooth,232,22,65
1788429457.259501,iOS Bluetooth,216,1,0
1788429457.259501,iOS Bluetooth,216,0,0
1788429457.259501,iOS Bluetooth,233,109,64
1788429457.259501,iOS Bluetooth,217,45,0
1788429457.259501,iOS Bluetooth,217,0,0
1788429457.259501,iOS Bluetooth,217,0,0
1788429457.259501,iOS Bluetooth,217,0,0
1788429457.259501,iOS Bluetooth,217,0,0
1788429457.259501,iOS Bluetooth,218,73,0
1788429457.259501,iOS Bluetooth,218,0,0
1788429457.273961,iOS Bluetooth,235,97,62
1788429457.273961,iOS Bluetooth,219,3,0
1788429457.273961,iOS Bluetooth,219,0,0
1788429457.273961,iOS Bluetooth,219,0,0
1788429457.273961,iOS Bluetooth,219,0,0
1788429457.273961,iOS Bluetooth,219,0,0
1788429457.273961,iOS Bluetooth,219,0,0
1788429457.273961,iOS Bluetooth,219,0,0
1788429457.273961,iOS Bluetooth,219,0,0
1788429457.273961,iOS Bluetooth,237,27,65
1788429457.289584,iOS Bluetooth,221,50,0
1788429457.289584,iOS Bluetooth,221,0,0
1788429457.289584,iOS Bluetooth,238,98,64
1788429457.289584,iOS Bluetooth,238,0,0
1788429457.289584,iOS Bluetooth,238,0,0
1788429457.289584,iOS Bluetooth,238,0,0
1788429457.289584,iOS Bluetooth,223,43,0
1788429457.289584,iOS Bluetooth,223,0,0
1788429457.304594,iOS Bluetooth,225,0,64
1788429457.304594,iOS Bluetooth,209,74,0
1788429457.304594,iOS Bluetooth,209,0,0
1788429457.304594,iOS Bluetooth,209,0,0
1788429457.304594,iOS Bluetooth,209,0,0
1788429457.304594,iOS Bluetooth,209,0,0
1788429457.304594,iOS Bluetooth,209,0,0
1788429457.304594,iOS Bluetooth,209,0,0
1788429457.304594,iOS Bluetooth,209,0,0
1788429457.326463,iOS Bluetooth,232,30,65
1788429457.326463,iOS Bluetooth,216,0,0
1788429457.326463,iOS Bluetooth,216,0,0
1788429457.326463,iOS Bluetooth,233,91,64
1788429457.326463,iOS Bluetooth,233,0,0
1788429457.326463,iOS Bluetooth,233,0,0
1788429457.326463,iOS Bluetooth,233,0,0
1788429457.341527,iOS Bluetooth,218,59,0
1788429457.341527,iOS Bluetooth,218,0,0
1788429457.341527,iOS Bluetooth,235,104,62
1788429457.341527,iOS Bluetooth,219,1,0
1788429457.341527,iOS Bluetooth,219,0,0
1788429457.341527,iOS Bluetooth,236,15,64
1788429457.341527,iOS Bluetooth,220,58,0
1788429457.341527,iOS Bluetooth,220,0,0
1788429457.356754,iOS Bluetooth,237,34,65
1788429457.356754,iOS Bluetooth,221,46,0
1788429457.356754,iOS Bluetooth,221,0,0
1788429457.356754,iOS Bluetooth,238,77,64
1788429457.356754,iOS Bluetooth,222,8,0
1788429457.356754,iOS Bluetooth,222,0,0
1788429457.356754,iOS Bluetooth,239,106,62
1788429457.372076,iOS Bluetooth,223,49,0
1788429457.372076,iOS Bluetooth,223,0,0
1788429457.372076,iOS Bluetooth,225,21,64
1788429457.372076,iOS Bluetooth,209,62,0
1788429457.372076,iOS Bluetooth,209,0,0
1788429457.372076,iOS Bluetooth,229,11,63
1788429457.372076,iOS Bluetooth,213,5,0
1788429457.372076,iOS Bluetooth,213,0,0
1788429457.386526,iOS Bluetooth,232,35,65
1788429457.386526,iOS Bluetooth,216,1,0
1788429457.386526,iOS Bluetooth,216,0,0
1788429457.386526,iOS Bluetooth,233,69,64
1788429457.386526,iOS Bluetooth,217,79,0
1788429457.386526,iOS Bluetooth,217,0,0
1788429457.386526,iOS Bluetooth,217,0,0
1788429457.386526,iOS Bluetooth,217,0,0
1788429457.386526,iOS Bluetooth,217,0,0
1788429457.401520,iOS Bluetooth,218,48,0
1788429457.401520,iOS Bluetooth,218,0,0
1788429457.401520,iOS Bluetooth,235,114,62
1788429457.401520,iOS Bluetooth,216,0,0
1788429457.401520,iOS Bluetooth,216,0,0
1788429457.401520,iOS Bluetooth,136,57,64
1788429457.401520,iOS Bluetooth,226,0,64
1788429457.401520,iOS Bluetooth,146,57,96
1788429457.401520,iOS Bluetooth,219,0,0
1788429457.401520,iOS Bluetooth,219,0,0
1788429457.401520,iOS Bluetooth,236,37,64
1788429457.401520,iOS Bluetooth,236,0,0
1788429457.416598,iOS Bluetooth,237,36,65
1788429457.416598,iOS Bluetooth,221,42,0
1788429457.416598,iOS Bluetooth,221,0,0
1788429457.416598,iOS Bluetooth,238,54,64
1788429457.416598,iOS Bluetooth,222,3,0
1788429457.416598,iOS Bluetooth,222,0,0
1788429457.431537,iOS Bluetooth,223,55,0
1788429457.431537,iOS Bluetooth,223,0,0
1788429457.446399,iOS Bluetooth,225,45,64
1788429457.446399,iOS Bluetooth,209,53,0
1788429457.446399,iOS Bluetooth,209,0,0
1788429457.446399,iOS Bluetooth,226,37,65
1788429457.446399,iOS Bluetooth,226,0,0
1788429457.446399,iOS Bluetooth,226,0,34
1788429457.446399,iOS Bluetooth,226,123,62
1788429457.461461,iOS Bluetooth,213,10,0
1788429457.461461,iOS Bluetooth,213,0,0
1788429457.461461,iOS Bluetooth,232,36,65
1788429457.461461,iOS Bluetooth,233,49,64
1788429457.461461,iOS Bluetooth,233,0,0
1788429457.461461,iOS Bluetooth,233,0,50
1788429457.461461,iOS Bluetooth,233,120,62
1788429457.474950,iOS Bluetooth,218,37,0
1788429457.474950,iOS Bluetooth,218,0,0
1788429457.474950,iOS Bluetooth,235,0,63
1788429457.474950,iOS Bluetooth,235,0,0
1788429457.474950,iOS Bluetooth,235,0,0
1788429457.474950,iOS Bluetooth,235,0,0
1788429457.474950,iOS Bluetooth,220,83,0
1788429457.474950,iOS Bluetooth,220,0,0
1788429457.491499,iOS Bluetooth,221,38,0
1788429457.491499,iOS Bluetooth,221,0,0
1788429457.491499,iOS Bluetooth,238,30,64
1788429457.491499,iOS Bluetooth,238,0,0
1788429457.491499,iOS Bluetooth,238,0,0
1788429457.491499,iOS Bluetooth,238,0,0
1788429457.491499,iOS Bluetooth,223,61,0
1788429457.491499,iOS Bluetooth,223,0,0
1788429457.520141,iOS Bluetooth,225,67,64
1788429457.520141,iOS Bluetooth,209,43,0
1788429457.520141,iOS Bluetooth,209,0,0
1788429457.520141,iOS Bluetooth,209,0,0
1788429457.520141,iOS Bluetooth,209,0,0
1788429457.520141,iOS Bluetooth,209,0,0
1788429457.520141,iOS Bluetooth,209,0,0
1788429457.520141,iOS Bluetooth,209,0,0
1788429457.520141,iOS Bluetooth,209,0,0
1788429457.521478,iOS Bluetooth,229,110,62
1788429457.521478,iOS Bluetooth,213,14,0
1788429457.521478,iOS Bluetooth,213,0,0
1788429457.521478,iOS Bluetooth,233,27,64
1788429457.521478,iOS Bluetooth,217,104,0
1788429457.521478,iOS Bluetooth,217,0,0
1788429457.521478,iOS Bluetooth,234,108,62
1788429457.536538,iOS Bluetooth,218,29,0
1788429457.536538,iOS Bluetooth,218,0,0
1788429457.536538,iOS Bluetooth,235,15,63
1788429457.536538,iOS Bluetooth,219,3,0
1788429457.536538,iOS Bluetooth,219,0,0
1788429457.536538,iOS Bluetooth,236,82,64
1788429457.536538,iOS Bluetooth,220,74,0
1788429457.536538,iOS Bluetooth,220,0,0
1788429457.559726,iOS Bluetooth,237,32,65
1788429457.559726,iOS Bluetooth,221,34,0
1788429457.559726,iOS Bluetooth,221,0,0
1788429457.559726,iOS Bluetooth,238,3,64
1788429457.559726,iOS Bluetooth,239,19,63
1788429457.559726,iOS Bluetooth,223,68,0
1788429457.559726,iOS Bluetooth,223,0,0
1788429457.574603,iOS Bluetooth,225,87,64
1788429457.574603,iOS Bluetooth,209,29,0
1788429457.574603,iOS Bluetooth,209,0,0
1788429457.574603,iOS Bluetooth,226,31,65
1788429457.574603,iOS Bluetooth,210,10,0
1788429457.574603,iOS Bluetooth,210,0,0
1788429457.574603,iOS Bluetooth,229,102,62
1788429457.589616,iOS Bluetooth,213,19,0
1788429457.589616,iOS Bluetooth,213,0,0
1788429457.589616,iOS Bluetooth,233,5,64
1788429457.589616,iOS Bluetooth,217,107,0
1788429457.589616,iOS Bluetooth,217,0,0
1788429457.589616,iOS Bluetooth,234,100,62
1788429457.589616,iOS Bluetooth,234,0,0
1788429457.604442,iOS Bluetooth,235,32,63
1788429457.604442,iOS Bluetooth,219,8,0
1788429457.604442,iOS Bluetooth,219,0,0
1788429457.604442,iOS Bluetooth,176,118,38
1788429457.604442,iOS Bluetooth,236,100,64
1788429457.604442,iOS Bluetooth,220,68,0
1788429457.604442,iOS Bluetooth,220,0,0
1788429457.604442,iOS Bluetooth,220,0,0
1788429457.604442,iOS Bluetooth,220,0,0
1788429457.604442,iOS Bluetooth,220,0,0
1788429457.626675,iOS Bluetooth,221,30,0
1788429457.626675,iOS Bluetooth,221,0,0
1788429457.626675,iOS Bluetooth,238,127,63
1788429457.626675,iOS Bluetooth,222,1,0
1788429457.626675,iOS Bluetooth,222,0,0
1788429457.626675,iOS Bluetooth,239,37,63
1788429457.626675,iOS Bluetooth,239,0,0
1788429457.634455,iOS Bluetooth,225,105,64
1788429457.634455,iOS Bluetooth,209,16,0
1788429457.634455,iOS Bluetooth,209,0,0
1788429457.634455,iOS Bluetooth,226,24,65
1788429457.634455,iOS Bluetooth,210,15,0
1788429457.634455,iOS Bluetooth,210,0,0
1788429457.649453,iOS Bluetooth,213,23,0
1788429457.649453,iOS Bluetooth,213,0,0
1788429457.656571,iOS Bluetooth,233,109,63
1788429457.656571,iOS Bluetooth,217,110,0
1788429457.656571,iOS Bluetooth,217,0,0
1788429457.656571,iOS Bluetooth,234,94,62
1788429457.656571,iOS Bluetooth,234,0,0
1788429457.656571,iOS Bluetooth,234,0,122
1788429457.656571,iOS Bluetooth,234,51,63
1788429457.671612,iOS Bluetooth,219,18,0
1788429457.671612,iOS Bluetooth,219,0,0
1788429457.671612,iOS Bluetooth,236,117,64
1788429457.671612,iOS Bluetooth,236,0,0
1788429457.671612,iOS Bluetooth,236,0,0
1788429457.671612,iOS Bluetooth,236,0,0
1788429457.671612,iOS Bluetooth,221,26,0
1788429457.671612,iOS Bluetooth,221,0,0
1788429457.693826,iOS Bluetooth,238,100,63
1788429457.693826,iOS Bluetooth,222,7,0
1788429457.693826,iOS Bluetooth,222,0,0
1788429457.693826,iOS Bluetooth,222,0,0
1788429457.693826,iOS Bluetooth,222,0,0
1788429457.693826,iOS Bluetooth,222,0,0
1788429457.693826,iOS Bluetooth,222,0,0
1788429457.693826,iOS Bluetooth,222,0,0
1788429457.693826,iOS Bluetooth,222,0,0
1788429457.693826,iOS Bluetooth,225,121,64
1788429457.709536,iOS Bluetooth,209,8,0
1788429457.709536,iOS Bluetooth,209,0,0
1788429457.709536,iOS Bluetooth,226,14,65
1788429457.709536,iOS Bluetooth,226,0,0
1788429457.709536,iOS Bluetooth,226,0,0
1788429457.709536,iOS Bluetooth,226,0,0
1788429457.724653,iOS Bluetooth,213,29,0
1788429457.724653,iOS Bluetooth,213,0,0
1788429457.724653,iOS Bluetooth,233,87,63
1788429457.724653,iOS Bluetooth,217,109,0
1788429457.724653,iOS Bluetooth,217,0,0
1788429457.724653,iOS Bluetooth,217,0,0
1788429457.724653,iOS Bluetooth,217,0,0
1788429457.724653,iOS Bluetooth,217,0,0
1788429457.724653,iOS Bluetooth,217,0,0
1788429457.724653,iOS Bluetooth,217,0,0
1788429457.724653,iOS Bluetooth,217,0,0
1788429457.739564,iOS Bluetooth,235,76,63
1788429457.739564,iOS Bluetooth,219,26,0
1788429457.739564,iOS Bluetooth,219,0,0
1788429457.739564,iOS Bluetooth,236,4,65
1788429457.739564,iOS Bluetooth,220,58,0
1788429457.739564,iOS Bluetooth,220,0,0
1788429457.739564,iOS Bluetooth,237,5,65
1788429457.754776,iOS Bluetooth,221,22,0
1788429457.754776,iOS Bluetooth,221,0,0
1788429457.754776,iOS Bluetooth,238,76,63
1788429457.754776,iOS Bluetooth,222,16,0
1788429457.754776,iOS Bluetooth,222,0,0
1788429457.754776,iOS Bluetooth,239,82,63
1788429457.754776,iOS Bluetooth,223,100,0
1788429457.754776,iOS Bluetooth,223,0,0
1788429457.769733,iOS Bluetooth,225,8,65
1788429457.769733,iOS Bluetooth,209,4,0
1788429457.769733,iOS Bluetooth,209,0,0
1788429457.769733,iOS Bluetooth,226,0,65
1788429457.769733,iOS Bluetooth,210,31,0
1788429457.769733,iOS Bluetooth,210,0,0
1788429457.769733,iOS Bluetooth,213,34,0
1788429457.769733,iOS Bluetooth,213,0,0
1788429457.784500,iOS Bluetooth,233,66,63
1788429457.784500,iOS Bluetooth,217,92,0
1788429457.784500,iOS Bluetooth,217,0,0
1788429457.784500,iOS Bluetooth,218,7,0
1788429457.784500,iOS Bluetooth,218,0,0
1788429457.784500,iOS Bluetooth,235,96,63
1788429457.784500,iOS Bluetooth,235,0,0
1788429457.806725,iOS Bluetooth,236,16,65
1788429457.806725,iOS Bluetooth,220,55,0
1788429457.806725,iOS Bluetooth,220,0,0
1788429457.806725,iOS Bluetooth,237,119,64
1788429457.806725,iOS Bluetooth,221,18,0
1788429457.806725,iOS Bluetooth,221,0,0
1788429457.806725,iOS Bluetooth,221,0,0
1788429457.806725,iOS Bluetooth,221,0,0
1788429457.806725,iOS Bluetooth,221,0,0
1788429457.821753,iOS Bluetooth,222,24,0
1788429457.821753,iOS Bluetooth,222,0,0
1788429457.821753,iOS Bluetooth,239,102,63
1788429457.821753,iOS Bluetooth,223,89,0
1788429457.821753,iOS Bluetooth,223,0,0
1788429457.821753,iOS Bluetooth,225,18,65
1788429457.829506,iOS Bluetooth,226,115,64
1788429457.844692,iOS Bluetooth,210,42,0
1788429457.844692,iOS Bluetooth,210,0,0
1788429457.844692,iOS Bluetooth,229,95,62
1788429457.844692,iOS Bluetooth,213,38,0
1788429457.844692,iOS Bluetooth,213,0,0
1788429457.844692,iOS Bluetooth,213,0,0
1788429457.844692,iOS Bluetooth,213,0,0
1788429457.844692,iOS Bluetooth,213,0,0
1788429457.844692,iOS Bluetooth,217,77,0
1788429457.844692,iOS Bluetooth,217,0,0
1788429457.859587,iOS Bluetooth,234,96,62
1788429457.859587,iOS Bluetooth,218,4,0
1788429457.859587,iOS Bluetooth,218,0,0
1788429457.859587,iOS Bluetooth,235,117,63
1788429457.859587,iOS Bluetooth,235,0,0
1788429457.859587,iOS Bluetooth,235,0,66
1788429457.859587,iOS Bluetooth,235,25,65
1788429457.874472,iOS Bluetooth,220,50,0
1788429457.874472,iOS Bluetooth,220,0,0
1788429457.874472,iOS Bluetooth,237,102,64
1788429457.874472,iOS Bluetooth,237,0,0
1788429457.874472,iOS Bluetooth,237,0,0
1788429457.874472,iOS Bluetooth,237,0,0
1788429457.874472,iOS Bluetooth,222,28,0
1788429457.874472,iOS Bluetooth,222,0,0
1788429457.889777,iOS Bluetooth,239,123,63
1788429457.889777,iOS Bluetooth,223,77,0
1788429457.889777,iOS Bluetooth,223,0,0
1788429457.889777,iOS Bluetooth,223,0,0
1788429457.889777,iOS Bluetooth,223,0,0
1788429457.889777,iOS Bluetooth,223,0,0
1788429457.889777,iOS Bluetooth,223,0,0
1788429457.889777,iOS Bluetooth,223,0,0
1788429457.889777,iOS Bluetooth,223,0,0
1788429457.889777,iOS Bluetooth,226,98,64
1788429457.902670,iOS Bluetooth,210,56,0
1788429457.902670,iOS Bluetooth,210,0,0
1788429457.902670,iOS Bluetooth,229,100,62
1788429457.902670,iOS Bluetooth,229,0,0
1788429457.902670,iOS Bluetooth,229,0,0
1788429457.902670,iOS Bluetooth,229,0,0
1788429457.921062,iOS Bluetooth,217,62,0
1788429457.921062,iOS Bluetooth,217,0,0
1788429457.921062,iOS Bluetooth,234,102,62
1788429457.921062,iOS Bluetooth,218,2,0
1788429457.921062,iOS Bluetooth,218,0,0
1788429457.921062,iOS Bluetooth,218,0,0
1788429457.921062,iOS Bluetooth,218,0,0
1788429457.921062,iOS Bluetooth,218,0,0
1788429457.921062,iOS Bluetooth,218,0,0
1788429457.921062,iOS Bluetooth,218,0,0
1788429457.921062,iOS Bluetooth,218,0,0
1788429457.942837,iOS Bluetooth,236,33,65
1788429457.942837,iOS Bluetooth,220,47,0
1788429457.942837,iOS Bluetooth,220,0,0
1788429457.942837,iOS Bluetooth,237,82,64
1788429457.942837,iOS Bluetooth,221,9,0
1788429457.942837,iOS Bluetooth,221,0,0
1788429457.942837,iOS Bluetooth,238,17,63
1788429457.959539,iOS Bluetooth,222,31,0
1788429457.959539,iOS Bluetooth,222,0,0
1788429457.959539,iOS Bluetooth,239,15,64
1788429457.959539,iOS Bluetooth,223,65,0
1788429457.959539,iOS Bluetooth,223,0,0
1788429457.959539,iOS Bluetooth,225,34,65
1788429457.959539,iOS Bluetooth,226,79,64
1788429457.972418,iOS Bluetooth,210,72,0
1788429457.972418,iOS Bluetooth,210,0,0
1788429457.972418,iOS Bluetooth,229,109,62
1788429457.972418,iOS Bluetooth,213,49,0
1788429457.972418,iOS Bluetooth,213,0,0
1788429457.972418,iOS Bluetooth,233,11,63
1788429457.972418,iOS Bluetooth,217,52,0
1788429457.972418,iOS Bluetooth,217,0,0
1788429457.987398,iOS Bluetooth,234,111,62
1788429457.987398,iOS Bluetooth,218,0,0
1788429457.987398,iOS Bluetooth,218,0,0
1788429457.987398,iOS Bluetooth,235,32,64
1788429457.987398,iOS Bluetooth,219,70,0
1788429457.987398,iOS Bluetooth,219,0,0
1788429457.987398,iOS Bluetooth,219,0,0
1788429457.987398,iOS Bluetooth,219,0,0
1788429457.987398,iOS Bluetooth,219,0,0
1788429458.009621,iOS Bluetooth,220,43,0
1788429458.009621,iOS Bluetooth,220,0,0
1788429458.009621,iOS Bluetooth,237,63,64
1788429458.009621,iOS Bluetooth,217,0,0
1788429458.009621,iOS Bluetooth,217,0,0
1788429458.009621,iOS Bluetooth,137,60,64
1788429458.009621,iOS Bluetooth,227,0,64
1788429458.009621,iOS Bluetooth,147,60,96
1788429458.009621,iOS Bluetooth,221,4,0
1788429458.009621,iOS Bluetooth,221,0,0
1788429458.009621,iOS Bluetooth,238,2,63
1788429458.017536,iOS Bluetooth,239,37,64
1788429458.017536,iOS Bluetooth,223,57,0
1788429458.017536,iOS Bluetooth,223,0,0
1788429458.024461,iOS Bluetooth,225,36,65
1788429458.024461,iOS Bluetooth,209,2,0
1788429458.024461,iOS Bluetooth,209,0,0
1788429458.024461,iOS Bluetooth,209,0,0
1788429458.024461,iOS Bluetooth,209,0,0
1788429458.024461,iOS Bluetooth,209,0,0
1788429458.024461,iOS Bluetooth,210,92,0
1788429458.024461,iOS Bluetooth,210,0,0
1788429458.039558,iOS Bluetooth,227,124,62
1788429458.039558,iOS Bluetooth,211,42,0
1788429458.039558,iOS Bluetooth,211,0,0
1788429458.039558,iOS Bluetooth,229,121,62
1788429458.039558,iOS Bluetooth,229,0,0
1788429458.039558,iOS Bluetooth,229,0,122
1788429458.039558,iOS Bluetooth,229,5,63
1788429458.061449,iOS Bluetooth,234,125,62
1788429458.061449,iOS Bluetooth,235,54,64
1788429458.061449,iOS Bluetooth,219,83,0
1788429458.061449,iOS Bluetooth,219,0,0
1788429458.061449,iOS Bluetooth,219,0,0
1788429458.061449,iOS Bluetooth,219,0,0
1788429458.061449,iOS Bluetooth,219,0,0
1788429458.061449,iOS Bluetooth,237,39,64
1788429458.076280,iOS Bluetooth,221,1,0
1788429458.076280,iOS Bluetooth,221,0,0
1788429458.076280,iOS Bluetooth,238,117,62
1788429458.076280,iOS Bluetooth,238,0,0
1788429458.076280,iOS Bluetooth,238,0,0
1788429458.076280,iOS Bluetooth,238,0,0
1788429458.076280,iOS Bluetooth,223,47,0
1788429458.076280,iOS Bluetooth,223,0,0
1788429458.092478,iOS Bluetooth,209,4,0
1788429458.092478,iOS Bluetooth,209,0,0
1788429458.092478,iOS Bluetooth,226,38,64
1788429458.092478,iOS Bluetooth,226,0,0
1788429458.092478,iOS Bluetooth,226,0,0
1788429458.092478,iOS Bluetooth,226,0,0
1788429458.092478,iOS Bluetooth,211,34,0
1788429458.092478,iOS Bluetooth,211,0,0
1788429458.108443,iOS Bluetooth,229,8,63
1788429458.108443,iOS Bluetooth,213,62,0
1788429458.108443,iOS Bluetooth,213,0,0
1788429458.108443,iOS Bluetooth,213,0,0
1788429458.108443,iOS Bluetooth,213,0,0
1788429458.108443,iOS Bluetooth,213,0,0
1788429458.108443,iOS Bluetooth,213,0,0
1788429458.108443,iOS Bluetooth,213,0,0
1788429458.108443,iOS Bluetooth,213,0,0
1788429458.123385,iOS Bluetooth,235,75,64
1788429458.123385,iOS Bluetooth,219,77,0
1788429458.123385,iOS Bluetooth,219,0,0
1788429458.123385,iOS Bluetooth,236,34,65
1788429458.123385,iOS Bluetooth,236,0,0
1788429458.123385,iOS Bluetooth,236,0,0
1788429458.123385,iOS Bluetooth,236,0,0
1788429458.137328,iOS Bluetooth,221,0,0
1788429458.137328,iOS Bluetooth,221,0,0
1788429458.137328,iOS Bluetooth,238,106,62
1788429458.137328,iOS Bluetooth,222,40,0
1788429458.137328,iOS Bluetooth,222,0,0
1788429458.137328,iOS Bluetooth,239,80,64
1788429458.137328,iOS Bluetooth,223,35,0
1788429458.137328,iOS Bluetooth,223,0,0
1788429458.151601,iOS Bluetooth,225,33,65
1788429458.151601,iOS Bluetooth,209,8,0
1788429458.151601,iOS Bluetooth,209,0,0
1788429458.151601,iOS Bluetooth,226,13,64
1788429458.151601,iOS Bluetooth,210,106,0
1788429458.151601,iOS Bluetooth,210,0,0
1788429458.151601,iOS Bluetooth,227,104,62
1788429458.174647,iOS Bluetooth,211,26,0
1788429458.174647,iOS Bluetooth,211,0,0
1788429458.174647,iOS Bluetooth,229,24,63
1788429458.174647,iOS Bluetooth,213,70,0
1788429458.174647,iOS Bluetooth,213,0,0
1788429458.174647,iOS Bluetooth,234,26,63
1788429458.174647,iOS Bluetooth,218,6,0
1788429458.174647,iOS Bluetooth,218,0,0
1788429458.189597,iOS Bluetooth,235,94,64
1788429458.189597,iOS Bluetooth,219,70,0
1788429458.189597,iOS Bluetooth,219,0,0
1788429458.189597,iOS Bluetooth,236,29,65
1788429458.189597,iOS Bluetooth,220,32,0
1788429458.189597,iOS Bluetooth,220,0,0
1788429458.189597,iOS Bluetooth,220,0,0
1788429458.189597,iOS Bluetooth,220,0,0
1788429458.189597,iOS Bluetooth,220,0,0
1788429458.204401,iOS Bluetooth,238,98,62
1788429458.204401,iOS Bluetooth,222,42,0
1788429458.204401,iOS Bluetooth,222,0,0
1788429458.204401,iOS Bluetooth,239,98,64
1788429458.204401,iOS Bluetooth,223,21,0
1788429458.204401,iOS Bluetooth,223,0,0
1788429458.204401,iOS Bluetooth,223,0,0
1788429458.204401,iOS Bluetooth,223,0,0
1788429458.204401,iOS Bluetooth,223,0,0
1788429458.219517,iOS Bluetooth,209,13,0
1788429458.219517,iOS Bluetooth,209,0,0
1788429458.219517,iOS Bluetooth,226,122,63
1788429458.219517,iOS Bluetooth,210,109,0
1788429458.219517,iOS Bluetooth,210,0,0
1788429458.219517,iOS Bluetooth,227,97,62
1788429458.219517,iOS Bluetooth,227,0,0
1788429458.236553,iOS Bluetooth,229,42,63
1788429458.236553,iOS Bluetooth,213,78,0
1788429458.236553,iOS Bluetooth,213,0,0
1788429458.236553,iOS Bluetooth,234,44,63
1788429458.236553,iOS Bluetooth,218,13,0
1788429458.236553,iOS Bluetooth,218,0,0
1788429458.249541,iOS Bluetooth,219,65,0
1788429458.249541,iOS Bluetooth,219,0,0
1788429458.259189,iOS Bluetooth,236,20,65
1788429458.259189,iOS Bluetooth,220,28,0
1788429458.259189,iOS Bluetooth,220,0,0
1788429458.259189,iOS Bluetooth,220,0,0
1788429458.259189,iOS Bluetooth,220,0,0
1788429458.259189,iOS Bluetooth,220,0,0
1788429458.259189,iOS Bluetooth,220,0,0
1788429458.259189,iOS Bluetooth,220,0,0
1788429458.259189,iOS Bluetooth,220,0,0
1788429458.259189,iOS Bluetooth,238,93,62
1788429458.271613,iOS Bluetooth,222,45,0
1788429458.271613,iOS Bluetooth,222,0,0
1788429458.271613,iOS Bluetooth,239,115,64
1788429458.271613,iOS Bluetooth,239,0,0
1788429458.271613,iOS Bluetooth,239,0,0
1788429458.271613,iOS Bluetooth,239,0,0
1788429458.271613,iOS Bluetooth,209,19,0
1788429458.271613,iOS Bluetooth,209,0,0
1788429458.294480,iOS Bluetooth,226,98,63
1788429458.294480,iOS Bluetooth,210,111,0
1788429458.294480,iOS Bluetooth,210,0,0
1788429458.294480,iOS Bluetooth,210,0,0
1788429458.294480,iOS Bluetooth,210,0,0
1788429458.294480,iOS Bluetooth,210,0,0
1788429458.294480,iOS Bluetooth,210,0,0
1788429458.294480,iOS Bluetooth,210,0,0
1788429458.294480,iOS Bluetooth,210,0,0
1788429458.294480,iOS Bluetooth,229,61,63
1788429458.309701,iOS Bluetooth,213,89,0
1788429458.309701,iOS Bluetooth,213,0,0
1788429458.309701,iOS Bluetooth,234,65,63
1788429458.309701,iOS Bluetooth,234,0,0
1788429458.309701,iOS Bluetooth,234,0,0
1788429458.309701,iOS Bluetooth,234,0,0
1788429458.324417,iOS Bluetooth,219,60,0
1788429458.324417,iOS Bluetooth,219,0,0
1788429458.324417,iOS Bluetooth,236,10,65
1788429458.324417,iOS Bluetooth,220,24,0
1788429458.324417,iOS Bluetooth,220,0,0
1788429458.324417,iOS Bluetooth,220,0,0
1788429458.324417,iOS Bluetooth,220,0,0
1788429458.324417,iOS Bluetooth,220,0,0
1788429458.324417,iOS Bluetooth,220,0,0
1788429458.324417,iOS Bluetooth,220,0,0
1788429458.324417,iOS Bluetooth,220,0,0
1788429458.339421,iOS Bluetooth,238,91,62
1788429458.339421,iOS Bluetooth,222,47,0
1788429458.339421,iOS Bluetooth,222,0,0
1788429458.339421,iOS Bluetooth,239,2,65
1788429458.339421,iOS Bluetooth,223,5,0
1788429458.339421,iOS Bluetooth,223,0,0
1788429458.339421,iOS Bluetooth,225,6,65
1788429458.354425,iOS Bluetooth,209,28,0
1788429458.354425,iOS Bluetooth,209,0,0
1788429458.354425,iOS Bluetooth,226,76,63
1788429458.354425,iOS Bluetooth,210,98,0
1788429458.354425,iOS Bluetooth,210,0,0
1788429458.354425,iOS Bluetooth,227,91,62
1788429458.354425,iOS Bluetooth,211,9,0
1788429458.354425,iOS Bluetooth,211,0,0
1788429458.369702,iOS Bluetooth,229,85,63
1788429458.369702,iOS Bluetooth,213,99,0
1788429458.369702,iOS Bluetooth,213,0,0
1788429458.369702,iOS Bluetooth,234,91,63
1788429458.369702,iOS Bluetooth,218,31,0
1788429458.369702,iOS Bluetooth,218,0,0
1788429458.369702,iOS Bluetooth,235,11,65
1788429458.384521,iOS Bluetooth,219,56,0
1788429458.384521,iOS Bluetooth,219,0,0
1788429458.384521,iOS Bluetooth,236,124,64
1788429458.384521,iOS Bluetooth,220,19,0
1788429458.384521,iOS Bluetooth,220,0,0
1788429458.384521,iOS Bluetooth,237,62,63
1788429458.384521,iOS Bluetooth,237,0,0
1788429458.406707,iOS Bluetooth,238,93,62
1788429458.406707,iOS Bluetooth,222,49,0
1788429458.406707,iOS Bluetooth,222,0,0
1788429458.406707,iOS Bluetooth,239,16,65
1788429458.406707,iOS Bluetooth,223,2,0
1788429458.406707,iOS Bluetooth,223,0,0
1788429458.406707,iOS Bluetooth,223,0,0
1788429458.406707,iOS Bluetooth,223,0,0
1788429458.406707,iOS Bluetooth,223,0,0
1788429458.421703,iOS Bluetooth,209,38,0
1788429458.421703,iOS Bluetooth,209,0,0
1788429458.421703,iOS Bluetooth,226,53,63
1788429458.421703,iOS Bluetooth,210,83,0
1788429458.421703,iOS Bluetooth,210,0,0
1788429458.421703,iOS Bluetooth,227,94,62
1788429458.428679,iOS Bluetooth,229,107,63
1788429458.444436,iOS Bluetooth,213,86,0
1788429458.444436,iOS Bluetooth,213,0,0
1788429458.444436,iOS Bluetooth,234,112,63
1788429458.444436,iOS Bluetooth,218,39,0
1788429458.444436,iOS Bluetooth,218,0,0
1788429458.444436,iOS Bluetooth,218,0,0
1788429458.444436,iOS Bluetooth,218,0,0
1788429458.444436,iOS Bluetooth,218,0,0
1788429458.444436,iOS Bluetooth,219,52,0
1788429458.444436,iOS Bluetooth,219,0,0
1788429458.459347,iOS Bluetooth,236,106,64
1788429458.459347,iOS Bluetooth,220,15,0
1788429458.459347,iOS Bluetooth,220,0,0
1788429458.459347,iOS Bluetooth,237,41,63
1788429458.459347,iOS Bluetooth,237,0,0
1788429458.459347,iOS Bluetooth,237,0,26
1788429458.459347,iOS Bluetooth,237,97,62
1788429458.474334,iOS Bluetooth,222,51,0
1788429458.474334,iOS Bluetooth,222,0,0
1788429458.474334,iOS Bluetooth,239,25,65
1788429458.474334,iOS Bluetooth,239,0,0
1788429458.474334,iOS Bluetooth,239,0,0
1788429458.474334,iOS Bluetooth,239,0,0
1788429458.474334,iOS Bluetooth,209,50,0
1788429458.474334,iOS Bluetooth,209,0,0
1788429458.489755,iOS Bluetooth,226,34,63
1788429458.489755,iOS Bluetooth,210,68,0
1788429458.489755,iOS Bluetooth,210,0,0
1788429458.489755,iOS Bluetooth,210,0,0
1788429458.489755,iOS Bluetooth,210,0,0
1788429458.489755,iOS Bluetooth,210,0,0
1788429458.489755,iOS Bluetooth,210,0,0
1788429458.489755,iOS Bluetooth,210,0,0
1788429458.489755,iOS Bluetooth,210,0,0
1788429458.489755,iOS Bluetooth,229,0,64
1788429458.504470,iOS Bluetooth,213,74,0
1788429458.504470,iOS Bluetooth,213,0,0
1788429458.504470,iOS Bluetooth,234,3,64
1788429458.504470,iOS Bluetooth,234,0,0
1788429458.504470,iOS Bluetooth,234,0,0
1788429458.504470,iOS Bluetooth,234,0,0
1788429458.526696,iOS Bluetooth,219,48,0
1788429458.526696,iOS Bluetooth,219,0,0
1788429458.526696,iOS Bluetooth,236,89,64
1788429458.526696,iOS Bluetooth,220,11,0
1788429458.526696,iOS Bluetooth,220,0,0
1788429458.526696,iOS Bluetooth,237,21,63
1788429458.526696,iOS Bluetooth,221,30,0
1788429458.526696,iOS Bluetooth,221,0,0
1788429458.541873,iOS Bluetooth,238,105,62
1788429458.541873,iOS Bluetooth,222,52,0
1788429458.541873,iOS Bluetooth,222,0,0
1788429458.541873,iOS Bluetooth,239,32,65
1788429458.541873,iOS Bluetooth,225,84,64
1788429458.541873,iOS Bluetooth,209,66,0
1788429458.541873,iOS Bluetooth,209,0,0
1788429458.564678,iOS Bluetooth,226,17,63
1788429458.564678,iOS Bluetooth,210,56,0
1788429458.564678,iOS Bluetooth,210,0,0
1788429458.564678,iOS Bluetooth,227,108,62
1788429458.564678,iOS Bluetooth,211,1,0
1788429458.564678,iOS Bluetooth,211,0,0
1788429458.564678,iOS Bluetooth,229,21,64
1788429458.571425,iOS Bluetooth,213,63,0
1788429458.571425,iOS Bluetooth,213,0,0
1788429458.571425,iOS Bluetooth,234,23,64
1788429458.571425,iOS Bluetooth,218,66,0
1788429458.571425,iOS Bluetooth,218,0,0
1788429458.571425,iOS Bluetooth,235,35,65
1788429458.571425,iOS Bluetooth,219,45,0
1788429458.571425,iOS Bluetooth,219,0,0
1788429458.586352,iOS Bluetooth,236,68,64
1788429458.586352,iOS Bluetooth,220,6,0
1788429458.586352,iOS Bluetooth,220,0,0
1788429458.586352,iOS Bluetooth,237,5,63
1788429458.586352,iOS Bluetooth,221,33,0
1788429458.586352,iOS Bluetooth,221,0,0
1788429458.586352,iOS Bluetooth,221,0,0
1788429458.586352,iOS Bluetooth,221,0,0
1788429458.586352,iOS Bluetooth,221,0,0
1788429458.601658,iOS Bluetooth,222,54,0
1788429458.601658,iOS Bluetooth,222,0,0
1788429458.601658,iOS Bluetooth,239,36,65
1788429458.601658,iOS Bluetooth,218,0,0
1788429458.601658,iOS Bluetooth,218,0,0
1788429458.601658,iOS Bluetooth,138,63,64
1788429458.601658,iOS Bluetooth,228,0,64
1788429458.601658,iOS Bluetooth,148,63,96
1788429458.601658,iOS Bluetooth,176,118,39
1788429458.601658,iOS Bluetooth,223,1,0
1788429458.601658,iOS Bluetooth,223,0,0
1788429458.601658,iOS Bluetooth,225,64,64
1788429458.601658,iOS Bluetooth,225,0,0
1788429458.618575,iOS Bluetooth,226,2,63
1788429458.618575,iOS Bluetooth,210,44,0
1788429458.618575,iOS Bluetooth,210,0,0
1788429458.618575,iOS Bluetooth,227,118,62
1788429458.618575,iOS Bluetooth,211,0,0
1788429458.618575,iOS Bluetooth,211,0,0
1788429458.630578,iOS Bluetooth,212,78,0
1788429458.630578,iOS Bluetooth,212,0,0
1788429458.648381,iOS Bluetooth,229,47,64
1788429458.648381,iOS Bluetooth,213,53,0
1788429458.648381,iOS Bluetooth,213,0,0
1788429458.648381,iOS Bluetooth,234,35,64
1788429458.648381,iOS Bluetooth,234,0,0
1788429458.648381,iOS Bluetooth,234,0,82
1788429458.648381,iOS Bluetooth,234,40,0
1788429458.661559,iOS Bluetooth,236,42,64
1788429458.661559,iOS Bluetooth,220,1,0
1788429458.661559,iOS Bluetooth,220,0,0
1788429458.661559,iOS Bluetooth,237,120,62
1788429458.661559,iOS Bluetooth,237,0,0
1788429458.661559,iOS Bluetooth,237,0,98
1788429458.661559,iOS Bluetooth,237,0,63
1788429458.676708,iOS Bluetooth,222,56,0
1788429458.676708,iOS Bluetooth,222,0,0
1788429458.676708,iOS Bluetooth,223,3,0
1788429458.676708,iOS Bluetooth,223,0,0
1788429458.676708,iOS Bluetooth,223,0,0
1788429458.676708,iOS Bluetooth,223,0,0
1788429458.676708,iOS Bluetooth,223,0,0
1788429458.676708,iOS Bluetooth,223,0,0
1788429458.676708,iOS Bluetooth,223,0,0
1788429458.676708,iOS Bluetooth,223,0,0
1788429458.676708,iOS Bluetooth,226,117,62
1788429458.691542,iOS Bluetooth,210,35,0
1788429458.691542,iOS Bluetooth,210,0,0
1788429458.691542,iOS Bluetooth,227,4,63
1788429458.691542,iOS Bluetooth,227,0,0
1788429458.691542,iOS Bluetooth,227,0,0
1788429458.691542,iOS Bluetooth,227,0,0
1788429458.691542,iOS Bluetooth,212,81,0
1788429458.691542,iOS Bluetooth,212,0,0
1788429458.706541,iOS Bluetooth,229,70,64
1788429458.706541,iOS Bluetooth,213,43,0
1788429458.706541,iOS Bluetooth,213,0,0
1788429458.706541,iOS Bluetooth,213,0,0
1788429458.706541,iOS Bluetooth,213,0,0
1788429458.706541,iOS Bluetooth,213,0,0
1788429458.706541,iOS Bluetooth,213,0,0
1788429458.706541,iOS Bluetooth,213,0,0
1788429458.706541,iOS Bluetooth,213,0,0
1788429458.721484,iOS Bluetooth,236,18,64
1788429458.721484,iOS Bluetooth,220,0,0
1788429458.721484,iOS Bluetooth,220,0,0
1788429458.721484,iOS Bluetooth,237,108,62
1788429458.721484,iOS Bluetooth,237,0,0
1788429458.721484,iOS Bluetooth,237,0,0
1788429458.721484,iOS Bluetooth,237,0,0
1788429458.736593,iOS Bluetooth,222,58,0
1788429458.736593,iOS Bluetooth,222,0,0
1788429458.736593,iOS Bluetooth,239,34,65
1788429458.736593,iOS Bluetooth,223,7,0
1788429458.736593,iOS Bluetooth,223,0,0
1788429458.736593,iOS Bluetooth,225,19,64
1788429458.736593,iOS Bluetooth,209,105,0
1788429458.736593,iOS Bluetooth,209,0,0
1788429458.753347,iOS Bluetooth,226,105,62
1788429458.753347,iOS Bluetooth,210,27,0
1788429458.753347,iOS Bluetooth,210,0,0
1788429458.753347,iOS Bluetooth,227,22,63
1788429458.753347,iOS Bluetooth,211,4,0
1788429458.753347,iOS Bluetooth,211,0,0
1788429458.753347,iOS Bluetooth,228,87,64
1788429458.774504,iOS Bluetooth,212,72,0
1788429458.774504,iOS Bluetooth,212,0,0
1788429458.774504,iOS Bluetooth,229,89,64
1788429458.774504,iOS Bluetooth,213,27,0
1788429458.774504,iOS Bluetooth,213,0,0
1788429458.774504,iOS Bluetooth,235,30,65
1788429458.774504,iOS Bluetooth,235,0,0
1788429458.789516,iOS Bluetooth,236,0,64
1788429458.789516,iOS Bluetooth,237,100,62
1788429458.789516,iOS Bluetooth,221,42,0
1788429458.789516,iOS Bluetooth,221,0,0
1788429458.789516,iOS Bluetooth,238,32,63
1788429458.789516,iOS Bluetooth,238,0,0
1788429458.804580,iOS Bluetooth,239,29,65
1788429458.804580,iOS Bluetooth,223,11,0
1788429458.804580,iOS Bluetooth,223,0,0
1788429458.804580,iOS Bluetooth,225,125,63
1788429458.804580,iOS Bluetooth,209,108,0
1788429458.804580,iOS Bluetooth,209,0,0
1788429458.804580,iOS Bluetooth,209,0,0
1788429458.804580,iOS Bluetooth,209,0,0
1788429458.804580,iOS Bluetooth,209,0,0
1788429458.819666,iOS Bluetooth,210,21,0
1788429458.819666,iOS Bluetooth,210,0,0
1788429458.819666,iOS Bluetooth,227,37,63
1788429458.819666,iOS Bluetooth,211,11,0
1788429458.819666,iOS Bluetooth,211,0,0
1788429458.819666,iOS Bluetooth,228,105,64
1788429458.819666,iOS Bluetooth,228,0,0
1788429458.834569,iOS Bluetooth,229,107,64
1788429458.834569,iOS Bluetooth,213,16,0
1788429458.834569,iOS Bluetooth,213,0,0
1788429458.834569,iOS Bluetooth,235,23,65
1788429458.834569,iOS Bluetooth,219,29,0
1788429458.834569,iOS Bluetooth,219,0,0
1788429458.849657,iOS Bluetooth,220,3,0
1788429458.849657,iOS Bluetooth,220,0,0
1788429458.856448,iOS Bluetooth,237,94,62
1788429458.856448,iOS Bluetooth,221,44,0
1788429458.856448,iOS Bluetooth,221,0,0
1788429458.856448,iOS Bluetooth,238,51,63
1788429458.856448,iOS Bluetooth,238,0,0
1788429458.856448,iOS Bluetooth,238,0,42
1788429458.856448,iOS Bluetooth,238,20,65
1788429458.879416,iOS Bluetooth,223,18,0
1788429458.879416,iOS Bluetooth,223,0,0
1788429458.879416,iOS Bluetooth,225,103,63
1788429458.879416,iOS Bluetooth,225,0,0
1788429458.879416,iOS Bluetooth,225,0,0
1788429458.879416,iOS Bluetooth,225,0,0
1788429458.879416,iOS Bluetooth,210,15,0
1788429458.879416,iOS Bluetooth,210,0,0
1788429458.894841,iOS Bluetooth,227,60,63
1788429458.894841,iOS Bluetooth,211,20,0
1788429458.894841,iOS Bluetooth,211,0,0
1788429458.894841,iOS Bluetooth,211,0,0
1788429458.894841,iOS Bluetooth,211,0,0
1788429458.894841,iOS Bluetooth,211,0,0
1788429458.894841,iOS Bluetooth,211,0,0
1788429458.894841,iOS Bluetooth,211,0,0
1788429458.894841,iOS Bluetooth,211,0,0
1788429458.894841,iOS Bluetooth,229,123,64
1788429458.909422,iOS Bluetooth,213,8,0
1788429458.909422,iOS Bluetooth,213,0,0
1788429458.909422,iOS Bluetooth,235,13,65
1788429458.909422,iOS Bluetooth,235,0,0
1788429458.909422,iOS Bluetooth,235,0,0
1788429458.909422,iOS Bluetooth,235,0,0
1788429458.931620,iOS Bluetooth,220,10,0
1788429458.931620,iOS Bluetooth,220,0,0
1788429458.931620,iOS Bluetooth,237,92,62
1788429458.931620,iOS Bluetooth,221,46,0
1788429458.931620,iOS Bluetooth,221,0,0
1788429458.931620,iOS Bluetooth,221,0,0
1788429458.931620,iOS Bluetooth,221,0,0
1788429458.931620,iOS Bluetooth,221,0,0
1788429458.931620,iOS Bluetooth,221,0,0
1788429458.931620,iOS Bluetooth,221,0,0
1788429458.931620,iOS Bluetooth,221,0,0
1788429458.939581,iOS Bluetooth,239,8,65
1788429458.939581,iOS Bluetooth,223,26,0
1788429458.939581,iOS Bluetooth,223,0,0
1788429458.939581,iOS Bluetooth,225,81,63
1788429458.939581,iOS Bluetooth,209,103,0
1788429458.939581,iOS Bluetooth,209,0,0
1788429458.939581,iOS Bluetooth,226,91,62
1788429458.954829,iOS Bluetooth,210,10,0
1788429458.954829,iOS Bluetooth,210,0,0
1788429458.954829,iOS Bluetooth,227,82,63
1788429458.954829,iOS Bluetooth,211,30,0
1788429458.954829,iOS Bluetooth,211,0,0
1788429458.954829,iOS Bluetooth,228,8,65
1788429458.954829,iOS Bluetooth,212,57,0
1788429458.954829,iOS Bluetooth,212,0,0
1788429458.969443,iOS Bluetooth,229,10,65
1788429458.969443,iOS Bluetooth,213,4,0
1788429458.969443,iOS Bluetooth,213,0,0
1788429458.969443,iOS Bluetooth,235,126,64
1788429458.969443,iOS Bluetooth,219,20,0
1788429458.969443,iOS Bluetooth,219,0,0
1788429458.969443,iOS Bluetooth,236,67,63
1788429458.985314,iOS Bluetooth,220,19,0
1788429458.985314,iOS Bluetooth,220,0,0
1788429458.985314,iOS Bluetooth,221,48,0
1788429458.985314,iOS Bluetooth,221,0,0
1788429458.985314,iOS Bluetooth,238,98,63
1788429458.985314,iOS Bluetooth,222,44,0
1788429458.985314,iOS Bluetooth,222,0,0
1788429458.985314,iOS Bluetooth,222,0,0
1788429458.985314,iOS Bluetooth,222,0,0
1788429458.985314,iOS Bluetooth,222,0,0
1788429459.000159,iOS Bluetooth,223,35,0
1788429459.000159,iOS Bluetooth,223,0,0
1788429459.000159,iOS Bluetooth,225,61,63
1788429459.000159,iOS Bluetooth,209,87,0
1788429459.000159,iOS Bluetooth,209,0,0
1788429459.000159,iOS Bluetooth,226,93,62
1788429459.015383,iOS Bluetooth,227,104,63
1788429459.015383,iOS Bluetooth,211,36,0
1788429459.015383,iOS Bluetooth,211,0,0
1788429459.030356,iOS Bluetooth,228,20,65
1788429459.030356,iOS Bluetooth,212,53,0
1788429459.030356,iOS Bluetooth,212,0,0
1788429459.030356,iOS Bluetooth,212,0,0
1788429459.030356,iOS Bluetooth,212,0,0
1788429459.030356,iOS Bluetooth,212,0,0
1788429459.030356,iOS Bluetooth,213,1,0
1788429459.030356,iOS Bluetooth,213,0,0
1788429459.045181,iOS Bluetooth,235,111,64
1788429459.045181,iOS Bluetooth,219,16,0
1788429459.045181,iOS Bluetooth,219,0,0
1788429459.045181,iOS Bluetooth,236,46,63
1788429459.045181,iOS Bluetooth,236,0,0
1788429459.045181,iOS Bluetooth,236,0,98
1788429459.045181,iOS Bluetooth,236,96,62
1788429459.060144,iOS Bluetooth,221,50,0
1788429459.060144,iOS Bluetooth,221,0,0
1788429459.060144,iOS Bluetooth,238,120,63
1788429459.060144,iOS Bluetooth,222,28,0
1788429459.060144,iOS Bluetooth,222,0,0
1788429459.060144,iOS Bluetooth,222,0,0
1788429459.060144,iOS Bluetooth,222,0,0
1788429459.060144,iOS Bluetooth,222,0,0
1788429459.060144,iOS Bluetooth,223,47,0
1788429459.060144,iOS Bluetooth,223,0,0
1788429459.074539,iOS Bluetooth,225,39,63
1788429459.074539,iOS Bluetooth,209,72,0
1788429459.074539,iOS Bluetooth,209,0,0
1788429459.074539,iOS Bluetooth,209,0,0
1788429459.074539,iOS Bluetooth,209,0,0
1788429459.074539,iOS Bluetooth,209,0,0
1788429459.074539,iOS Bluetooth,209,0,0
1788429459.074539,iOS Bluetooth,209,0,0
1788429459.074539,iOS Bluetooth,209,0,0
1788429459.074539,iOS Bluetooth,227,124,63
1788429459.089728,iOS Bluetooth,211,46,0
1788429459.089728,iOS Bluetooth,211,0,0
1788429459.089728,iOS Bluetooth,228,28,65
1788429459.089728,iOS Bluetooth,228,0,0
1788429459.089728,iOS Bluetooth,228,0,0
1788429459.089728,iOS Bluetooth,228,0,0
1788429459.089728,iOS Bluetooth,213,0,0
1788429459.089728,iOS Bluetooth,213,0,0
1788429459.104491,iOS Bluetooth,235,93,64
1788429459.104491,iOS Bluetooth,219,12,0
1788429459.104491,iOS Bluetooth,219,0,0
1788429459.104491,iOS Bluetooth,219,0,0
1788429459.104491,iOS Bluetooth,219,0,0
1788429459.104491,iOS Bluetooth,219,0,0
1788429459.104491,iOS Bluetooth,219,0,0
1788429459.104491,iOS Bluetooth,219,0,0
1788429459.104491,iOS Bluetooth,219,0,0
1788429459.126530,iOS Bluetooth,237,103,62
1788429459.126530,iOS Bluetooth,221,52,0
1788429459.126530,iOS Bluetooth,221,0,0
1788429459.126530,iOS Bluetooth,238,7,64
1788429459.126530,iOS Bluetooth,238,0,0
1788429459.126530,iOS Bluetooth,238,0,0
1788429459.126530,iOS Bluetooth,238,0,0
1788429459.141609,iOS Bluetooth,223,64,0
1788429459.141609,iOS Bluetooth,223,0,0
1788429459.141609,iOS Bluetooth,225,21,63
1788429459.141609,iOS Bluetooth,209,59,0
1788429459.141609,iOS Bluetooth,209,0,0
1788429459.141609,iOS Bluetooth,226,105,62
1788429459.141609,iOS Bluetooth,210,1,0
1788429459.141609,iOS Bluetooth,210,0,0
1788429459.158578,iOS Bluetooth,227,18,64
1788429459.158578,iOS Bluetooth,211,60,0
1788429459.158578,iOS Bluetooth,211,0,0
1788429459.158578,iOS Bluetooth,228,34,65
1788429459.158578,iOS Bluetooth,212,45,0
1788429459.158578,iOS Bluetooth,212,0,0
1788429459.158578,iOS Bluetooth,229,34,65
1788429459.171670,iOS Bluetooth,235,74,64
1788429459.171670,iOS Bluetooth,219,7,0
1788429459.171670,iOS Bluetooth,219,0,0
1788429459.171670,iOS Bluetooth,236,9,63
1788429459.171670,iOS Bluetooth,220,33,0
1788429459.171670,iOS Bluetooth,220,0,0
1788429459.171670,iOS Bluetooth,237,111,62
1788429459.186554,iOS Bluetooth,221,53,0
1788429459.186554,iOS Bluetooth,221,0,0
1788429459.186554,iOS Bluetooth,238,28,64
1788429459.186554,iOS Bluetooth,222,14,0
1788429459.186554,iOS Bluetooth,222,0,0
1788429459.186554,iOS Bluetooth,239,69,64
1788429459.186554,iOS Bluetooth,239,0,0
1788429459.201371,iOS Bluetooth,225,5,63
1788429459.201371,iOS Bluetooth,209,48,0
1788429459.201371,iOS Bluetooth,209,0,0
1788429459.201371,iOS Bluetooth,219,0,0
1788429459.201371,iOS Bluetooth,219,0,0
1788429459.201371,iOS Bluetooth,139,66,64
1788429459.201371,iOS Bluetooth,230,0,64
1788429459.201371,iOS Bluetooth,150,66,96
1788429459.201371,iOS Bluetooth,226,115,62
1788429459.201371,iOS Bluetooth,210,0,0
1788429459.201371,iOS Bluetooth,210,0,0
1788429459.201371,iOS Bluetooth,210,0,0
1788429459.201371,iOS Bluetooth,210,0,0
1788429459.201371,iOS Bluetooth,210,0,0
1788429459.216477,iOS Bluetooth,211,75,0
1788429459.216477,iOS Bluetooth,211,0,0
1788429459.216477,iOS Bluetooth,228,36,65
1788429459.216477,iOS Bluetooth,212,42,0
1788429459.216477,iOS Bluetooth,212,0,0
1788429459.216477,iOS Bluetooth,229,36,65
1788429459.239587,iOS Bluetooth,230,51,64
1788429459.246477,iOS Bluetooth,214,2,0
1788429459.246477,iOS Bluetooth,214,0,0
1788429459.246477,iOS Bluetooth,235,63,64
1788429459.246477,iOS Bluetooth,236,123,62
1788429459.246477,iOS Bluetooth,236,0,0
1788429459.246477,iOS Bluetooth,236,0,42
1788429459.246477,iOS Bluetooth,236,125,62
1788429459.261562,iOS Bluetooth,221,55,0
1788429459.261562,iOS Bluetooth,221,0,0
1788429459.261562,iOS Bluetooth,238,55,64
1788429459.261562,iOS Bluetooth,222,8,0
1788429459.261562,iOS Bluetooth,222,0,0
1788429459.261562,iOS Bluetooth,222,0,0
1788429459.261562,iOS Bluetooth,222,0,0
1788429459.261562,iOS Bluetooth,222,0,0
1788429459.261562,iOS Bluetooth,223,99,0
1788429459.261562,iOS Bluetooth,223,0,0
1788429459.276630,iOS Bluetooth,225,118,62
1788429459.276630,iOS Bluetooth,209,37,0
1788429459.276630,iOS Bluetooth,209,0,0
1788429459.276630,iOS Bluetooth,209,0,0
1788429459.276630,iOS Bluetooth,209,0,0
1788429459.276630,iOS Bluetooth,209,0,0
1788429459.276630,iOS Bluetooth,209,0,0
1788429459.276630,iOS Bluetooth,209,0,0
1788429459.276630,iOS Bluetooth,209,0,0
1788429459.276630,iOS Bluetooth,227,62,64
1788429459.291340,iOS Bluetooth,211,82,0
1788429459.291340,iOS Bluetooth,211,0,0
1788429459.291340,iOS Bluetooth,212,38,0
1788429459.291340,iOS Bluetooth,212,0,0
1788429459.291340,iOS Bluetooth,212,0,0
1788429459.291340,iOS Bluetooth,212,0,0
1788429459.291340,iOS Bluetooth,212,0,0
1788429459.291340,iOS Bluetooth,212,0,0
1788429459.291340,iOS Bluetooth,212,0,0
1788429459.291340,iOS Bluetooth,212,0,0
1788429459.291340,iOS Bluetooth,214,0,0
1788429459.291340,iOS Bluetooth,214,0,0
1788429459.306477,iOS Bluetooth,236,111,62
1788429459.306477,iOS Bluetooth,220,38,0
1788429459.306477,iOS Bluetooth,220,0,0
1788429459.306477,iOS Bluetooth,220,0,0
1788429459.306477,iOS Bluetooth,220,0,0
1788429459.306477,iOS Bluetooth,220,0,0
1788429459.306477,iOS Bluetooth,220,0,0
1788429459.306477,iOS Bluetooth,220,0,0
1788429459.306477,iOS Bluetooth,220,0,0
1788429459.321738,iOS Bluetooth,238,77,64
1788429459.321738,iOS Bluetooth,222,3,0
1788429459.321738,iOS Bluetooth,222,0,0
1788429459.321738,iOS Bluetooth,239,27,64
1788429459.321738,iOS Bluetooth,239,0,0
1788429459.321738,iOS Bluetooth,239,0,0
1788429459.321738,iOS Bluetooth,239,0,0
1788429459.336528,iOS Bluetooth,209,29,0
1788429459.336528,iOS Bluetooth,209,0,0
1788429459.336528,iOS Bluetooth,226,15,63
1788429459.336528,iOS Bluetooth,210,3,0
1788429459.336528,iOS Bluetooth,210,0,0
1788429459.336528,iOS Bluetooth,227,82,64
1788429459.336528,iOS Bluetooth,211,74,0
1788429459.336528,iOS Bluetooth,211,0,0
1788429459.351566,iOS Bluetooth,228,32,65
1788429459.351566,iOS Bluetooth,212,34,0
1788429459.351566,iOS Bluetooth,212,0,0
1788429459.351566,iOS Bluetooth,229,32,65
1788429459.351566,iOS Bluetooth,213,9,0
1788429459.351566,iOS Bluetooth,213,0,0
1788429459.351566,iOS Bluetooth,230,3,64
1788429459.374710,iOS Bluetooth,236,102,62
1788429459.374710,iOS Bluetooth,220,41,0
1788429459.374710,iOS Bluetooth,220,0,0
1788429459.374710,iOS Bluetooth,237,28,63
1788429459.374710,iOS Bluetooth,221,59,0
1788429459.374710,iOS Bluetooth,221,0,0
1788429459.374710,iOS Bluetooth,221,0,0
1788429459.374710,iOS Bluetooth,221,0,0
1788429459.374710,iOS Bluetooth,221,0,0
1788429459.389504,iOS Bluetooth,222,0,0
1788429459.389504,iOS Bluetooth,222,0,0
1788429459.389504,iOS Bluetooth,239,5,64
1788429459.389504,iOS Bluetooth,223,107,0
1788429459.389504,iOS Bluetooth,223,0,0
1788429459.389504,iOS Bluetooth,225,100,62
1788429459.389504,iOS Bluetooth,225,0,0
1788429459.404542,iOS Bluetooth,226,32,63
1788429459.404542,iOS Bluetooth,210,8,0
1788429459.404542,iOS Bluetooth,210,0,0
1788429459.404542,iOS Bluetooth,227,101,64
1788429459.404542,iOS Bluetooth,211,68,0
1788429459.404542,iOS Bluetooth,211,0,0
1788429459.404542,iOS Bluetooth,211,0,0
1788429459.404542,iOS Bluetooth,211,0,0
1788429459.404542,iOS Bluetooth,211,0,0
1788429459.421964,iOS Bluetooth,212,30,0
1788429459.421964,iOS Bluetooth,212,0,0
1788429459.421964,iOS Bluetooth,229,26,65
1788429459.421964,iOS Bluetooth,213,13,0
1788429459.421964,iOS Bluetooth,213,0,0
1788429459.421964,iOS Bluetooth,230,124,63
1788429459.421964,iOS Bluetooth,230,0,0
1788429459.433893,iOS Bluetooth,236,96,62
1788429459.433893,iOS Bluetooth,220,44,0
1788429459.433893,iOS Bluetooth,220,0,0
1788429459.433893,iOS Bluetooth,237,46,63
1788429459.433893,iOS Bluetooth,221,63,0
1788429459.433893,iOS Bluetooth,221,0,0
1788429459.449846,iOS Bluetooth,239,111,63
1788429459.458113,iOS Bluetooth,223,110,0
1788429459.458113,iOS Bluetooth,223,0,0
1788429459.458113,iOS Bluetooth,225,94,62
1788429459.458113,iOS Bluetooth,209,17,0
1788429459.458113,iOS Bluetooth,209,0,0
1788429459.458113,iOS Bluetooth,209,0,0
1788429459.458113,iOS Bluetooth,209,0,0
1788429459.458113,iOS Bluetooth,209,0,0
1788429459.458113,iOS Bluetooth,210,17,0
1788429459.458113,iOS Bluetooth,210,0,0
1788429459.479427,iOS Bluetooth,227,117,64
1788429459.479427,iOS Bluetooth,211,63,0
1788429459.479427,iOS Bluetooth,211,0,0
1788429459.479427,iOS Bluetooth,211,0,0
1788429459.479427,iOS Bluetooth,211,0,0
1788429459.479427,iOS Bluetooth,211,0,0
1788429459.479427,iOS Bluetooth,211,0,0
1788429459.479427,iOS Bluetooth,211,0,0
1788429459.479427,iOS Bluetooth,211,0,0
1788429459.479427,iOS Bluetooth,229,17,65
1788429459.494522,iOS Bluetooth,213,20,0
1788429459.494522,iOS Bluetooth,213,0,0
1788429459.494522,iOS Bluetooth,230,100,63
1788429459.494522,iOS Bluetooth,230,0,0
1788429459.494522,iOS Bluetooth,230,0,0
1788429459.494522,iOS Bluetooth,230,0,0
1788429459.494522,iOS Bluetooth,220,45,0
1788429459.494522,iOS Bluetooth,220,0,0
1788429459.509460,iOS Bluetooth,237,67,63
1788429459.509460,iOS Bluetooth,221,64,0
1788429459.509460,iOS Bluetooth,221,0,0
1788429459.509460,iOS Bluetooth,221,0,0
1788429459.509460,iOS Bluetooth,221,0,0
1788429459.509460,iOS Bluetooth,221,0,0
1788429459.509460,iOS Bluetooth,221,0,0
1788429459.509460,iOS Bluetooth,221,0,0
1788429459.509460,iOS Bluetooth,221,0,0
1788429459.524556,iOS Bluetooth,239,87,63
1788429459.524556,iOS Bluetooth,223,109,0
1788429459.524556,iOS Bluetooth,223,0,0
1788429459.524556,iOS Bluetooth,225,92,62
1788429459.524556,iOS Bluetooth,209,11,0
1788429459.524556,iOS Bluetooth,209,0,0
1788429459.524556,iOS Bluetooth,226,74,63
1788429459.546631,iOS Bluetooth,210,26,0
1788429459.546631,iOS Bluetooth,210,0,0
1788429459.546631,iOS Bluetooth,227,3,65
1788429459.546631,iOS Bluetooth,211,59,0
1788429459.546631,iOS Bluetooth,211,0,0
1788429459.546631,iOS Bluetooth,228,5,65
1788429459.546631,iOS Bluetooth,212,22,0
1788429459.546631,iOS Bluetooth,212,0,0
1788429459.554457,iOS Bluetooth,229,3,65
1788429459.554457,iOS Bluetooth,213,28,0
1788429459.554457,iOS Bluetooth,213,0,0
1788429459.554457,iOS Bluetooth,230,73,63
1788429459.554457,iOS Bluetooth,214,16,0
1788429459.554457,iOS Bluetooth,214,0,0
1788429459.554457,iOS Bluetooth,220,47,0
1788429459.554457,iOS Bluetooth,220,0,0
1788429459.569522,iOS Bluetooth,237,90,63
1788429459.569522,iOS Bluetooth,221,49,0
1788429459.569522,iOS Bluetooth,221,0,0
1788429459.569522,iOS Bluetooth,238,13,65
1788429459.569522,iOS Bluetooth,222,4,0
1788429459.569522,iOS Bluetooth,222,0,0
1788429459.569522,iOS Bluetooth,239,68,63
1788429459.584379,iOS Bluetooth,223,92,0
1788429459.584379,iOS Bluetooth,223,0,0
1788429459.584379,iOS Bluetooth,209,8,0
1788429459.584379,iOS Bluetooth,209,0,0
1788429459.584379,iOS Bluetooth,226,96,63
1788429459.584379,iOS Bluetooth,210,33,0
1788429459.584379,iOS Bluetooth,210,0,0
1788429459.584379,iOS Bluetooth,210,0,0
1788429459.584379,iOS Bluetooth,210,0,0
1788429459.584379,iOS Bluetooth,210,0,0
1788429459.612627,iOS Bluetooth,211,55,0
1788429459.612627,iOS Bluetooth,211,0,0
1788429459.612627,iOS Bluetooth,228,120,64
1788429459.612627,iOS Bluetooth,176,118,40
1788429459.612627,iOS Bluetooth,212,18,0
1788429459.612627,iOS Bluetooth,212,0,0
1788429459.612627,iOS Bluetooth,229,119,64
1788429459.612627,iOS Bluetooth,229,0,0
1788429459.621470,iOS Bluetooth,230,53,63
1788429459.621470,iOS Bluetooth,214,25,0
1788429459.621470,iOS Bluetooth,214,0,0
1788429459.621470,iOS Bluetooth,236,94,62
1788429459.621470,iOS Bluetooth,220,49,0
1788429459.621470,iOS Bluetooth,220,0,0
1788429459.628811,iOS Bluetooth,221,34,0
1788429459.628811,iOS Bluetooth,221,0,0
1788429459.644368,iOS Bluetooth,238,23,65
1788429459.644368,iOS Bluetooth,222,7,0
1788429459.644368,iOS Bluetooth,222,0,0
1788429459.644368,iOS Bluetooth,239,48,63
1788429459.644368,iOS Bluetooth,239,0,0
1788429459.644368,iOS Bluetooth,239,0,58
1788429459.644368,iOS Bluetooth,239,95,62
1788429459.659416,iOS Bluetooth,209,4,0
1788429459.659416,iOS Bluetooth,209,0,0
1788429459.659416,iOS Bluetooth,226,117,63
1788429459.659416,iOS Bluetooth,210,41,0
1788429459.659416,iOS Bluetooth,210,0,0
1788429459.659416,iOS Bluetooth,210,0,0
1788429459.659416,iOS Bluetooth,210,0,0
1788429459.659416,iOS Bluetooth,210,0,0
1788429459.659416,iOS Bluetooth,211,51,0
1788429459.659416,iOS Bluetooth,211,0,0
1788429459.673736,iOS Bluetooth,228,102,64
1788429459.673736,iOS Bluetooth,212,14,0
1788429459.673736,iOS Bluetooth,212,0,0
1788429459.673736,iOS Bluetooth,212,0,0
1788429459.673736,iOS Bluetooth,212,0,0
1788429459.673736,iOS Bluetooth,212,0,0
1788429459.673736,iOS Bluetooth,212,0,0
1788429459.673736,iOS Bluetooth,212,0,0
1788429459.673736,iOS Bluetooth,212,0,0
1788429459.673736,iOS Bluetooth,230,34,63
1788429459.690180,iOS Bluetooth,214,28,0
1788429459.690180,iOS Bluetooth,214,0,0
1788429459.690180,iOS Bluetooth,236,99,62
1788429459.690180,iOS Bluetooth,236,0,0
1788429459.690180,iOS Bluetooth,236,0,0
1788429459.690180,iOS Bluetooth,236,0,0
1788429459.690180,iOS Bluetooth,221,19,0
1788429459.690180,iOS Bluetooth,221,0,0
1788429459.704457,iOS Bluetooth,238,30,65
1788429459.704457,iOS Bluetooth,222,11,0
1788429459.704457,iOS Bluetooth,222,0,0
1788429459.704457,iOS Bluetooth,222,0,0
1788429459.704457,iOS Bluetooth,222,0,0
1788429459.704457,iOS Bluetooth,222,0,0
1788429459.704457,iOS Bluetooth,222,0,0
1788429459.704457,iOS Bluetooth,222,0,0
1788429459.704457,iOS Bluetooth,222,0,0
1788429459.726684,iOS Bluetooth,225,102,62
1788429459.726684,iOS Bluetooth,209,1,0
1788429459.726684,iOS Bluetooth,209,0,0
1788429459.726684,iOS Bluetooth,226,8,64
1788429459.726684,iOS Bluetooth,226,0,0
1788429459.726684,iOS Bluetooth,226,0,0
1788429459.726684,iOS Bluetooth,226,0,0
1788429459.741495,iOS Bluetooth,211,47,0
1788429459.741495,iOS Bluetooth,211,0,0
1788429459.741495,iOS Bluetooth,228,84,64
1788429459.741495,iOS Bluetooth,212,10,0
1788429459.741495,iOS Bluetooth,212,0,0
1788429459.741495,iOS Bluetooth,229,82,64
1788429459.741495,iOS Bluetooth,213,66,0
1788429459.741495,iOS Bluetooth,213,0,0
1788429459.756479,iOS Bluetooth,230,15,63
1788429459.756479,iOS Bluetooth,214,31,0
1788429459.756479,iOS Bluetooth,214,0,0
1788429459.756479,iOS Bluetooth,236,109,62
1788429459.756479,iOS Bluetooth,220,53,0
1788429459.756479,iOS Bluetooth,220,0,0
1788429459.756479,iOS Bluetooth,237,20,64
1788429459.771449,iOS Bluetooth,221,16,0
1788429459.771449,iOS Bluetooth,221,0,0
1788429459.771449,iOS Bluetooth,238,35,65
1788429459.771449,iOS Bluetooth,222,16,0
1788429459.771449,iOS Bluetooth,222,0,0
1788429459.771449,iOS Bluetooth,239,11,63
1788429459.771449,iOS Bluetooth,223,52,0
1788429459.771449,iOS Bluetooth,223,0,0
1788429459.786368,iOS Bluetooth,225,111,62
1788429459.786368,iOS Bluetooth,209,0,0
1788429459.786368,iOS Bluetooth,209,0,0
1788429459.786368,iOS Bluetooth,226,32,64
1788429459.786368,iOS Bluetooth,210,70,0
1788429459.786368,iOS Bluetooth,210,0,0
1788429459.786368,iOS Bluetooth,210,0,0
1788429459.786368,iOS Bluetooth,210,0,0
1788429459.786368,iOS Bluetooth,210,0,0
1788429459.801477,iOS Bluetooth,211,43,0
1788429459.801477,iOS Bluetooth,211,0,0
1788429459.801477,iOS Bluetooth,228,63,64
1788429459.801477,iOS Bluetooth,220,0,0
1788429459.801477,iOS Bluetooth,220,0,0
1788429459.801477,iOS Bluetooth,140,69,64
1788429459.801477,iOS Bluetooth,231,0,64
1788429459.801477,iOS Bluetooth,151,69,96
1788429459.801477,iOS Bluetooth,212,4,0
1788429459.801477,iOS Bluetooth,212,0,0
1788429459.801477,iOS Bluetooth,229,62,64
1788429459.801477,iOS Bluetooth,229,0,0
1788429459.816659,iOS Bluetooth,230,0,63
1788429459.816659,iOS Bluetooth,214,35,0
1788429459.816659,iOS Bluetooth,214,0,0
1788429459.816659,iOS Bluetooth,231,120,62
1788429459.816659,iOS Bluetooth,215,54,0
1788429459.816659,iOS Bluetooth,215,0,0
1788429459.816659,iOS Bluetooth,215,0,0
1788429459.816659,iOS Bluetooth,215,0,0
1788429459.816659,iOS Bluetooth,215,0,0
1788429459.831417,iOS Bluetooth,237,46,64
1788429459.831417,iOS Bluetooth,221,10,0
1788429459.831417,iOS Bluetooth,221,0,0
1788429459.831417,iOS Bluetooth,238,37,65
1788429459.831417,iOS Bluetooth,222,21,0
1788429459.831417,iOS Bluetooth,222,0,0
1788429459.846887,iOS Bluetooth,223,41,0
1788429459.846887,iOS Bluetooth,223,0,0
1788429459.861423,iOS Bluetooth,225,125,62
1788429459.861423,iOS Bluetooth,226,54,64
1788429459.861423,iOS Bluetooth,210,83,0
1788429459.861423,iOS Bluetooth,210,0,0
1788429459.861423,iOS Bluetooth,210,0,0
1788429459.861423,iOS Bluetooth,210,0,0
1788429459.861423,iOS Bluetooth,210,0,0
1788429459.861423,iOS Bluetooth,228,39,64
1788429459.876874,iOS Bluetooth,212,1,0
1788429459.876874,iOS Bluetooth,212,0,0
1788429459.876874,iOS Bluetooth,229,40,64
1788429459.876874,iOS Bluetooth,229,0,0
1788429459.876874,iOS Bluetooth,229,0,0
1788429459.876874,iOS Bluetooth,229,0,0
1788429459.876874,iOS Bluetooth,214,37,0
1788429459.876874,iOS Bluetooth,214,0,0
1788429459.891745,iOS Bluetooth,231,6,63
1788429459.891745,iOS Bluetooth,215,56,0
1788429459.891745,iOS Bluetooth,215,0,0
1788429459.891745,iOS Bluetooth,215,0,0
1788429459.891745,iOS Bluetooth,215,0,0
1788429459.891745,iOS Bluetooth,215,0,0
1788429459.891745,iOS Bluetooth,215,0,0
1788429459.891745,iOS Bluetooth,215,0,0
1788429459.891745,iOS Bluetooth,215,0,0
1788429459.891745,iOS Bluetooth,238,35,65
1788429459.906386,iOS Bluetooth,222,26,0
1788429459.906386,iOS Bluetooth,222,0,0
1788429459.906386,iOS Bluetooth,239,112,62
1788429459.906386,iOS Bluetooth,239,0,0
1788429459.906386,iOS Bluetooth,239,0,0
1788429459.906386,iOS Bluetooth,239,0,0
1788429459.921374,iOS Bluetooth,209,2,0
1788429459.921374,iOS Bluetooth,209,0,0
1788429459.921374,iOS Bluetooth,226,75,64
1788429459.921374,iOS Bluetooth,210,77,0
1788429459.921374,iOS Bluetooth,210,0,0
1788429459.921374,iOS Bluetooth,210,0,0
1788429459.921374,iOS Bluetooth,210,0,0
1788429459.921374,iOS Bluetooth,210,0,0
1788429459.921374,iOS Bluetooth,210,0,0
1788429459.921374,iOS Bluetooth,210,0,0
1788429459.921374,iOS Bluetooth,210,0,0
1788429459.938346,iOS Bluetooth,228,12,64
1788429459.938346,iOS Bluetooth,212,0,0
1788429459.938346,iOS Bluetooth,212,0,0
1788429459.938346,iOS Bluetooth,229,16,64
1788429459.938346,iOS Bluetooth,213,105,0
1788429459.938346,iOS Bluetooth,213,0,0
1788429459.938346,iOS Bluetooth,230,105,62
1788429459.953468,iOS Bluetooth,214,40,0
1788429459.953468,iOS Bluetooth,214,0,0
1788429459.953468,iOS Bluetooth,231,21,63
1788429459.953468,iOS Bluetooth,215,59,0
1788429459.953468,iOS Bluetooth,215,0,0
1788429459.953468,iOS Bluetooth,237,89,64
1788429459.953468,iOS Bluetooth,221,1,0
1788429459.953468,iOS Bluetooth,221,0,0
1788429459.975156,iOS Bluetooth,238,30,65
1788429459.975156,iOS Bluetooth,222,32,0
1788429459.975156,iOS Bluetooth,222,0,0
1788429459.975156,iOS Bluetooth,239,102,62
1788429459.975156,iOS Bluetooth,223,25,0
1788429459.975156,iOS Bluetooth,223,0,0
1788429459.975156,iOS Bluetooth,225,26,63
1788429459.990742,iOS Bluetooth,209,6,0
1788429459.990742,iOS Bluetooth,209,0,0
1788429459.990742,iOS Bluetooth,226,94,64
1788429459.990742,iOS Bluetooth,210,69,0
1788429459.990742,iOS Bluetooth,210,0,0
1788429459.990742,iOS Bluetooth,227,29,65
1788429459.990742,iOS Bluetooth,227,0,0
1788429460.004403,iOS Bluetooth,228,0,64
1788429460.004403,iOS Bluetooth,229,125,63
1788429460.004403,iOS Bluetooth,213,108,0
1788429460.004403,iOS Bluetooth,213,0,0
1788429460.004403,iOS Bluetooth,230,98,62
1788429460.004403,iOS Bluetooth,230,0,0
1788429460.019566,iOS Bluetooth,231,39,63
1788429460.019566,iOS Bluetooth,215,61,0
1788429460.019566,iOS Bluetooth,215,0,0
1788429460.019566,iOS Bluetooth,237,107,64
1788429460.019566,iOS Bluetooth,221,0,0
1788429460.019566,iOS Bluetooth,221,0,0
1788429460.019566,iOS Bluetooth,221,0,0
1788429460.019566,iOS Bluetooth,221,0,0
1788429460.019566,iOS Bluetooth,221,0,0
1788429460.034468,iOS Bluetooth,222,39,0
1788429460.034468,iOS Bluetooth,222,0,0
1788429460.034468,iOS Bluetooth,239,96,62
1788429460.034468,iOS Bluetooth,223,18,0
1788429460.034468,iOS Bluetooth,223,0,0
1788429460.034468,iOS Bluetooth,225,44,63
1788429460.049633,iOS Bluetooth,226,111,64
1788429460.056334,iOS Bluetooth,210,64,0
1788429460.056334,iOS Bluetooth,210,0,0
1788429460.056334,iOS Bluetooth,227,20,65
1788429460.056334,iOS Bluetooth,211,28,0
1788429460.056334,iOS Bluetooth,211,0,0
1788429460.056334,iOS Bluetooth,211,0,0
1788429460.056334,iOS Bluetooth,211,0,0
1788429460.056334,iOS Bluetooth,211,0,0
1788429460.056334,iOS Bluetooth,212,5,0
1788429460.056334,iOS Bluetooth,212,0,0
1788429460.071783,iOS Bluetooth,229,100,63
1788429460.071783,iOS Bluetooth,213,110,0
1788429460.071783,iOS Bluetooth,213,0,0
1788429460.071783,iOS Bluetooth,213,0,0
1788429460.071783,iOS Bluetooth,213,0,0
1788429460.071783,iOS Bluetooth,213,0,0
1788429460.071783,iOS Bluetooth,213,0,0
1788429460.071783,iOS Bluetooth,213,0,0
1788429460.071783,iOS Bluetooth,213,0,0
1788429460.071783,iOS Bluetooth,231,59,63
1788429460.094601,iOS Bluetooth,215,67,0
1788429460.094601,iOS Bluetooth,215,0,0
1788429460.094601,iOS Bluetooth,237,123,64
1788429460.094601,iOS Bluetooth,237,0,0
1788429460.094601,iOS Bluetooth,237,0,0
1788429460.094601,iOS Bluetooth,237,0,0
1788429460.094601,iOS Bluetooth,222,46,0
1788429460.094601,iOS Bluetooth,222,0,0
1788429460.108410,iOS Bluetooth,239,92,62
1788429460.108410,iOS Bluetooth,223,13,0
1788429460.108410,iOS Bluetooth,223,0,0
1788429460.108410,iOS Bluetooth,223,0,0
1788429460.108410,iOS Bluetooth,223,0,0
1788429460.108410,iOS Bluetooth,223,0,0
1788429460.108410,iOS Bluetooth,223,0,0
1788429460.108410,iOS Bluetooth,223,0,0
1788429460.108410,iOS Bluetooth,223,0,0
1788429460.124803,iOS Bluetooth,226,0,65
1788429460.124803,iOS Bluetooth,210,60,0
1788429460.124803,iOS Bluetooth,210,0,0
1788429460.124803,iOS Bluetooth,227,10,65
1788429460.124803,iOS Bluetooth,227,0,0
1788429460.124803,iOS Bluetooth,227,0,0
1788429460.124803,iOS Bluetooth,227,0,0
1788429460.139410,iOS Bluetooth,212,12,0
1788429460.139410,iOS Bluetooth,212,0,0
1788429460.139410,iOS Bluetooth,229,79,63
1788429460.139410,iOS Bluetooth,213,105,0
1788429460.139410,iOS Bluetooth,213,0,0
1788429460.139410,iOS Bluetooth,230,91,62
1788429460.139410,iOS Bluetooth,214,47,0
1788429460.139410,iOS Bluetooth,214,0,0
1788429460.154529,iOS Bluetooth,231,84,63
1788429460.154529,iOS Bluetooth,215,53,0
1788429460.154529,iOS Bluetooth,215,0,0
1788429460.154529,iOS Bluetooth,237,10,65
1788429460.154529,iOS Bluetooth,221,3,0
1788429460.154529,iOS Bluetooth,221,0,0
1788429460.154529,iOS Bluetooth,238,0,65
1788429460.169669,iOS Bluetooth,222,55,0
1788429460.169669,iOS Bluetooth,222,0,0
1788429460.169669,iOS Bluetooth,223,9,0
1788429460.169669,iOS Bluetooth,223,0,0
1788429460.169669,iOS Bluetooth,225,91,63
1788429460.169669,iOS Bluetooth,209,31,0
1788429460.169669,iOS Bluetooth,209,0,0
1788429460.169669,iOS Bluetooth,226,11,65
1788429460.184457,iOS Bluetooth,210,56,0
1788429460.184457,iOS Bluetooth,210,0,0
1788429460.184457,iOS Bluetooth,227,124,64
1788429460.184457,iOS Bluetooth,211,19,0
1788429460.184457,iOS Bluetooth,211,0,0
1788429460.184457,iOS Bluetooth,228,62,63
1788429460.184457,iOS Bluetooth,228,0,0
1788429460.206615,iOS Bluetooth,229,58,63
1788429460.206615,iOS Bluetooth,213,88,0
1788429460.206615,iOS Bluetooth,213,0,0
1788429460.206615,iOS Bluetooth,230,93,62
1788429460.206615,iOS Bluetooth,214,49,0
1788429460.206615,iOS Bluetooth,214,0,0
1788429460.206615,iOS Bluetooth,214,0,0
1788429460.206615,iOS Bluetooth,214,0,0
1788429460.206615,iOS Bluetooth,214,0,0
1788429460.221689,iOS Bluetooth,215,38,0
1788429460.221689,iOS Bluetooth,215,0,0
1788429460.221689,iOS Bluetooth,237,21,65
1788429460.221689,iOS Bluetooth,221,6,0
1788429460.221689,iOS Bluetooth,221,0,0
1788429460.221689,iOS Bluetooth,238,113,64
1788429460.229577,iOS Bluetooth,239,94,62
1788429460.243779,iOS Bluetooth,223,5,0
1788429460.243779,iOS Bluetooth,223,0,0
1788429460.243779,iOS Bluetooth,225,112,63
1788429460.243779,iOS Bluetooth,209,39,0
1788429460.243779,iOS Bluetooth,209,0,0
1788429460.243779,iOS Bluetooth,209,0,0
1788429460.243779,iOS Bluetooth,209,0,0
1788429460.243779,iOS Bluetooth,209,0,0
1788429460.243779,iOS Bluetooth,210,52,0
1788429460.243779,iOS Bluetooth,210,0,0
1788429460.259455,iOS Bluetooth,227,106,64
1788429460.259455,iOS Bluetooth,211,15,0
1788429460.259455,iOS Bluetooth,211,0,0
1788429460.259455,iOS Bluetooth,228,41,63
1788429460.259455,iOS Bluetooth,228,0,0
1788429460.259455,iOS Bluetooth,228,0,34
1788429460.259455,iOS Bluetooth,228,39,63
1788429460.274425,iOS Bluetooth,213,72,0
1788429460.274425,iOS Bluetooth,213,0,0
1788429460.274425,iOS Bluetooth,230,98,62
1788429460.274425,iOS Bluetooth,230,0,0
1788429460.274425,iOS Bluetooth,230,0,0
1788429460.274425,iOS Bluetooth,230,0,0
1788429460.274425,iOS Bluetooth,215,22,0
1788429460.274425,iOS Bluetooth,215,0,0
1788429460.289616,iOS Bluetooth,237,29,65
1788429460.289616,iOS Bluetooth,221,10,0
1788429460.289616,iOS Bluetooth,221,0,0
1788429460.289616,iOS Bluetooth,221,0,0
1788429460.289616,iOS Bluetooth,221,0,0
1788429460.289616,iOS Bluetooth,221,0,0
1788429460.289616,iOS Bluetooth,221,0,0
1788429460.289616,iOS Bluetooth,221,0,0
1788429460.289616,iOS Bluetooth,221,0,0
1788429460.289616,iOS Bluetooth,239,99,62
1788429460.304413,iOS Bluetooth,223,2,0
1788429460.304413,iOS Bluetooth,223,0,0
1788429460.304413,iOS Bluetooth,225,3,64
1788429460.304413,iOS Bluetooth,225,0,0
1788429460.304413,iOS Bluetooth,225,0,0
1788429460.304413,iOS Bluetooth,225,0,0
1788429460.326865,iOS Bluetooth,210,48,0
1788429460.326865,iOS Bluetooth,210,0,0
1788429460.326865,iOS Bluetooth,227,89,64
1788429460.326865,iOS Bluetooth,211,11,0
1788429460.326865,iOS Bluetooth,211,0,0
1788429460.326865,iOS Bluetooth,211,0,0
1788429460.326865,iOS Bluetooth,211,0,0
1788429460.326865,iOS Bluetooth,211,0,0
1788429460.326865,iOS Bluetooth,211,0,0
1788429460.326865,iOS Bluetooth,211,0,0
1788429460.326865,iOS Bluetooth,211,0,0
1788429460.341465,iOS Bluetooth,229,19,63
1788429460.341465,iOS Bluetooth,213,59,0
1788429460.341465,iOS Bluetooth,213,0,0
1788429460.341465,iOS Bluetooth,230,105,62
1788429460.341465,iOS Bluetooth,214,52,0
1788429460.341465,iOS Bluetooth,214,0,0
1788429460.341465,iOS Bluetooth,231,14,64
1788429460.356438,iOS Bluetooth,215,16,0
1788429460.356438,iOS Bluetooth,215,0,0
1788429460.356438,iOS Bluetooth,237,34,65
1788429460.356438,iOS Bluetooth,221,15,0
1788429460.356438,iOS Bluetooth,221,0,0
1788429460.356438,iOS Bluetooth,238,74,64
1788429460.356438,iOS Bluetooth,222,86,0
1788429460.356438,iOS Bluetooth,222,0,0
1788429460.371513,iOS Bluetooth,239,109,62
1788429460.371513,iOS Bluetooth,223,0,0
1788429460.371513,iOS Bluetooth,223,0,0
1788429460.371513,iOS Bluetooth,225,26,64
1788429460.371513,iOS Bluetooth,209,66,0
1788429460.371513,iOS Bluetooth,209,0,0
1788429460.371513,iOS Bluetooth,226,35,65
1788429460.386633,iOS Bluetooth,210,44,0
1788429460.386633,iOS Bluetooth,210,0,0
1788429460.386633,iOS Bluetooth,227,68,64
1788429460.386633,iOS Bluetooth,211,5,0
1788429460.386633,iOS Bluetooth,211,0,0
1788429460.386633,iOS Bluetooth,228,5,63
1788429460.386633,iOS Bluetooth,228,0,0
1788429460.401430,iOS Bluetooth,229,3,63
1788429460.401430,iOS Bluetooth,213,48,0
1788429460.401430,iOS Bluetooth,213,0,0
1788429460.401430,iOS Bluetooth,221,0,0
1788429460.401430,iOS Bluetooth,221,0,0
1788429460.401430,iOS Bluetooth,141,72,64
1788429460.401430,iOS Bluetooth,232,0,64
1788429460.401430,iOS Bluetooth,152,72,96
1788429460.401430,iOS Bluetooth,230,117,62
1788429460.401430,iOS Bluetooth,214,54,0
1788429460.401430,iOS Bluetooth,214,0,0
1788429460.401430,iOS Bluetooth,214,0,0
1788429460.401430,iOS Bluetooth,214,0,0
1788429460.401430,iOS Bluetooth,214,0,0
1788429460.416492,iOS Bluetooth,215,12,0
1788429460.416492,iOS Bluetooth,215,0,0
1788429460.416492,iOS Bluetooth,232,37,65
1788429460.416492,iOS Bluetooth,216,19,0
1788429460.416492,iOS Bluetooth,216,0,0
1788429460.416492,iOS Bluetooth,237,36,65
1788429460.431490,iOS Bluetooth,222,101,0
1788429460.431490,iOS Bluetooth,222,0,0
1788429460.446444,iOS Bluetooth,239,122,62
1788429460.446444,iOS Bluetooth,225,49,64
1788429460.446444,iOS Bluetooth,209,80,0
1788429460.446444,iOS Bluetooth,209,0,0
1788429460.446444,iOS Bluetooth,209,0,0
1788429460.446444,iOS Bluetooth,209,0,0
1788429460.446444,iOS Bluetooth,209,0,0
1788429460.446444,iOS Bluetooth,210,40,0
1788429460.446444,iOS Bluetooth,210,0,0
1788429460.461450,iOS Bluetooth,227,42,64
1788429460.461450,iOS Bluetooth,211,1,0
1788429460.461450,iOS Bluetooth,211,0,0
1788429460.461450,iOS Bluetooth,228,120,62
1788429460.461450,iOS Bluetooth,228,0,0
1788429460.461450,iOS Bluetooth,228,0,106
1788429460.461450,iOS Bluetooth,228,118,62
1788429460.476427,iOS Bluetooth,213,37,0
1788429460.476427,iOS Bluetooth,213,0,0
1788429460.476427,iOS Bluetooth,230,2,63
1788429460.476427,iOS Bluetooth,230,0,0
1788429460.476427,iOS Bluetooth,230,0,0
1788429460.476427,iOS Bluetooth,230,0,0
1788429460.476427,iOS Bluetooth,215,6,0
1788429460.476427,iOS Bluetooth,215,0,0
1788429460.491646,iOS Bluetooth,232,36,65
1788429460.491646,iOS Bluetooth,216,25,0
1788429460.491646,iOS Bluetooth,216,0,0
1788429460.491646,iOS Bluetooth,216,0,0
1788429460.491646,iOS Bluetooth,216,0,0
1788429460.491646,iOS Bluetooth,216,0,0
1788429460.491646,iOS Bluetooth,216,0,0
1788429460.491646,iOS Bluetooth,216,0,0
1788429460.491646,iOS Bluetooth,216,0,0
1788429460.491646,iOS Bluetooth,239,6,63
1788429460.506522,iOS Bluetooth,223,1,0
1788429460.506522,iOS Bluetooth,223,0,0
1788429460.506522,iOS Bluetooth,225,70,64
1788429460.506522,iOS Bluetooth,225,0,0
1788429460.506522,iOS Bluetooth,225,0,0
1788429460.506522,iOS Bluetooth,225,0,0
1788429460.521656,iOS Bluetooth,210,36,0
1788429460.521656,iOS Bluetooth,210,0,0
1788429460.521656,iOS Bluetooth,227,18,64
1788429460.521656,iOS Bluetooth,211,0,0
1788429460.521656,iOS Bluetooth,211,0,0
1788429460.521656,iOS Bluetooth,211,0,0
1788429460.521656,iOS Bluetooth,211,0,0
1788429460.521656,iOS Bluetooth,211,0,0
1788429460.521656,iOS Bluetooth,211,0,0
1788429460.521656,iOS Bluetooth,211,0,0
1788429460.521656,iOS Bluetooth,211,0,0
1788429460.536570,iOS Bluetooth,229,106,62
1788429460.536570,iOS Bluetooth,213,29,0
1788429460.536570,iOS Bluetooth,213,0,0
1788429460.536570,iOS Bluetooth,230,17,63
1788429460.536570,iOS Bluetooth,214,58,0
1788429460.536570,iOS Bluetooth,214,0,0
1788429460.536570,iOS Bluetooth,231,85,64
1788429460.553651,iOS Bluetooth,215,2,0
1788429460.553651,iOS Bluetooth,215,0,0
1788429460.553651,iOS Bluetooth,232,32,65
1788429460.553651,iOS Bluetooth,216,32,0
1788429460.553651,iOS Bluetooth,216,0,0
1788429460.553651,iOS Bluetooth,238,8,64
1788429460.553651,iOS Bluetooth,222,99,0
1788429460.553651,iOS Bluetooth,222,0,0
1788429460.574511,iOS Bluetooth,239,24,63
1788429460.574511,iOS Bluetooth,223,5,0
1788429460.574511,iOS Bluetooth,223,0,0
1788429460.574511,iOS Bluetooth,225,92,64
1788429460.574511,iOS Bluetooth,209,71,0
1788429460.574511,iOS Bluetooth,209,0,0
1788429460.574511,iOS Bluetooth,226,30,65
1788429460.591638,iOS Bluetooth,210,32,0
1788429460.591638,iOS Bluetooth,210,0,0
1788429460.591638,iOS Bluetooth,227,0,64
1788429460.591638,iOS Bluetooth,228,99,62
1788429460.591638,iOS Bluetooth,212,42,0
1788429460.591638,iOS Bluetooth,212,0,0
1788429460.591638,iOS Bluetooth,212,0,0
1788429460.591638,iOS Bluetooth,212,0,0
1788429460.591638,iOS Bluetooth,212,0,0
1788429460.603702,iOS Bluetooth,213,22,0
1788429460.603702,iOS Bluetooth,213,0,0
1788429460.603702,iOS Bluetooth,230,35,63
1788429460.603702,iOS Bluetooth,176,118,41
1788429460.603702,iOS Bluetooth,214,61,0
1788429460.603702,iOS Bluetooth,214,0,0
1788429460.603702,iOS Bluetooth,231,103,64
1788429460.603702,iOS Bluetooth,231,0,0
1788429460.620945,iOS Bluetooth,232,25,65
1788429460.620945,iOS Bluetooth,216,38,0
1788429460.620945,iOS Bluetooth,216,0,0
1788429460.620945,iOS Bluetooth,238,115,63
1788429460.620945,iOS Bluetooth,222,91,0
1788429460.620945,iOS Bluetooth,222,0,0
1788429460.634409,iOS Bluetooth,223,12,0
1788429460.634409,iOS Bluetooth,223,0,0
1788429460.641950,iOS Bluetooth,225,109,64
1788429460.641950,iOS Bluetooth,209,65,0
1788429460.641950,iOS Bluetooth,209,0,0
1788429460.641950,iOS Bluetooth,226,23,65
1788429460.641950,iOS Bluetooth,226,0,0
1788429460.641950,iOS Bluetooth,226,0,34
1788429460.641950,iOS Bluetooth,226,115,63
1788429460.664555,iOS Bluetooth,211,4,0
1788429460.664555,iOS Bluetooth,211,0,0
1788429460.664555,iOS Bluetooth,228,94,62
1788429460.664555,iOS Bluetooth,212,44,0
1788429460.664555,iOS Bluetooth,212,0,0
1788429460.664555,iOS Bluetooth,212,0,0
1788429460.664555,iOS Bluetooth,212,0,0
1788429460.664555,iOS Bluetooth,212,0,0
1788429460.664555,iOS Bluetooth,213,16,0
1788429460.664555,iOS Bluetooth,213,0,0
1788429460.671538,iOS Bluetooth,230,56,63
1788429460.671538,iOS Bluetooth,214,65,0
1788429460.671538,iOS Bluetooth,214,0,0
1788429460.671538,iOS Bluetooth,214,0,0
1788429460.671538,iOS Bluetooth,214,0,0
1788429460.671538,iOS Bluetooth,214,0,0
1788429460.671538,iOS Bluetooth,214,0,0
1788429460.671538,iOS Bluetooth,214,0,0
1788429460.671538,iOS Bluetooth,214,0,0
1788429460.671538,iOS Bluetooth,232,15,65
1788429460.694777,iOS Bluetooth,216,45,0
1788429460.694777,iOS Bluetooth,216,0,0
1788429460.694777,iOS Bluetooth,238,93,63
1788429460.694777,iOS Bluetooth,238,0,0
1788429460.694777,iOS Bluetooth,238,0,0
1788429460.694777,iOS Bluetooth,238,0,0
1788429460.694777,iOS Bluetooth,223,21,0
1788429460.694777,iOS Bluetooth,223,0,0
1788429460.709418,iOS Bluetooth,225,125,64
1788429460.709418,iOS Bluetooth,209,61,0
1788429460.709418,iOS Bluetooth,209,0,0
1788429460.709418,iOS Bluetooth,209,0,0
1788429460.709418,iOS Bluetooth,209,0,0
1788429460.709418,iOS Bluetooth,209,0,0
1788429460.709418,iOS Bluetooth,209,0,0
1788429460.709418,iOS Bluetooth,209,0,0
1788429460.709418,iOS Bluetooth,209,0,0
1788429460.724538,iOS Bluetooth,227,88,63
1788429460.724538,iOS Bluetooth,211,10,0
1788429460.724538,iOS Bluetooth,211,0,0
1788429460.724538,iOS Bluetooth,228,92,62
1788429460.724538,iOS Bluetooth,228,0,0
1788429460.724538,iOS Bluetooth,228,0,0
1788429460.724538,iOS Bluetooth,228,0,0
1788429460.737758,iOS Bluetooth,213,10,0
1788429460.737758,iOS Bluetooth,213,0,0
1788429460.737758,iOS Bluetooth,230,78,63
1788429460.737758,iOS Bluetooth,214,57,0
1788429460.737758,iOS Bluetooth,214,0,0
1788429460.737758,iOS Bluetooth,214,0,0
1788429460.737758,iOS Bluetooth,214,0,0
1788429460.737758,iOS Bluetooth,214,0,0
1788429460.737758,iOS Bluetooth,214,0,0
1788429460.737758,iOS Bluetooth,214,0,0
1788429460.737758,iOS Bluetooth,214,0,0
1788429460.754535,iOS Bluetooth,232,1,65
1788429460.754535,iOS Bluetooth,216,53,0
1788429460.754535,iOS Bluetooth,216,0,0
1788429460.754535,iOS Bluetooth,238,69,63
1788429460.754535,iOS Bluetooth,222,72,0
1788429460.754535,iOS Bluetooth,222,0,0
1788429460.754535,iOS Bluetooth,239,88,63
1788429460.769685,iOS Bluetooth,223,30,0
1788429460.769685,iOS Bluetooth,223,0,0
1788429460.769685,iOS Bluetooth,225,10,65
1788429460.769685,iOS Bluetooth,209,56,0
1788429460.769685,iOS Bluetooth,209,0,0
1788429460.769685,iOS Bluetooth,226,126,64
1788429460.769685,iOS Bluetooth,210,20,0
1788429460.769685,iOS Bluetooth,210,0,0
1788429460.784433,iOS Bluetooth,227,65,63
1788429460.784433,iOS Bluetooth,211,19,0
1788429460.784433,iOS Bluetooth,211,0,0
1788429460.784433,iOS Bluetooth,212,48,0
1788429460.784433,iOS Bluetooth,212,0,0
1788429460.784433,iOS Bluetooth,213,7,0
1788429460.784433,iOS Bluetooth,213,0,0
1788429460.784433,iOS Bluetooth,213,0,0
1788429460.784433,iOS Bluetooth,213,0,0
1788429460.784433,iOS Bluetooth,213,0,0
1788429460.806492,iOS Bluetooth,214,42,0
1788429460.806492,iOS Bluetooth,214,0,0
1788429460.806492,iOS Bluetooth,231,17,65
1788429460.806492,iOS Bluetooth,215,5,0
1788429460.806492,iOS Bluetooth,215,0,0
1788429460.806492,iOS Bluetooth,232,117,64
1788429460.806492,iOS Bluetooth,232,0,0
1788429460.821681,iOS Bluetooth,238,51,63
1788429460.821681,iOS Bluetooth,222,57,0
1788429460.821681,iOS Bluetooth,222,0,0
1788429460.821681,iOS Bluetooth,239,109,63
1788429460.821681,iOS Bluetooth,223,37,0
1788429460.821681,iOS Bluetooth,223,0,0
1788429460.821681,iOS Bluetooth,223,0,0
1788429460.821681,iOS Bluetooth,223,0,0
1788429460.821681,iOS Bluetooth,223,0,0
1788429460.836646,iOS Bluetooth,209,53,0
1788429460.836646,iOS Bluetooth,209,0,0
1788429460.836646,iOS Bluetooth,226,111,64
1788429460.836646,iOS Bluetooth,210,16,0
1788429460.836646,iOS Bluetooth,210,0,0
1788429460.836646,iOS Bluetooth,227,46,63
1788429460.844424,iOS Bluetooth,228,96,62
1788429460.859509,iOS Bluetooth,212,50,0
1788429460.859509,iOS Bluetooth,212,0,0
1788429460.859509,iOS Bluetooth,229,96,62
1788429460.859509,iOS Bluetooth,213,3,0
1788429460.859509,iOS Bluetooth,213,0,0
1788429460.859509,iOS Bluetooth,213,0,0
1788429460.859509,iOS Bluetooth,213,0,0
1788429460.859509,iOS Bluetooth,213,0,0
1788429460.859509,iOS Bluetooth,214,25,0
1788429460.859509,iOS Bluetooth,214,0,0
1788429460.874257,iOS Bluetooth,231,27,65
1788429460.874257,iOS Bluetooth,215,9,0
1788429460.874257,iOS Bluetooth,215,0,0
1788429460.874257,iOS Bluetooth,215,0,0
1788429460.874257,iOS Bluetooth,215,0,0
1788429460.874257,iOS Bluetooth,215,0,0
1788429460.874257,iOS Bluetooth,215,0,0
1788429460.874257,iOS Bluetooth,215,0,0
1788429460.874257,iOS Bluetooth,215,0,0
1788429460.874257,iOS Bluetooth,238,32,63
1788429460.889819,iOS Bluetooth,222,38,0
1788429460.889819,iOS Bluetooth,222,0,0
1788429460.889819,iOS Bluetooth,239,126,63
1788429460.889819,iOS Bluetooth,239,0,0
1788429460.889819,iOS Bluetooth,239,0,0
1788429460.889819,iOS Bluetooth,239,0,0
1788429460.889819,iOS Bluetooth,209,49,0
1788429460.889819,iOS Bluetooth,209,0,0
1788429460.904763,iOS Bluetooth,226,93,64
1788429460.904763,iOS Bluetooth,210,12,0
1788429460.904763,iOS Bluetooth,210,0,0
1788429460.904763,iOS Bluetooth,210,0,0
1788429460.904763,iOS Bluetooth,210,0,0
1788429460.904763,iOS Bluetooth,210,0,0
1788429460.904763,iOS Bluetooth,210,0,0
1788429460.904763,iOS Bluetooth,210,0,0
1788429460.904763,iOS Bluetooth,210,0,0
1788429460.919426,iOS Bluetooth,228,103,62
1788429460.919426,iOS Bluetooth,212,52,0
1788429460.919426,iOS Bluetooth,212,0,0
1788429460.919426,iOS Bluetooth,229,103,62
1788429460.919426,iOS Bluetooth,229,0,0
1788429460.919426,iOS Bluetooth,229,0,0
1788429460.919426,iOS Bluetooth,229,0,0
1788429460.941636,iOS Bluetooth,214,17,0
1788429460.941636,iOS Bluetooth,214,0,0
1788429460.941636,iOS Bluetooth,231,33,65
1788429460.941636,iOS Bluetooth,215,13,0
1788429460.941636,iOS Bluetooth,215,0,0
1788429460.941636,iOS Bluetooth,215,0,0
1788429460.941636,iOS Bluetooth,215,0,0
1788429460.941636,iOS Bluetooth,215,0,0
1788429460.941636,iOS Bluetooth,215,0,0
1788429460.941636,iOS Bluetooth,215,0,0
1788429460.941636,iOS Bluetooth,215,0,0
1788429460.956725,iOS Bluetooth,238,13,63
1788429460.956725,iOS Bluetooth,222,25,0
1788429460.956725,iOS Bluetooth,222,0,0
1788429460.956725,iOS Bluetooth,239,21,64
1788429460.956725,iOS Bluetooth,223,62,0
1788429460.956725,iOS Bluetooth,223,0,0
1788429460.956725,iOS Bluetooth,225,34,65
1788429460.971439,iOS Bluetooth,209,45,0
1788429460.971439,iOS Bluetooth,209,0,0
1788429460.971439,iOS Bluetooth,226,74,64
1788429460.971439,iOS Bluetooth,210,6,0
1788429460.971439,iOS Bluetooth,210,0,0
1788429460.971439,iOS Bluetooth,227,9,63
1788429460.971439,iOS Bluetooth,211,33,0
1788429460.971439,iOS Bluetooth,211,0,0
1788429460.987258,iOS Bluetooth,228,113,62
1788429460.987258,iOS Bluetooth,212,53,0
1788429460.987258,iOS Bluetooth,212,0,0
1788429460.987258,iOS Bluetooth,229,114,62
1788429460.987258,iOS Bluetooth,213,0,0
1788429460.987258,iOS Bluetooth,213,0,0
1788429460.987258,iOS Bluetooth,213,0,0
1788429460.987258,iOS Bluetooth,213,0,0
1788429460.987258,iOS Bluetooth,213,0,0
1788429461.003175,iOS Bluetooth,214,13,0
1788429461.003175,iOS Bluetooth,214,0,0
1788429461.003175,iOS Bluetooth,231,36,65
1788429461.003175,iOS Bluetooth,222,0,0
1788429461.003175,iOS Bluetooth,222,0,0
1788429461.003175,iOS Bluetooth,142,75,64
1788429461.003175,iOS Bluetooth,233,0,64
1788429461.003175,iOS Bluetooth,153,75,96
1788429461.003175,iOS Bluetooth,215,18,0
1788429461.003175,iOS Bluetooth,215,0,0
1788429461.003175,iOS Bluetooth,232,59,64
1788429461.003175,iOS Bluetooth,232,0,0
1788429461.016742,iOS Bluetooth,233,126,62
1788429461.016742,iOS Bluetooth,217,16,0
1788429461.016742,iOS Bluetooth,217,0,0
1788429461.016742,iOS Bluetooth,238,2,63
1788429461.016742,iOS Bluetooth,239,43,64
1788429461.016742,iOS Bluetooth,239,0,0
1788429461.031671,iOS Bluetooth,225,37,65
1788429461.031671,iOS Bluetooth,209,41,0
1788429461.031671,iOS Bluetooth,209,0,0
1788429461.031671,iOS Bluetooth,226,48,64
1788429461.031671,iOS Bluetooth,210,2,0
1788429461.031671,iOS Bluetooth,210,0,0
1788429461.047393,iOS Bluetooth,211,36,0
1788429461.047393,iOS Bluetooth,211,0,0
1788429461.063182,iOS Bluetooth,228,127,62
1788429461.063182,iOS Bluetooth,212,55,0
1788429461.063182,iOS Bluetooth,212,0,0
1788429461.063182,iOS Bluetooth,229,127,62
1788429461.063182,iOS Bluetooth,229,0,0
1788429461.063182,iOS Bluetooth,229,0,66
1788429461.063182,iOS Bluetooth,229,8,0
1788429461.078460,iOS Bluetooth,215,23,0
1788429461.078460,iOS Bluetooth,215,0,0
1788429461.078460,iOS Bluetooth,232,38,64
1788429461.078460,iOS Bluetooth,232,0,0
1788429461.078460,iOS Bluetooth,232,0,0
1788429461.078460,iOS Bluetooth,232,0,0
1788429461.078460,iOS Bluetooth,217,10,0
1788429461.078460,iOS Bluetooth,217,0,0
1788429461.093485,iOS Bluetooth,239,65,64
1788429461.093485,iOS Bluetooth,223,82,0
1788429461.093485,iOS Bluetooth,223,0,0
1788429461.093485,iOS Bluetooth,223,0,0
1788429461.093485,iOS Bluetooth,223,0,0
1788429461.093485,iOS Bluetooth,223,0,0
1788429461.093485,iOS Bluetooth,223,0,0
1788429461.093485,iOS Bluetooth,223,0,0
1788429461.093485,iOS Bluetooth,223,0,0
1788429461.093485,iOS Bluetooth,226,27,64
1788429461.108439,iOS Bluetooth,210,0,0
1788429461.108439,iOS Bluetooth,210,0,0
1788429461.108439,iOS Bluetooth,227,111,62
1788429461.108439,iOS Bluetooth,227,0,0
1788429461.108439,iOS Bluetooth,227,0,0
1788429461.108439,iOS Bluetooth,227,0,0
1788429461.122260,iOS Bluetooth,212,57,0
1788429461.122260,iOS Bluetooth,212,0,0
1788429461.122260,iOS Bluetooth,229,13,63
1788429461.122260,iOS Bluetooth,213,2,0
1788429461.122260,iOS Bluetooth,213,0,0
1788429461.122260,iOS Bluetooth,213,0,0
1788429461.122260,iOS Bluetooth,213,0,0
1788429461.122260,iOS Bluetooth,213,0,0
1788429461.122260,iOS Bluetooth,213,0,0
1788429461.122260,iOS Bluetooth,213,0,0
1788429461.122260,iOS Bluetooth,213,0,0
1788429461.138526,iOS Bluetooth,231,33,65
1788429461.138526,iOS Bluetooth,215,29,0
1788429461.138526,iOS Bluetooth,215,0,0
1788429461.138526,iOS Bluetooth,215,0,0
1788429461.138526,iOS Bluetooth,215,0,0
1788429461.138526,iOS Bluetooth,215,0,0
1788429461.138526,iOS Bluetooth,215,0,0
1788429461.138526,iOS Bluetooth,215,0,0
1788429461.138526,iOS Bluetooth,215,0,0
1788429461.138526,iOS Bluetooth,215,0,0
1788429461.138526,iOS Bluetooth,215,0,0
1788429461.138526,iOS Bluetooth,215,0,0
1788429461.153532,iOS Bluetooth,217,5,0
1788429461.153532,iOS Bluetooth,217,0,0
1788429461.153532,iOS Bluetooth,239,85,64
1788429461.153532,iOS Bluetooth,223,73,0
1788429461.153532,iOS Bluetooth,223,0,0
1788429461.153532,iOS Bluetooth,225,32,65
1788429461.153532,iOS Bluetooth,209,34,0
1788429461.153532,iOS Bluetooth,209,0,0
1788429461.174527,iOS Bluetooth,226,0,64
1788429461.174527,iOS Bluetooth,227,102,62
1788429461.174527,iOS Bluetooth,211,41,0
1788429461.174527,iOS Bluetooth,211,0,0
1788429461.174527,iOS Bluetooth,228,28,63
1788429461.174527,iOS Bluetooth,212,59,0
1788429461.174527,iOS Bluetooth,212,0,0
1788429461.189584,iOS Bluetooth,229,30,63
1788429461.189584,iOS Bluetooth,213,6,0
1788429461.189584,iOS Bluetooth,213,0,0
1788429461.189584,iOS Bluetooth,230,98,64
1788429461.189584,iOS Bluetooth,214,0,0
1788429461.189584,iOS Bluetooth,214,0,0
1788429461.189584,iOS Bluetooth,214,0,0
1788429461.189584,iOS Bluetooth,214,0,0
1788429461.189584,iOS Bluetooth,214,0,0
1788429461.204410,iOS Bluetooth,215,36,0
1788429461.204410,iOS Bluetooth,215,0,0
1788429461.204410,iOS Bluetooth,232,122,63
1788429461.204410,iOS Bluetooth,216,93,0
1788429461.204410,iOS Bluetooth,216,0,0
1788429461.204410,iOS Bluetooth,233,97,62
1788429461.204410,iOS Bluetooth,233,0,0
1788429461.219749,iOS Bluetooth,239,103,64
1788429461.219749,iOS Bluetooth,223,67,0
1788429461.219749,iOS Bluetooth,223,0,0
1788429461.219749,iOS Bluetooth,225,25,65
1788429461.219749,iOS Bluetooth,209,30,0
1788429461.219749,iOS Bluetooth,209,0,0
1788429461.219749,iOS Bluetooth,209,0,0
1788429461.219749,iOS Bluetooth,209,0,0
1788429461.219749,iOS Bluetooth,209,0,0
1788429461.234419,iOS Bluetooth,210,2,0
1788429461.234419,iOS Bluetooth,210,0,0
1788429461.234419,iOS Bluetooth,227,95,62
1788429461.234419,iOS Bluetooth,211,44,0
1788429461.234419,iOS Bluetooth,211,0,0
1788429461.234419,iOS Bluetooth,228,46,63
1788429461.249559,iOS Bluetooth,229,49,63
1788429461.256336,iOS Bluetooth,213,16,0
1788429461.256336,iOS Bluetooth,213,0,0
1788429461.256336,iOS Bluetooth,230,115,64
1788429461.256336,iOS Bluetooth,231,19,65
1788429461.256336,iOS Bluetooth,231,0,0
1788429461.256336,iOS Bluetooth,231,0,10
1788429461.256336,iOS Bluetooth,231,101,63
1788429461.271452,iOS Bluetooth,216,84,0
1788429461.271452,iOS Bluetooth,216,0,0
1788429461.271452,iOS Bluetooth,233,93,62
1788429461.271452,iOS Bluetooth,233,0,0
1788429461.271452,iOS Bluetooth,233,0,0
1788429461.271452,iOS Bluetooth,233,0,0
1788429461.271452,iOS Bluetooth,223,62,0
1788429461.271452,iOS Bluetooth,223,0,0
1788429461.294523,iOS Bluetooth,225,15,65
1788429461.294523,iOS Bluetooth,209,26,0
1788429461.294523,iOS Bluetooth,209,0,0
1788429461.294523,iOS Bluetooth,209,0,0
1788429461.294523,iOS Bluetooth,209,0,0
1788429461.294523,iOS Bluetooth,209,0,0
1788429461.294523,iOS Bluetooth,209,0,0
1788429461.294523,iOS Bluetooth,209,0,0
1788429461.294523,iOS Bluetooth,209,0,0
1788429461.294523,iOS Bluetooth,227,92,62
1788429461.309433,iOS Bluetooth,211,46,0
1788429461.309433,iOS Bluetooth,211,0,0
1788429461.309433,iOS Bluetooth,228,67,63
1788429461.309433,iOS Bluetooth,228,0,0
1788429461.309433,iOS Bluetooth,228,0,0
1788429461.309433,iOS Bluetooth,228,0,0
1788429461.324558,iOS Bluetooth,213,24,0
1788429461.324558,iOS Bluetooth,213,0,0
1788429461.324558,iOS Bluetooth,230,2,65
1788429461.324558,iOS Bluetooth,214,2,0
1788429461.324558,iOS Bluetooth,214,0,0
1788429461.324558,iOS Bluetooth,214,0,0
1788429461.324558,iOS Bluetooth,214,0,0
1788429461.324558,iOS Bluetooth,214,0,0
1788429461.324558,iOS Bluetooth,214,0,0
1788429461.324558,iOS Bluetooth,214,0,0
1788429461.324558,iOS Bluetooth,214,0,0
1788429461.339477,iOS Bluetooth,232,77,63
1788429461.339477,iOS Bluetooth,216,76,0
1788429461.339477,iOS Bluetooth,216,0,0
1788429461.339477,iOS Bluetooth,233,91,62
1788429461.339477,iOS Bluetooth,233,0,0
1788429461.339477,iOS Bluetooth,233,0,0
1788429461.339477,iOS Bluetooth,233,0,0
1788429461.354559,iOS Bluetooth,225,3,65
1788429461.354559,iOS Bluetooth,209,22,0
1788429461.354559,iOS Bluetooth,209,0,0
1788429461.354559,iOS Bluetooth,226,73,63
1788429461.354559,iOS Bluetooth,210,15,0
1788429461.354559,iOS Bluetooth,210,0,0
1788429461.354559,iOS Bluetooth,211,47,0
1788429461.354559,iOS Bluetooth,211,0,0
1788429461.369700,iOS Bluetooth,228,90,63
1788429461.369700,iOS Bluetooth,212,49,0
1788429461.369700,iOS Bluetooth,212,0,0
1788429461.369700,iOS Bluetooth,229,93,63
1788429461.369700,iOS Bluetooth,213,31,0
1788429461.369700,iOS Bluetooth,213,0,0
1788429461.369700,iOS Bluetooth,230,13,65
1788429461.384367,iOS Bluetooth,214,4,0
1788429461.384367,iOS Bluetooth,214,0,0
1788429461.384367,iOS Bluetooth,231,122,64
1788429461.384367,iOS Bluetooth,215,58,0
1788429461.384367,iOS Bluetooth,215,0,0
1788429461.384367,iOS Bluetooth,232,58,63
1788429461.384367,iOS Bluetooth,232,0,0
1788429461.406522,iOS Bluetooth,233,93,62
1788429461.406522,iOS Bluetooth,217,1,0
1788429461.406522,iOS Bluetooth,217,0,0
1788429461.406522,iOS Bluetooth,239,17,65
1788429461.406522,iOS Bluetooth,223,54,0
1788429461.406522,iOS Bluetooth,223,0,0
1788429461.406522,iOS Bluetooth,223,0,0
1788429461.406522,iOS Bluetooth,223,0,0
1788429461.406522,iOS Bluetooth,223,0,0
1788429461.421637,iOS Bluetooth,209,17,0
1788429461.421637,iOS Bluetooth,209,0,0
1788429461.421637,iOS Bluetooth,226,53,63
1788429461.421637,iOS Bluetooth,210,25,0
1788429461.421637,iOS Bluetooth,210,0,0
1788429461.421637,iOS Bluetooth,227,94,62
1788429461.421637,iOS Bluetooth,227,0,0
1788429461.436710,iOS Bluetooth,228,112,63
1788429461.436710,iOS Bluetooth,212,32,0
1788429461.436710,iOS Bluetooth,212,0,0
1788429461.436710,iOS Bluetooth,229,114,63
1788429461.436710,iOS Bluetooth,213,39,0
1788429461.436710,iOS Bluetooth,213,0,0
1788429461.444500,iOS Bluetooth,214,7,0
1788429461.444500,iOS Bluetooth,214,0,0
1788429461.459887,iOS Bluetooth,231,104,64
1788429461.459887,iOS Bluetooth,215,68,0
1788429461.459887,iOS Bluetooth,215,0,0
1788429461.459887,iOS Bluetooth,232,39,63
1788429461.459887,iOS Bluetooth,232,0,0
1788429461.459887,iOS Bluetooth,232,0,82
1788429461.459887,iOS Bluetooth,232,98,62
1788429461.474755,iOS Bluetooth,217,3,0
1788429461.474755,iOS Bluetooth,217,0,0
1788429461.474755,iOS Bluetooth,239,26,65
1788429461.474755,iOS Bluetooth,239,0,0
1788429461.474755,iOS Bluetooth,239,0,0
1788429461.474755,iOS Bluetooth,239,0,0
1788429461.474755,iOS Bluetooth,209,13,0
1788429461.474755,iOS Bluetooth,209,0,0
1788429461.489310,iOS Bluetooth,226,32,63
1788429461.489310,iOS Bluetooth,210,28,0
1788429461.489310,iOS Bluetooth,210,0,0
1788429461.489310,iOS Bluetooth,210,0,0
1788429461.489310,iOS Bluetooth,210,0,0
1788429461.489310,iOS Bluetooth,210,0,0
1788429461.489310,iOS Bluetooth,210,0,0
1788429461.489310,iOS Bluetooth,210,0,0
1788429461.489310,iOS Bluetooth,210,0,0
1788429461.489310,iOS Bluetooth,228,2,64
1788429461.504641,iOS Bluetooth,212,18,0
1788429461.504641,iOS Bluetooth,212,0,0
1788429461.504641,iOS Bluetooth,229,5,64
1788429461.504641,iOS Bluetooth,229,0,0
1788429461.504641,iOS Bluetooth,229,0,0
1788429461.504641,iOS Bluetooth,229,0,0
1788429461.526358,iOS Bluetooth,214,12,0
1788429461.526358,iOS Bluetooth,214,0,0
1788429461.526358,iOS Bluetooth,231,86,64
1788429461.526358,iOS Bluetooth,215,79,0
1788429461.526358,iOS Bluetooth,215,0,0
1788429461.526358,iOS Bluetooth,215,0,0
1788429461.526358,iOS Bluetooth,215,0,0
1788429461.526358,iOS Bluetooth,215,0,0
1788429461.526358,iOS Bluetooth,215,0,0
1788429461.526358,iOS Bluetooth,215,0,0
1788429461.526358,iOS Bluetooth,215,0,0
1788429461.541450,iOS Bluetooth,233,106,62
1788429461.541450,iOS Bluetooth,217,6,0
1788429461.541450,iOS Bluetooth,217,0,0
1788429461.541450,iOS Bluetooth,239,32,65
1788429461.541450,iOS Bluetooth,239,0,0
1788429461.541450,iOS Bluetooth,239,0,0
1788429461.541450,iOS Bluetooth,239,0,0
1788429461.556389,iOS Bluetooth,209,9,0
1788429461.556389,iOS Bluetooth,209,0,0
1788429461.556389,iOS Bluetooth,226,15,63
1788429461.556389,iOS Bluetooth,210,32,0
1788429461.556389,iOS Bluetooth,210,0,0
1788429461.556389,iOS Bluetooth,227,109,62
1788429461.556389,iOS Bluetooth,211,53,0
1788429461.556389,iOS Bluetooth,211,0,0
1788429461.571529,iOS Bluetooth,228,23,64
1788429461.571529,iOS Bluetooth,212,16,0
1788429461.571529,iOS Bluetooth,212,0,0
1788429461.571529,iOS Bluetooth,229,29,64
1788429461.571529,iOS Bluetooth,213,66,0
1788429461.571529,iOS Bluetooth,213,0,0
1788429461.571529,iOS Bluetooth,230,35,65
1788429461.586474,iOS Bluetooth,214,16,0
1788429461.586474,iOS Bluetooth,214,0,0
1788429461.586474,iOS Bluetooth,231,67,64
1788429461.586474,iOS Bluetooth,215,93,0
1788429461.586474,iOS Bluetooth,215,0,0
1788429461.586474,iOS Bluetooth,232,3,63
1788429461.586474,iOS Bluetooth,232,0,0
1788429461.601466,iOS Bluetooth,213,0,0
1788429461.601466,iOS Bluetooth,213,0,0
1788429461.601466,iOS Bluetooth,133,48,64
1788429461.601466,iOS Bluetooth,234,0,64
1788429461.601466,iOS Bluetooth,154,48,96
1788429461.601466,iOS Bluetooth,233,117,62
1788429461.601466,iOS Bluetooth,217,12,0
1788429461.601466,iOS Bluetooth,217,0,0
1788429461.601466,iOS Bluetooth,176,118,42
1788429461.601466,iOS Bluetooth,234,40,64
1788429461.601466,iOS Bluetooth,218,73,0
1788429461.601466,iOS Bluetooth,218,0,0
1788429461.601466,iOS Bluetooth,218,0,0
1788429461.601466,iOS Bluetooth,218,0,0
1788429461.601466,iOS Bluetooth,218,0,0
1788429461.616436,iOS Bluetooth,223,42,0
1788429461.616436,iOS Bluetooth,223,0,0
1788429461.616436,iOS Bluetooth,225,54,64
1788429461.616436,iOS Bluetooth,209,3,0
1788429461.616436,iOS Bluetooth,209,0,0
1788429461.616436,iOS Bluetooth,226,126,62
1788429461.631428,iOS Bluetooth,227,121,62
1788429461.639341,iOS Bluetooth,211,55,0
1788429461.639341,iOS Bluetooth,211,0,0
1788429461.639341,iOS Bluetooth,228,49,64
1788429461.639341,iOS Bluetooth,212,10,0
1788429461.639341,iOS Bluetooth,212,0,0
1788429461.639341,iOS Bluetooth,212,0,0
1788429461.639341,iOS Bluetooth,212,0,0
1788429461.639341,iOS Bluetooth,212,0,0
1788429461.639341,iOS Bluetooth,230,37,65
1788429461.661542,iOS Bluetooth,214,22,0
1788429461.661542,iOS Bluetooth,214,0,0
1788429461.661542,iOS Bluetooth,231,43,64
1788429461.661542,iOS Bluetooth,215,107,0
1788429461.661542,iOS Bluetooth,215,0,0
1788429461.661542,iOS Bluetooth,215,0,0
1788429461.661542,iOS Bluetooth,215,0,0
1788429461.661542,iOS Bluetooth,215,0,0
1788429461.661542,iOS Bluetooth,216,11,0
1788429461.661542,iOS Bluetooth,216,0,0
1788429461.677036,iOS Bluetooth,233,4,63
1788429461.677036,iOS Bluetooth,217,20,0
1788429461.677036,iOS Bluetooth,217,0,0
1788429461.677036,iOS Bluetooth,217,0,0
1788429461.677036,iOS Bluetooth,217,0,0
1788429461.677036,iOS Bluetooth,217,0,0
1788429461.677036,iOS Bluetooth,217,0,0
1788429461.677036,iOS Bluetooth,217,0,0
1788429461.677036,iOS Bluetooth,217,0,0
1788429461.677036,iOS Bluetooth,223,39,0
1788429461.677036,iOS Bluetooth,223,0,0
1788429461.691511,iOS Bluetooth,225,30,64
1788429461.691511,iOS Bluetooth,209,0,0
1788429461.691511,iOS Bluetooth,209,0,0
1788429461.691511,iOS Bluetooth,209,0,0
1788429461.691511,iOS Bluetooth,209,0,0
1788429461.691511,iOS Bluetooth,209,0,0
1788429461.691511,iOS Bluetooth,209,0,0
1788429461.691511,iOS Bluetooth,209,0,0
1788429461.691511,iOS Bluetooth,209,0,0
1788429461.691511,iOS Bluetooth,227,8,63
1788429461.714484,iOS Bluetooth,211,57,0
1788429461.714484,iOS Bluetooth,211,0,0
1788429461.714484,iOS Bluetooth,228,72,64
1788429461.714484,iOS Bluetooth,228,0,0
1788429461.714484,iOS Bluetooth,228,0,0
1788429461.714484,iOS Bluetooth,228,0,0
1788429461.721568,iOS Bluetooth,214,28,0
1788429461.721568,iOS Bluetooth,214,0,0
1788429461.721568,iOS Bluetooth,231,21,64
1788429461.721568,iOS Bluetooth,215,104,0
1788429461.721568,iOS Bluetooth,215,0,0
1788429461.721568,iOS Bluetooth,215,0,0
1788429461.721568,iOS Bluetooth,215,0,0
1788429461.721568,iOS Bluetooth,215,0,0
1788429461.721568,iOS Bluetooth,215,0,0
1788429461.721568,iOS Bluetooth,215,0,0
1788429461.721568,iOS Bluetooth,215,0,0
1788429461.736494,iOS Bluetooth,233,19,63
1788429461.736494,iOS Bluetooth,217,30,0
1788429461.736494,iOS Bluetooth,217,0,0
1788429461.736494,iOS Bluetooth,234,82,64
1788429461.736494,iOS Bluetooth,234,0,0
1788429461.736494,iOS Bluetooth,234,0,0
1788429461.736494,iOS Bluetooth,234,0,0
1788429461.751744,iOS Bluetooth,223,34,0
1788429461.751744,iOS Bluetooth,223,0,0
1788429461.751744,iOS Bluetooth,225,6,64
1788429461.751744,iOS Bluetooth,226,103,62
1788429461.751744,iOS Bluetooth,210,41,0
1788429461.751744,iOS Bluetooth,210,0,0
1788429461.751744,iOS Bluetooth,227,24,63
1788429461.774761,iOS Bluetooth,211,59,0
1788429461.774761,iOS Bluetooth,211,0,0
1788429461.774761,iOS Bluetooth,228,92,64
1788429461.774761,iOS Bluetooth,212,1,0
1788429461.774761,iOS Bluetooth,212,0,0
1788429461.774761,iOS Bluetooth,230,29,65
1788429461.774761,iOS Bluetooth,214,33,0
1788429461.774761,iOS Bluetooth,214,0,0
1788429461.789577,iOS Bluetooth,231,0,64
1788429461.789577,iOS Bluetooth,215,96,0
1788429461.789577,iOS Bluetooth,215,0,0
1788429461.789577,iOS Bluetooth,232,98,62
1788429461.789577,iOS Bluetooth,216,3,0
1788429461.789577,iOS Bluetooth,216,0,0
1788429461.789577,iOS Bluetooth,216,0,0
1788429461.789577,iOS Bluetooth,216,0,0
1788429461.789577,iOS Bluetooth,216,0,0
1788429461.804541,iOS Bluetooth,217,44,0
1788429461.804541,iOS Bluetooth,217,0,0
1788429461.804541,iOS Bluetooth,234,101,64
1788429461.804541,iOS Bluetooth,218,68,0
1788429461.804541,iOS Bluetooth,218,0,0
1788429461.804541,iOS Bluetooth,239,27,65
1788429461.804541,iOS Bluetooth,239,0,0
1788429461.819664,iOS Bluetooth,225,127,63
1788429461.819664,iOS Bluetooth,226,97,62
1788429461.819664,iOS Bluetooth,210,43,0
1788429461.819664,iOS Bluetooth,210,0,0
1788429461.819664,iOS Bluetooth,227,42,63
1788429461.819664,iOS Bluetooth,227,0,0
1788429461.834684,iOS Bluetooth,228,109,64
1788429461.834684,iOS Bluetooth,212,0,0
1788429461.834684,iOS Bluetooth,212,0,0
1788429461.834684,iOS Bluetooth,230,22,65
1788429461.834684,iOS Bluetooth,214,40,0
1788429461.834684,iOS Bluetooth,214,0,0
1788429461.849358,iOS Bluetooth,215,88,0
1788429461.849358,iOS Bluetooth,215,0,0
1788429461.856554,iOS Bluetooth,232,93,62
1788429461.856554,iOS Bluetooth,216,1,0
1788429461.856554,iOS Bluetooth,216,0,0
1788429461.856554,iOS Bluetooth,233,54,63
1788429461.856554,iOS Bluetooth,233,0,0
1788429461.856554,iOS Bluetooth,233,0,98
1788429461.856554,iOS Bluetooth,233,117,64
1788429461.871575,iOS Bluetooth,218,63,0
1788429461.871575,iOS Bluetooth,218,0,0
1788429461.871575,iOS Bluetooth,239,18,65
1788429461.871575,iOS Bluetooth,239,0,0
1788429461.871575,iOS Bluetooth,239,0,0
1788429461.871575,iOS Bluetooth,239,0,0
1788429461.871575,iOS Bluetooth,209,6,0
1788429461.871575,iOS Bluetooth,209,0,0
1788429461.894495,iOS Bluetooth,226,92,62
1788429461.894495,iOS Bluetooth,210,45,0
1788429461.894495,iOS Bluetooth,210,0,0
1788429461.894495,iOS Bluetooth,210,0,0
1788429461.894495,iOS Bluetooth,210,0,0
1788429461.894495,iOS Bluetooth,210,0,0
1788429461.894495,iOS Bluetooth,210,0,0
1788429461.894495,iOS Bluetooth,210,0,0
1788429461.894495,iOS Bluetooth,210,0,0
1788429461.894495,iOS Bluetooth,228,125,64
1788429461.909497,iOS Bluetooth,212,1,0
1788429461.909497,iOS Bluetooth,212,0,0
1788429461.909497,iOS Bluetooth,230,11,65
1788429461.909497,iOS Bluetooth,230,0,0
1788429461.909497,iOS Bluetooth,230,0,0
1788429461.909497,iOS Bluetooth,230,0,0
1788429461.924579,iOS Bluetooth,215,78,0
1788429461.924579,iOS Bluetooth,215,0,0
1788429461.924579,iOS Bluetooth,232,91,62
1788429461.924579,iOS Bluetooth,216,0,0
1788429461.924579,iOS Bluetooth,216,0,0
1788429461.924579,iOS Bluetooth,216,0,0
1788429461.924579,iOS Bluetooth,216,0,0
1788429461.924579,iOS Bluetooth,216,0,0
1788429461.924579,iOS Bluetooth,216,0,0
1788429461.924579,iOS Bluetooth,216,0,0
1788429461.924579,iOS Bluetooth,216,0,0
1788429461.939512,iOS Bluetooth,234,5,65
1788429461.939512,iOS Bluetooth,218,59,0
1788429461.939512,iOS Bluetooth,218,0,0
1788429461.939512,iOS Bluetooth,239,7,65
1788429461.939512,iOS Bluetooth,239,0,0
1788429461.939512,iOS Bluetooth,239,0,0
1788429461.939512,iOS Bluetooth,239,0,0
1788429461.954505,iOS Bluetooth,209,14,0
1788429461.954505,iOS Bluetooth,209,0,0
1788429461.954505,iOS Bluetooth,226,91,62
1788429461.954505,iOS Bluetooth,210,47,0
1788429461.954505,iOS Bluetooth,210,0,0
1788429461.954505,iOS Bluetooth,227,87,63
1788429461.954505,iOS Bluetooth,211,51,0
1788429461.954505,iOS Bluetooth,211,0,0
1788429461.968654,iOS Bluetooth,228,11,65
1788429461.968654,iOS Bluetooth,212,3,0
1788429461.968654,iOS Bluetooth,212,0,0
1788429461.968654,iOS Bluetooth,230,124,64
1788429461.968654,iOS Bluetooth,214,56,0
1788429461.968654,iOS Bluetooth,214,0,0
1788429461.968654,iOS Bluetooth,231,63,63
1788429461.984584,iOS Bluetooth,215,67,0
1788429461.984584,iOS Bluetooth,215,0,0
1788429461.984584,iOS Bluetooth,232,92,62
1788429461.984584,iOS Bluetooth,216,1,0
1788429461.984584,iOS Bluetooth,216,0,0
1788429461.984584,iOS Bluetooth,233,99,63
1788429461.984584,iOS Bluetooth,233,0,0
1788429462.006424,iOS Bluetooth,234,17,65
1788429462.006424,iOS Bluetooth,218,55,0
1788429462.006424,iOS Bluetooth,218,0,0
1788429462.006424,iOS Bluetooth,239,119,64
1788429462.006424,iOS Bluetooth,223,18,0
1788429462.006424,iOS Bluetooth,223,0,0
1788429462.006424,iOS Bluetooth,223,0,0
1788429462.006424,iOS Bluetooth,223,0,0
1788429462.006424,iOS Bluetooth,223,0,0
1788429462.021703,iOS Bluetooth,209,24,0
1788429462.021703,iOS Bluetooth,209,0,0
1788429462.021703,iOS Bluetooth,226,94,62
1788429462.021703,iOS Bluetooth,210,49,0
1788429462.021703,iOS Bluetooth,210,0,0
1788429462.021703,iOS Bluetooth,227,109,63
1788429462.030267,iOS Bluetooth,228,22,65
1788429462.045214,iOS Bluetooth,212,7,0
1788429462.045214,iOS Bluetooth,212,0,0
1788429462.045214,iOS Bluetooth,230,109,64
1788429462.045214,iOS Bluetooth,214,65,0
1788429462.045214,iOS Bluetooth,214,0,0
1788429462.045214,iOS Bluetooth,214,0,0
1788429462.045214,iOS Bluetooth,214,0,0
1788429462.045214,iOS Bluetooth,214,0,0
1788429462.045214,iOS Bluetooth,215,48,0
1788429462.045214,iOS Bluetooth,215,0,0
1788429462.060257,iOS Bluetooth,232,97,62
1788429462.060257,iOS Bluetooth,216,2,0
1788429462.060257,iOS Bluetooth,216,0,0
1788429462.060257,iOS Bluetooth,233,120,63
1788429462.060257,iOS Bluetooth,233,0,0
1788429462.060257,iOS Bluetooth,233,0,42
1788429462.060257,iOS Bluetooth,233,26,65
1788429462.075397,iOS Bluetooth,218,50,0
1788429462.075397,iOS Bluetooth,218,0,0
1788429462.075397,iOS Bluetooth,239,102,64
1788429462.075397,iOS Bluetooth,239,0,0
1788429462.075397,iOS Bluetooth,239,0,0
1788429462.075397,iOS Bluetooth,239,0,0
1788429462.075397,iOS Bluetooth,209,28,0
1788429462.075397,iOS Bluetooth,209,0,0
1788429462.091785,iOS Bluetooth,226,99,62
1788429462.091785,iOS Bluetooth,210,51,0
1788429462.091785,iOS Bluetooth,210,0,0
1788429462.091785,iOS Bluetooth,210,0,0
1788429462.091785,iOS Bluetooth,210,0,0
1788429462.091785,iOS Bluetooth,210,0,0
1788429462.091785,iOS Bluetooth,210,0,0
1788429462.091785,iOS Bluetooth,210,0,0
1788429462.091785,iOS Bluetooth,210,0,0
1788429462.091785,iOS Bluetooth,228,30,65
1788429462.106648,iOS Bluetooth,212,11,0
1788429462.106648,iOS Bluetooth,212,0,0
1788429462.106648,iOS Bluetooth,230,91,64
1788429462.106648,iOS Bluetooth,230,0,0
1788429462.106648,iOS Bluetooth,230,0,0
1788429462.106648,iOS Bluetooth,230,0,0
1788429462.128452,iOS Bluetooth,215,31,0
1788429462.128452,iOS Bluetooth,215,0,0
1788429462.128452,iOS Bluetooth,232,104,62
1788429462.128452,iOS Bluetooth,216,5,0
1788429462.128452,iOS Bluetooth,216,0,0
1788429462.128452,iOS Bluetooth,216,0,0
1788429462.128452,iOS Bluetooth,216,0,0
1788429462.128452,iOS Bluetooth,216,0,0
1788429462.128452,iOS Bluetooth,216,0,0
1788429462.128452,iOS Bluetooth,216,0,0
1788429462.128452,iOS Bluetooth,216,0,0
1788429462.141473,iOS Bluetooth,234,33,65
1788429462.141473,iOS Bluetooth,218,47,0
1788429462.141473,iOS Bluetooth,218,0,0
1788429462.141473,iOS Bluetooth,218,0,0
1788429462.141473,iOS Bluetooth,218,0,0
1788429462.141473,iOS Bluetooth,218,0,0
1788429462.141473,iOS Bluetooth,218,0,0
1788429462.141473,iOS Bluetooth,218,0,0
1788429462.141473,iOS Bluetooth,218,0,0
1788429462.141473,iOS Bluetooth,218,0,0
1788429462.141473,iOS Bluetooth,218,0,0
1788429462.141473,iOS Bluetooth,218,0,0
1788429462.158585,iOS Bluetooth,209,32,0
1788429462.158585,iOS Bluetooth,209,0,0
1788429462.158585,iOS Bluetooth,226,108,62
1788429462.158585,iOS Bluetooth,210,53,0
1788429462.158585,iOS Bluetooth,210,0,0
1788429462.158585,iOS Bluetooth,227,20,64
1788429462.158585,iOS Bluetooth,211,16,0
1788429462.158585,iOS Bluetooth,211,0,0
1788429462.171586,iOS Bluetooth,228,35,65
1788429462.171586,iOS Bluetooth,212,15,0
1788429462.171586,iOS Bluetooth,212,0,0
1788429462.171586,iOS Bluetooth,230,69,64
1788429462.171586,iOS Bluetooth,214,89,0
1788429462.171586,iOS Bluetooth,214,0,0
1788429462.171586,iOS Bluetooth,231,7,63
1788429462.188208,iOS Bluetooth,215,21,0
1788429462.188208,iOS Bluetooth,215,0,0
1788429462.188208,iOS Bluetooth,232,114,62
1788429462.188208,iOS Bluetooth,216,11,0
1788429462.188208,iOS Bluetooth,216,0,0
1788429462.188208,iOS Bluetooth,233,39,64
1788429462.188208,iOS Bluetooth,233,0,0
1788429462.203380,iOS Bluetooth,223,0,0
1788429462.203380,iOS Bluetooth,223,0,0
1788429462.203380,iOS Bluetooth,143,51,64
1788429462.203380,iOS Bluetooth,235,0,64
1788429462.203380,iOS Bluetooth,155,51,96
1788429462.203380,iOS Bluetooth,234,36,65
1788429462.203380,iOS Bluetooth,218,43,0
1788429462.203380,iOS Bluetooth,218,0,0
1788429462.203380,iOS Bluetooth,235,60,64
1788429462.203380,iOS Bluetooth,219,4,0
1788429462.203380,iOS Bluetooth,219,0,0
1788429462.203380,iOS Bluetooth,219,0,0
1788429462.203380,iOS Bluetooth,219,0,0
1788429462.203380,iOS Bluetooth,219,0,0
1788429462.216482,iOS Bluetooth,225,0,63
1788429462.216482,iOS Bluetooth,209,35,0
1788429462.216482,iOS Bluetooth,209,0,0
1788429462.216482,iOS Bluetooth,226,120,62
1788429462.216482,iOS Bluetooth,210,54,0
1788429462.216482,iOS Bluetooth,210,0,0
1788429462.231682,iOS Bluetooth,211,10,0
1788429462.231682,iOS Bluetooth,211,0,0
1788429462.246648,iOS Bluetooth,228,37,65
1788429462.246648,iOS Bluetooth,212,21,0
1788429462.246648,iOS Bluetooth,212,0,0
1788429462.246648,iOS Bluetooth,230,49,64
1788429462.246648,iOS Bluetooth,230,0,0
1788429462.246648,iOS Bluetooth,230,0,98
1788429462.246648,iOS Bluetooth,230,120,62
1788429462.261567,iOS Bluetooth,215,12,0
1788429462.261567,iOS Bluetooth,215,0,0
1788429462.261567,iOS Bluetooth,232,0,63
1788429462.261567,iOS Bluetooth,216,18,0
1788429462.261567,iOS Bluetooth,216,0,0
1788429462.261567,iOS Bluetooth,216,0,0
1788429462.261567,iOS Bluetooth,216,0,0
1788429462.261567,iOS Bluetooth,216,0,0
1788429462.261567,iOS Bluetooth,217,94,0
1788429462.261567,iOS Bluetooth,217,0,0
1788429462.276761,iOS Bluetooth,218,39,0
1788429462.276761,iOS Bluetooth,218,0,0
1788429462.276761,iOS Bluetooth,235,33,64
1788429462.276761,iOS Bluetooth,235,0,0
1788429462.276761,iOS Bluetooth,235,0,0
1788429462.276761,iOS Bluetooth,235,0,0
1788429462.276761,iOS Bluetooth,209,37,0
1788429462.276761,iOS Bluetooth,209,0,0
1788429462.291497,iOS Bluetooth,226,6,63
1788429462.291497,iOS Bluetooth,210,56,0
1788429462.291497,iOS Bluetooth,210,0,0
1788429462.291497,iOS Bluetooth,210,0,0
1788429462.291497,iOS Bluetooth,210,0,0
1788429462.291497,iOS Bluetooth,210,0,0
1788429462.291497,iOS Bluetooth,210,0,0
1788429462.291497,iOS Bluetooth,210,0,0
1788429462.291497,iOS Bluetooth,210,0,0
1788429462.291497,iOS Bluetooth,228,35,65
1788429462.306420,iOS Bluetooth,212,26,0
1788429462.306420,iOS Bluetooth,212,0,0
1788429462.306420,iOS Bluetooth,230,27,64
1788429462.306420,iOS Bluetooth,230,0,0
1788429462.306420,iOS Bluetooth,230,0,0
1788429462.306420,iOS Bluetooth,230,0,0
1788429462.321415,iOS Bluetooth,215,7,0
1788429462.321415,iOS Bluetooth,215,0,0
1788429462.321415,iOS Bluetooth,232,15,63
1788429462.321415,iOS Bluetooth,216,27,0
1788429462.321415,iOS Bluetooth,216,0,0
1788429462.321415,iOS Bluetooth,216,0,0
1788429462.321415,iOS Bluetooth,216,0,0
1788429462.321415,iOS Bluetooth,216,0,0
1788429462.321415,iOS Bluetooth,216,0,0
1788429462.321415,iOS Bluetooth,216,0,0
1788429462.321415,iOS Bluetooth,216,0,0
1788429462.336696,iOS Bluetooth,234,33,65
1788429462.336696,iOS Bluetooth,218,35,0
1788429462.336696,iOS Bluetooth,218,0,0
1788429462.336696,iOS Bluetooth,235,9,64
1788429462.336696,iOS Bluetooth,235,0,0
1788429462.336696,iOS Bluetooth,235,0,0
1788429462.336696,iOS Bluetooth,235,0,0
1788429462.351575,iOS Bluetooth,226,22,63
1788429462.351575,iOS Bluetooth,210,58,0
1788429462.351575,iOS Bluetooth,210,0,0
1788429462.351575,iOS Bluetooth,227,89,64
1788429462.351575,iOS Bluetooth,211,1,0
1788429462.351575,iOS Bluetooth,211,0,0
1788429462.351575,iOS Bluetooth,228,31,65
1788429462.374585,iOS Bluetooth,212,32,0
1788429462.374585,iOS Bluetooth,212,0,0
1788429462.374585,iOS Bluetooth,230,5,64
1788429462.374585,iOS Bluetooth,214,97,0
1788429462.374585,iOS Bluetooth,214,0,0
1788429462.374585,iOS Bluetooth,231,100,62
1788429462.374585,iOS Bluetooth,215,4,0
1788429462.374585,iOS Bluetooth,215,0,0
1788429462.389472,iOS Bluetooth,232,32,63
1788429462.389472,iOS Bluetooth,216,40,0
1788429462.389472,iOS Bluetooth,216,0,0
1788429462.389472,iOS Bluetooth,233,101,64
1788429462.389472,iOS Bluetooth,217,70,0
1788429462.389472,iOS Bluetooth,217,0,0
1788429462.389472,iOS Bluetooth,217,0,0
1788429462.389472,iOS Bluetooth,217,0,0
1788429462.389472,iOS Bluetooth,217,0,0
1788429462.404422,iOS Bluetooth,218,31,0
1788429462.404422,iOS Bluetooth,218,0,0
1788429462.404422,iOS Bluetooth,235,0,64
1788429462.404422,iOS Bluetooth,225,98,62
1788429462.404422,iOS Bluetooth,209,42,0
1788429462.404422,iOS Bluetooth,209,0,0
1788429462.404422,iOS Bluetooth,209,0,0
1788429462.404422,iOS Bluetooth,209,0,0
1788429462.404422,iOS Bluetooth,209,0,0
1788429462.419599,iOS Bluetooth,210,61,0
1788429462.419599,iOS Bluetooth,210,0,0
1788429462.419599,iOS Bluetooth,227,105,64
1788429462.419599,iOS Bluetooth,211,0,0
1788429462.419599,iOS Bluetooth,211,0,0
1788429462.419599,iOS Bluetooth,228,24,65
1788429462.419599,iOS Bluetooth,228,0,0
1788429462.434426,iOS Bluetooth,230,112,63
1788429462.434426,iOS Bluetooth,214,89,0
1788429462.434426,iOS Bluetooth,214,0,0
1788429462.434426,iOS Bluetooth,231,94,62
1788429462.434426,iOS Bluetooth,215,1,0
1788429462.434426,iOS Bluetooth,215,0,0
1788429462.449526,iOS Bluetooth,216,57,0
1788429462.449526,iOS Bluetooth,216,0,0
1788429462.456499,iOS Bluetooth,233,117,64
1788429462.456499,iOS Bluetooth,217,60,0
1788429462.456499,iOS Bluetooth,217,0,0
1788429462.456499,iOS Bluetooth,234,19,65
1788429462.456499,iOS Bluetooth,234,0,0
1788429462.456499,iOS Bluetooth,234,0,58
1788429462.456499,iOS Bluetooth,234,109,63
1788429462.471695,iOS Bluetooth,219,5,0
1788429462.471695,iOS Bluetooth,219,0,0
1788429462.471695,iOS Bluetooth,225,93,62
1788429462.471695,iOS Bluetooth,225,0,0
1788429462.471695,iOS Bluetooth,225,0,0
1788429462.471695,iOS Bluetooth,225,0,0
1788429462.471695,iOS Bluetooth,210,66,0
1788429462.471695,iOS Bluetooth,210,0,0
1788429462.494600,iOS Bluetooth,227,123,64
1788429462.494600,iOS Bluetooth,211,1,0
1788429462.494600,iOS Bluetooth,211,0,0
1788429462.494600,iOS Bluetooth,211,0,0
1788429462.494600,iOS Bluetooth,211,0,0
1788429462.494600,iOS Bluetooth,211,0,0
1788429462.494600,iOS Bluetooth,211,0,0
1788429462.494600,iOS Bluetooth,211,0,0
1788429462.494600,iOS Bluetooth,211,0,0
1788429462.494600,iOS Bluetooth,230,90,63
1788429462.509414,iOS Bluetooth,214,80,0
1788429462.509414,iOS Bluetooth,214,0,0
1788429462.509414,iOS Bluetooth,231,92,62
1788429462.509414,iOS Bluetooth,231,0,0
1788429462.509414,iOS Bluetooth,231,0,0
1788429462.509414,iOS Bluetooth,231,0,0
1788429462.524539,iOS Bluetooth,216,75,0
1788429462.524539,iOS Bluetooth,216,0,0
1788429462.524539,iOS Bluetooth,233,4,65
1788429462.524539,iOS Bluetooth,217,52,0
1788429462.524539,iOS Bluetooth,217,0,0
1788429462.524539,iOS Bluetooth,217,0,0
1788429462.524539,iOS Bluetooth,217,0,0
1788429462.524539,iOS Bluetooth,217,0,0
1788429462.524539,iOS Bluetooth,217,0,0
1788429462.524539,iOS Bluetooth,217,0,0
1788429462.524539,iOS Bluetooth,217,0,0
1788429462.539505,iOS Bluetooth,235,82,63
1788429462.539505,iOS Bluetooth,219,12,0
1788429462.539505,iOS Bluetooth,219,0,0
1788429462.539505,iOS Bluetooth,225,91,62
1788429462.539505,iOS Bluetooth,225,0,0
1788429462.539505,iOS Bluetooth,225,0,0
1788429462.539505,iOS Bluetooth,225,0,0
1788429462.554725,iOS Bluetooth,210,53,0
1788429462.554725,iOS Bluetooth,210,0,0
1788429462.554725,iOS Bluetooth,227,8,65
1788429462.554725,iOS Bluetooth,211,3,0
1788429462.554725,iOS Bluetooth,211,0,0
1788429462.554725,iOS Bluetooth,228,0,65
1788429462.554725,iOS Bluetooth,212,54,0
1788429462.554725,iOS Bluetooth,212,0,0
1788429462.569722,iOS Bluetooth,230,66,63
1788429462.569722,iOS Bluetooth,214,71,0
1788429462.569722,iOS Bluetooth,214,0,0
1788429462.569722,iOS Bluetooth,232,94,63
1788429462.569722,iOS Bluetooth,216,83,0
1788429462.569722,iOS Bluetooth,216,0,0
1788429462.569722,iOS Bluetooth,233,14,65
1788429462.584534,iOS Bluetooth,217,44,0
1788429462.584534,iOS Bluetooth,217,0,0
1788429462.584534,iOS Bluetooth,234,122,64
1788429462.584534,iOS Bluetooth,218,19,0
1788429462.584534,iOS Bluetooth,218,0,0
1788429462.584534,iOS Bluetooth,235,62,63
1788429462.584534,iOS Bluetooth,235,0,0
1788429462.599391,iOS Bluetooth,225,93,62
1788429462.599391,iOS Bluetooth,209,49,0
1788429462.599391,iOS Bluetooth,209,0,0
1788429462.599391,iOS Bluetooth,176,118,43
1788429462.599391,iOS Bluetooth,226,104,63
1788429462.599391,iOS Bluetooth,210,40,0
1788429462.599391,iOS Bluetooth,210,0,0
1788429462.599391,iOS Bluetooth,210,0,0
1788429462.599391,iOS Bluetooth,210,0,0
1788429462.599391,iOS Bluetooth,210,0,0
1788429462.621759,iOS Bluetooth,211,6,0
1788429462.621759,iOS Bluetooth,211,0,0
1788429462.621759,iOS Bluetooth,228,113,64
1788429462.621759,iOS Bluetooth,212,63,0
1788429462.621759,iOS Bluetooth,212,0,0
1788429462.621759,iOS Bluetooth,230,48,63
1788429462.621759,iOS Bluetooth,230,0,0
1788429462.636642,iOS Bluetooth,231,95,62
1788429462.636642,iOS Bluetooth,215,2,0
1788429462.636642,iOS Bluetooth,215,0,0
1788429462.636642,iOS Bluetooth,232,115,63
1788429462.636642,iOS Bluetooth,216,91,0
1788429462.636642,iOS Bluetooth,216,0,0
1788429462.644337,iOS Bluetooth,217,37,0
1788429462.644337,iOS Bluetooth,217,0,0
1788429462.659351,iOS Bluetooth,234,104,64
1788429462.659351,iOS Bluetooth,218,15,0
1788429462.659351,iOS Bluetooth,218,0,0
1788429462.659351,iOS Bluetooth,235,41,63
1788429462.659351,iOS Bluetooth,235,0,0
1788429462.659351,iOS Bluetooth,235,0,2
1788429462.659351,iOS Bluetooth,235,97,62
1788429462.674387,iOS Bluetooth,209,51,0
1788429462.674387,iOS Bluetooth,209,0,0
1788429462.674387,iOS Bluetooth,226,124,63
1788429462.674387,iOS Bluetooth,226,0,0
1788429462.674387,iOS Bluetooth,226,0,0
1788429462.674387,iOS Bluetooth,226,0,0
1788429462.674387,iOS Bluetooth,211,9,0
1788429462.674387,iOS Bluetooth,211,0,0
1788429462.689669,iOS Bluetooth,228,96,64
1788429462.689669,iOS Bluetooth,212,73,0
1788429462.689669,iOS Bluetooth,212,0,0
1788429462.689669,iOS Bluetooth,212,0,0
1788429462.689669,iOS Bluetooth,212,0,0
1788429462.689669,iOS Bluetooth,212,0,0
1788429462.689669,iOS Bluetooth,212,0,0
1788429462.689669,iOS Bluetooth,212,0,0
1788429462.689669,iOS Bluetooth,212,0,0
1788429462.689669,iOS Bluetooth,231,101,62
1788429462.704387,iOS Bluetooth,215,4,0
1788429462.704387,iOS Bluetooth,215,0,0
1788429462.704387,iOS Bluetooth,232,8,64
1788429462.704387,iOS Bluetooth,232,0,0
1788429462.704387,iOS Bluetooth,232,0,0
1788429462.704387,iOS Bluetooth,232,0,0
1788429462.726709,iOS Bluetooth,217,30,0
1788429462.726709,iOS Bluetooth,217,0,0
1788429462.726709,iOS Bluetooth,234,86,64
1788429462.726709,iOS Bluetooth,218,11,0
1788429462.726709,iOS Bluetooth,218,0,0
1788429462.726709,iOS Bluetooth,218,0,0
1788429462.726709,iOS Bluetooth,218,0,0
1788429462.726709,iOS Bluetooth,218,0,0
1788429462.726709,iOS Bluetooth,218,0,0
1788429462.726709,iOS Bluetooth,218,0,0
1788429462.726709,iOS Bluetooth,218,0,0
1788429462.764588,iOS Bluetooth,225,105,62
1788429462.764588,iOS Bluetooth,209,52,0
1788429462.764588,iOS Bluetooth,209,0,0
1788429462.764588,iOS Bluetooth,226,12,64
1788429462.764588,iOS Bluetooth,226,0,0
1788429462.764588,iOS Bluetooth,226,0,0
1788429462.764588,iOS Bluetooth,226,0,0
1788429462.764758,iOS Bluetooth,211,14,0
1788429462.764758,iOS Bluetooth,211,0,0
1788429462.764758,iOS Bluetooth,228,77,64
1788429462.764758,iOS Bluetooth,212,86,0
1788429462.764758,iOS Bluetooth,212,0,0
1788429462.764758,iOS Bluetooth,230,11,63
1788429462.764758,iOS Bluetooth,214,24,0
1788429462.764758,iOS Bluetooth,214,0,0
1788429462.771462,iOS Bluetooth,231,111,62
1788429462.771462,iOS Bluetooth,215,9,0
1788429462.771462,iOS Bluetooth,215,0,0
1788429462.771462,iOS Bluetooth,232,33,64
1788429462.771462,iOS Bluetooth,216,107,0
1788429462.771462,iOS Bluetooth,216,0,0
1788429462.771462,iOS Bluetooth,233,36,65
1788429462.786458,iOS Bluetooth,217,24,0
1788429462.786458,iOS Bluetooth,217,0,0
1788429462.786458,iOS Bluetooth,234,65,64
1788429462.786458,iOS Bluetooth,218,5,0
1788429462.786458,iOS Bluetooth,218,0,0
1788429462.786458,iOS Bluetooth,235,5,63
1788429462.786458,iOS Bluetooth,235,0,0
1788429462.801623,iOS Bluetooth,225,115,62
1788429462.801623,iOS Bluetooth,209,54,0
1788429462.801623,iOS Bluetooth,209,0,0
1788429462.801623,iOS Bluetooth,209,0,0
1788429462.801623,iOS Bluetooth,209,0,0
1788429462.801623,iOS Bluetooth,129,54,64
1788429462.801623,iOS Bluetooth,236,0,64
1788429462.801623,iOS Bluetooth,156,54,96
1788429462.801623,iOS Bluetooth,226,37,64
1788429462.801623,iOS Bluetooth,210,13,0
1788429462.801623,iOS Bluetooth,210,0,0
1788429462.801623,iOS Bluetooth,210,0,0
1788429462.801623,iOS Bluetooth,210,0,0
1788429462.801623,iOS Bluetooth,210,0,0
1788429462.816502,iOS Bluetooth,211,19,0
1788429462.816502,iOS Bluetooth,211,0,0
1788429462.816502,iOS Bluetooth,228,54,64
1788429462.816502,iOS Bluetooth,212,100,0
1788429462.816502,iOS Bluetooth,212,0,0
1788429462.816502,iOS Bluetooth,230,124,62
1788429462.816502,iOS Bluetooth,230,0,0
1788429462.831872,iOS Bluetooth,231,123,62
1788429462.831872,iOS Bluetooth,215,16,0
1788429462.831872,iOS Bluetooth,215,0,0
1788429462.831872,iOS Bluetooth,232,55,64
1788429462.831872,iOS Bluetooth,216,99,0
1788429462.831872,iOS Bluetooth,216,0,0
1788429462.846490,iOS Bluetooth,234,42,64
1788429462.861670,iOS Bluetooth,218,1,0
1788429462.861670,iOS Bluetooth,218,0,0
1788429462.861670,iOS Bluetooth,235,120,62
1788429462.861670,iOS Bluetooth,219,36,0
1788429462.861670,iOS Bluetooth,219,0,0
1788429462.861670,iOS Bluetooth,219,0,0
1788429462.861670,iOS Bluetooth,219,0,0
1788429462.861670,iOS Bluetooth,219,0,0
1788429462.861670,iOS Bluetooth,220,56,0
1788429462.861670,iOS Bluetooth,220,0,0
1788429462.876828,iOS Bluetooth,226,61,64
1788429462.876828,iOS Bluetooth,210,7,0
1788429462.876828,iOS Bluetooth,210,0,0
1788429462.876828,iOS Bluetooth,210,0,0
1788429462.876828,iOS Bluetooth,210,0,0
1788429462.876828,iOS Bluetooth,210,0,0
1788429462.876828,iOS Bluetooth,210,0,0
1788429462.876828,iOS Bluetooth,210,0,0
1788429462.876828,iOS Bluetooth,210,0,0
1788429462.876828,iOS Bluetooth,212,108,0
1788429462.876828,iOS Bluetooth,212,0,0
1788429462.891768,iOS Bluetooth,230,112,62
1788429462.891768,iOS Bluetooth,214,9,0
1788429462.891768,iOS Bluetooth,214,0,0
1788429462.891768,iOS Bluetooth,214,0,0
1788429462.891768,iOS Bluetooth,214,0,0
1788429462.891768,iOS Bluetooth,214,0,0
1788429462.891768,iOS Bluetooth,214,0,0
1788429462.891768,iOS Bluetooth,214,0,0
1788429462.891768,iOS Bluetooth,214,0,0
1788429462.891768,iOS Bluetooth,232,72,64
1788429462.906663,iOS Bluetooth,216,86,0
1788429462.906663,iOS Bluetooth,216,0,0
1788429462.906663,iOS Bluetooth,233,34,65
1788429462.906663,iOS Bluetooth,233,0,0
1788429462.906663,iOS Bluetooth,233,0,0
1788429462.906663,iOS Bluetooth,233,0,0
1788429462.921751,iOS Bluetooth,218,0,0
1788429462.921751,iOS Bluetooth,218,0,0
1788429462.921751,iOS Bluetooth,235,108,62
1788429462.921751,iOS Bluetooth,219,39,0
1788429462.921751,iOS Bluetooth,219,0,0
1788429462.921751,iOS Bluetooth,219,0,0
1788429462.921751,iOS Bluetooth,219,0,0
1788429462.921751,iOS Bluetooth,219,0,0
1788429462.921751,iOS Bluetooth,219,0,0
1788429462.921751,iOS Bluetooth,219,0,0
1788429462.921751,iOS Bluetooth,219,0,0
1788429462.936686,iOS Bluetooth,226,82,64
1788429462.936686,iOS Bluetooth,210,2,0
1788429462.936686,iOS Bluetooth,210,0,0
1788429462.936686,iOS Bluetooth,227,33,65
1788429462.936686,iOS Bluetooth,227,0,0
1788429462.936686,iOS Bluetooth,227,0,0
1788429462.936686,iOS Bluetooth,227,0,0
1788429462.951446,iOS Bluetooth,212,100,0
1788429462.951446,iOS Bluetooth,212,0,0
1788429462.951446,iOS Bluetooth,230,103,62
1788429462.951446,iOS Bluetooth,214,4,0
1788429462.951446,iOS Bluetooth,214,0,0
1788429462.951446,iOS Bluetooth,231,26,63
1788429462.951446,iOS Bluetooth,215,35,0
1788429462.951446,iOS Bluetooth,215,0,0
1788429462.974861,iOS Bluetooth,232,94,64
1788429462.974861,iOS Bluetooth,216,74,0
1788429462.974861,iOS Bluetooth,216,0,0
1788429462.974861,iOS Bluetooth,233,29,65
1788429462.974861,iOS Bluetooth,217,10,0
1788429462.974861,iOS Bluetooth,217,0,0
1788429462.974861,iOS Bluetooth,234,0,64
1788429462.989510,iOS Bluetooth,235,99,62
1788429462.989510,iOS Bluetooth,219,42,0
1788429462.989510,iOS Bluetooth,219,0,0
1788429462.989510,iOS Bluetooth,236,32,63
1788429462.989510,iOS Bluetooth,220,60,0
1788429462.989510,iOS Bluetooth,220,0,0
1788429462.989510,iOS Bluetooth,220,0,0
1788429462.989510,iOS Bluetooth,220,0,0
1788429462.989510,iOS Bluetooth,220,0,0
1788429463.004406,iOS Bluetooth,210,0,0
1788429463.004406,iOS Bluetooth,210,0,0
1788429463.004406,iOS Bluetooth,227,27,65
1788429463.004406,iOS Bluetooth,211,36,0
1788429463.004406,iOS Bluetooth,211,0,0
1788429463.004406,iOS Bluetooth,228,120,63
1788429463.004406,iOS Bluetooth,228,0,0
1788429463.019576,iOS Bluetooth,230,96,62
1788429463.019576,iOS Bluetooth,214,2,0
1788429463.019576,iOS Bluetooth,214,0,0
1788429463.019576,iOS Bluetooth,231,44,63
1788429463.019576,iOS Bluetooth,215,50,0
1788429463.019576,iOS Bluetooth,215,0,0
1788429463.026636,iOS Bluetooth,216,64,0
1788429463.026636,iOS Bluetooth,216,0,0
1788429463.041612,iOS Bluetooth,233,20,65
1788429463.041612,iOS Bluetooth,217,6,0
1788429463.041612,iOS Bluetooth,217,0,0
1788429463.041612,iOS Bluetooth,234,115,63
1788429463.041612,iOS Bluetooth,234,0,0
1788429463.041612,iOS Bluetooth,234,0,2
1788429463.041612,iOS Bluetooth,234,94,62
1788429463.056631,iOS Bluetooth,219,44,0
1788429463.056631,iOS Bluetooth,219,0,0
1788429463.056631,iOS Bluetooth,236,51,63
1788429463.056631,iOS Bluetooth,220,64,0
1788429463.056631,iOS Bluetooth,220,0,0
1788429463.056631,iOS Bluetooth,220,0,0
1788429463.056631,iOS Bluetooth,220,0,0
1788429463.056631,iOS Bluetooth,220,0,0
1788429463.056631,iOS Bluetooth,227,18,65
1788429463.071505,iOS Bluetooth,211,43,0
1788429463.071505,iOS Bluetooth,211,0,0
1788429463.071505,iOS Bluetooth,228,98,63
1788429463.071505,iOS Bluetooth,228,0,0
1788429463.071505,iOS Bluetooth,228,0,0
1788429463.071505,iOS Bluetooth,228,0,0
1788429463.071505,iOS Bluetooth,214,0,0
1788429463.071505,iOS Bluetooth,214,0,0
1788429463.094732,iOS Bluetooth,231,64,63
1788429463.094732,iOS Bluetooth,215,70,0
1788429463.094732,iOS Bluetooth,215,0,0
1788429463.094732,iOS Bluetooth,215,0,0
1788429463.094732,iOS Bluetooth,215,0,0
1788429463.094732,iOS Bluetooth,215,0,0
1788429463.094732,iOS Bluetooth,215,0,0
1788429463.094732,iOS Bluetooth,215,0,0
1788429463.094732,iOS Bluetooth,215,0,0
1788429463.094732,iOS Bluetooth,233,11,65
1788429463.111686,iOS Bluetooth,217,3,0
1788429463.111686,iOS Bluetooth,217,0,0
1788429463.111686,iOS Bluetooth,234,91,63
1788429463.111686,iOS Bluetooth,234,0,0
1788429463.111686,iOS Bluetooth,234,0,0
1788429463.111686,iOS Bluetooth,234,0,0
1788429463.126747,iOS Bluetooth,219,46,0
1788429463.126747,iOS Bluetooth,219,0,0
1788429463.126747,iOS Bluetooth,236,72,63
1788429463.126747,iOS Bluetooth,220,60,0
1788429463.126747,iOS Bluetooth,220,0,0
1788429463.126747,iOS Bluetooth,220,0,0
1788429463.126747,iOS Bluetooth,220,0,0
1788429463.126747,iOS Bluetooth,220,0,0
1788429463.126747,iOS Bluetooth,220,0,0
1788429463.126747,iOS Bluetooth,220,0,0
1788429463.126747,iOS Bluetooth,220,0,0
1788429463.142187,iOS Bluetooth,227,5,65
1788429463.142187,iOS Bluetooth,211,51,0
1788429463.142187,iOS Bluetooth,211,0,0
1788429463.142187,iOS Bluetooth,228,77,63
1788429463.142187,iOS Bluetooth,228,0,0
1788429463.142187,iOS Bluetooth,228,0,0
1788429463.142187,iOS Bluetooth,228,0,0
1788429463.156910,iOS Bluetooth,231,86,63
1788429463.156910,iOS Bluetooth,215,79,0
1788429463.156910,iOS Bluetooth,215,0,0
1788429463.156910,iOS Bluetooth,232,11,65
1788429463.156910,iOS Bluetooth,216,47,0
1788429463.156910,iOS Bluetooth,216,0,0
1788429463.156910,iOS Bluetooth,233,126,64
1788429463.170296,iOS Bluetooth,217,1,0
1788429463.170296,iOS Bluetooth,217,0,0
1788429463.170296,iOS Bluetooth,234,67,63
1788429463.170296,iOS Bluetooth,218,18,0
1788429463.170296,iOS Bluetooth,218,0,0
1788429463.170296,iOS Bluetooth,219,48,0
1788429463.170296,iOS Bluetooth,219,0,0
1788429463.170296,iOS Bluetooth,236,93,63
1788429463.185241,iOS Bluetooth,220,46,0
1788429463.185241,iOS Bluetooth,220,0,0
1788429463.185241,iOS Bluetooth,226,14,65
1788429463.185241,iOS Bluetooth,210,4,0
1788429463.185241,iOS Bluetooth,210,0,0
1788429463.185241,iOS Bluetooth,227,120,64
1788429463.185241,iOS Bluetooth,227,0,0
1788429463.208443,iOS Bluetooth,228,56,63
1788429463.208443,iOS Bluetooth,212,62,0
1788429463.208443,iOS Bluetooth,212,0,0
1788429463.208443,iOS Bluetooth,230,94,62
1788429463.208443,iOS Bluetooth,214,1,0
1788429463.208443,iOS Bluetooth,214,0,0
1788429463.208443,iOS Bluetooth,214,0,0
1788429463.208443,iOS Bluetooth,214,0,0
1788429463.208443,iOS Bluetooth,214,0,0
1788429463.223713,iOS Bluetooth,215,88,0
1788429463.223713,iOS Bluetooth,215,0,0
1788429463.223713,iOS Bluetooth,232,21,65
1788429463.223713,iOS Bluetooth,216,40,0
1788429463.223713,iOS Bluetooth,216,0,0
1788429463.223713,iOS Bluetooth,233,111,64
1788429463.223713,iOS Bluetooth,233,0,0
1788429463.237667,iOS Bluetooth,234,46,63
1788429463.237667,iOS Bluetooth,218,26,0
1788429463.237667,iOS Bluetooth,218,0,0
1788429463.237667,iOS Bluetooth,235,95,62
1788429463.237667,iOS Bluetooth,219,50,0
1788429463.237667,iOS Bluetooth,219,0,0
1788429463.245182,iOS Bluetooth,220,30,0
1788429463.245182,iOS Bluetooth,220,0,0
1788429463.259459,iOS Bluetooth,226,25,65
1788429463.259459,iOS Bluetooth,210,8,0
1788429463.259459,iOS Bluetooth,210,0,0
1788429463.259459,iOS Bluetooth,227,104,64
1788429463.259459,iOS Bluetooth,227,0,0
1788429463.259459,iOS Bluetooth,227,0,90
1788429463.259459,iOS Bluetooth,227,36,63
1788429463.274417,iOS Bluetooth,212,41,0
1788429463.274417,iOS Bluetooth,212,0,0
1788429463.274417,iOS Bluetooth,230,99,62
1788429463.274417,iOS Bluetooth,230,0,0
1788429463.274417,iOS Bluetooth,230,0,0
1788429463.274417,iOS Bluetooth,230,0,0
1788429463.274417,iOS Bluetooth,215,96,0
1788429463.274417,iOS Bluetooth,215,0,0
1788429463.289528,iOS Bluetooth,232,30,65
1788429463.289528,iOS Bluetooth,216,33,0
1788429463.289528,iOS Bluetooth,216,0,0
1788429463.289528,iOS Bluetooth,216,0,0
1788429463.289528,iOS Bluetooth,216,0,0
1788429463.289528,iOS Bluetooth,216,0,0
1788429463.289528,iOS Bluetooth,216,0,0
1788429463.289528,iOS Bluetooth,216,0,0
1788429463.289528,iOS Bluetooth,216,0,0
1788429463.289528,iOS Bluetooth,234,27,63
1788429463.304472,iOS Bluetooth,218,29,0
1788429463.304472,iOS Bluetooth,218,0,0
1788429463.304472,iOS Bluetooth,235,101,62
1788429463.304472,iOS Bluetooth,235,0,0
1788429463.304472,iOS Bluetooth,235,0,0
1788429463.304472,iOS Bluetooth,235,0,0
1788429463.319506,iOS Bluetooth,220,17,0
1788429463.319506,iOS Bluetooth,220,0,0
1788429463.319506,iOS Bluetooth,226,32,65
1788429463.319506,iOS Bluetooth,210,12,0
1788429463.319506,iOS Bluetooth,210,0,0
1788429463.319506,iOS Bluetooth,210,0,0
1788429463.319506,iOS Bluetooth,210,0,0
1788429463.319506,iOS Bluetooth,210,0,0
1788429463.319506,iOS Bluetooth,210,0,0
1788429463.319506,iOS Bluetooth,210,0,0
1788429463.319506,iOS Bluetooth,210,0,0
1788429463.341655,iOS Bluetooth,228,17,63
1788429463.341655,iOS Bluetooth,212,28,0
1788429463.341655,iOS Bluetooth,212,0,0
1788429463.341655,iOS Bluetooth,230,106,62
1788429463.341655,iOS Bluetooth,230,0,0
1788429463.341655,iOS Bluetooth,230,0,0
1788429463.341655,iOS Bluetooth,230,0,0
1788429463.356905,iOS Bluetooth,215,105,0
1788429463.356905,iOS Bluetooth,215,0,0
1788429463.356905,iOS Bluetooth,232,35,65
1788429463.356905,iOS Bluetooth,216,26,0
1788429463.356905,iOS Bluetooth,216,0,0
1788429463.356905,iOS Bluetooth,233,71,64
1788429463.356905,iOS Bluetooth,217,5,0
1788429463.356905,iOS Bluetooth,217,0,0
1788429463.371608,iOS Bluetooth,234,9,63
1788429463.371608,iOS Bluetooth,218,32,0
1788429463.371608,iOS Bluetooth,218,0,0
1788429463.371608,iOS Bluetooth,235,111,62
1788429463.371608,iOS Bluetooth,219,53,0
1788429463.371608,iOS Bluetooth,219,0,0
1788429463.371608,iOS Bluetooth,236,25,64
1788429463.386543,iOS Bluetooth,220,14,0
1788429463.386543,iOS Bluetooth,220,0,0
1788429463.386543,iOS Bluetooth,226,36,65
1788429463.386543,iOS Bluetooth,210,17,0
1788429463.386543,iOS Bluetooth,210,0,0
1788429463.386543,iOS Bluetooth,227,64,64
1788429463.386543,iOS Bluetooth,227,0,0
1788429463.401711,iOS Bluetooth,228,2,63
1788429463.401711,iOS Bluetooth,212,18,0
1788429463.401711,iOS Bluetooth,212,0,0
1788429463.401711,iOS Bluetooth,210,0,0
1788429463.401711,iOS Bluetooth,210,0,0
1788429463.401711,iOS Bluetooth,130,57,64
1788429463.401711,iOS Bluetooth,237,0,64
1788429463.401711,iOS Bluetooth,157,57,96
1788429463.401711,iOS Bluetooth,230,118,62
1788429463.401711,iOS Bluetooth,214,12,0
1788429463.401711,iOS Bluetooth,214,0,0
1788429463.401711,iOS Bluetooth,214,0,0
1788429463.401711,iOS Bluetooth,214,0,0
1788429463.401711,iOS Bluetooth,214,0,0
1788429463.416489,iOS Bluetooth,232,37,65
1788429463.416489,iOS Bluetooth,216,21,0
1788429463.416489,iOS Bluetooth,216,0,0
1788429463.416489,iOS Bluetooth,233,48,64
1788429463.416489,iOS Bluetooth,217,10,0
1788429463.416489,iOS Bluetooth,217,0,0
1788429463.416489,iOS Bluetooth,217,0,0
1788429463.416489,iOS Bluetooth,217,0,0
1788429463.416489,iOS Bluetooth,217,0,0
1788429463.431845,iOS Bluetooth,218,35,0
1788429463.431845,iOS Bluetooth,218,0,0
1788429463.431845,iOS Bluetooth,235,123,62
1788429463.431845,iOS Bluetooth,219,55,0
1788429463.431845,iOS Bluetooth,219,0,0
1788429463.431845,iOS Bluetooth,236,49,64
1788429463.446571,iOS Bluetooth,237,37,65
1788429463.461513,iOS Bluetooth,221,22,0
1788429463.461513,iOS Bluetooth,221,0,0
1788429463.461513,iOS Bluetooth,227,43,64
1788429463.461513,iOS Bluetooth,211,107,0
1788429463.461513,iOS Bluetooth,211,0,0
1788429463.461513,iOS Bluetooth,211,0,0
1788429463.461513,iOS Bluetooth,211,0,0
1788429463.461513,iOS Bluetooth,211,0,0
1788429463.461513,iOS Bluetooth,212,11,0
1788429463.461513,iOS Bluetooth,212,0,0
1788429463.476483,iOS Bluetooth,230,4,63
1788429463.476483,iOS Bluetooth,214,20,0
1788429463.476483,iOS Bluetooth,214,0,0
1788429463.476483,iOS Bluetooth,214,0,0
1788429463.476483,iOS Bluetooth,214,0,0
1788429463.476483,iOS Bluetooth,214,0,0
1788429463.476483,iOS Bluetooth,214,0,0
1788429463.476483,iOS Bluetooth,214,0,0
1788429463.476483,iOS Bluetooth,214,0,0
1788429463.476483,iOS Bluetooth,232,36,65
1788429463.491588,iOS Bluetooth,216,16,0
1788429463.491588,iOS Bluetooth,216,0,0
1788429463.491588,iOS Bluetooth,233,25,64
1788429463.491588,iOS Bluetooth,233,0,0
1788429463.491588,iOS Bluetooth,233,0,0
1788429463.491588,iOS Bluetooth,233,0,0
1788429463.491588,iOS Bluetooth,218,38,0
1788429463.491588,iOS Bluetooth,218,0,0
1788429463.506890,iOS Bluetooth,235,9,63
1788429463.506890,iOS Bluetooth,219,57,0
1788429463.506890,iOS Bluetooth,219,0,0
1788429463.506890,iOS Bluetooth,219,0,0
1788429463.506890,iOS Bluetooth,219,0,0
1788429463.506890,iOS Bluetooth,219,0,0
1788429463.506890,iOS Bluetooth,219,0,0
1788429463.506890,iOS Bluetooth,219,0,0
1788429463.506890,iOS Bluetooth,219,0,0
1788429463.521978,iOS Bluetooth,237,34,65
1788429463.521978,iOS Bluetooth,221,28,0
1788429463.521978,iOS Bluetooth,221,0,0
1788429463.521978,iOS Bluetooth,227,21,64
1788429463.521978,iOS Bluetooth,227,0,0
1788429463.521978,iOS Bluetooth,227,0,0
1788429463.521978,iOS Bluetooth,227,0,0
1788429463.536437,iOS Bluetooth,212,6,0
1788429463.536437,iOS Bluetooth,212,0,0
1788429463.536437,iOS Bluetooth,230,19,63
1788429463.536437,iOS Bluetooth,214,31,0
1788429463.536437,iOS Bluetooth,214,0,0
1788429463.536437,iOS Bluetooth,231,87,64
1788429463.536437,iOS Bluetooth,215,78,0
1788429463.536437,iOS Bluetooth,215,0,0
1788429463.551502,iOS Bluetooth,232,31,65
1788429463.551502,iOS Bluetooth,216,11,0
1788429463.551502,iOS Bluetooth,216,0,0
1788429463.551502,iOS Bluetooth,233,3,64
1788429463.551502,iOS Bluetooth,217,18,0
1788429463.551502,iOS Bluetooth,217,0,0
1788429463.551502,iOS Bluetooth,234,102,62
1788429463.574570,iOS Bluetooth,218,41,0
1788429463.574570,iOS Bluetooth,218,0,0
1788429463.574570,iOS Bluetooth,235,26,63
1788429463.574570,iOS Bluetooth,219,59,0
1788429463.574570,iOS Bluetooth,219,0,0
1788429463.574570,iOS Bluetooth,236,94,64
1788429463.574570,iOS Bluetooth,220,1,0
1788429463.574570,iOS Bluetooth,220,0,0
1788429463.589394,iOS Bluetooth,237,29,65
1788429463.589394,iOS Bluetooth,221,34,0
1788429463.589394,iOS Bluetooth,221,0,0
1788429463.589394,iOS Bluetooth,227,125,63
1788429463.589394,iOS Bluetooth,211,95,0
1788429463.589394,iOS Bluetooth,211,0,0
1788429463.589394,iOS Bluetooth,211,0,0
1788429463.589394,iOS Bluetooth,211,0,0
1788429463.589394,iOS Bluetooth,211,0,0
1788429463.604407,iOS Bluetooth,212,3,0
1788429463.604407,iOS Bluetooth,212,0,0
1788429463.604407,iOS Bluetooth,230,37,63
1788429463.604407,iOS Bluetooth,176,118,44
1788429463.604407,iOS Bluetooth,214,46,0
1788429463.604407,iOS Bluetooth,214,0,0
1788429463.604407,iOS Bluetooth,231,105,64
1788429463.604407,iOS Bluetooth,231,0,0
1788429463.619544,iOS Bluetooth,232,24,65
1788429463.619544,iOS Bluetooth,216,7,0
1788429463.619544,iOS Bluetooth,216,0,0
1788429463.619544,iOS Bluetooth,233,114,63
1788429463.619544,iOS Bluetooth,217,32,0
1788429463.619544,iOS Bluetooth,217,0,0
1788429463.626502,iOS Bluetooth,218,43,0
1788429463.626502,iOS Bluetooth,218,0,0
1788429463.641610,iOS Bluetooth,235,46,63
1788429463.641610,iOS Bluetooth,219,63,0
1788429463.641610,iOS Bluetooth,219,0,0
1788429463.641610,iOS Bluetooth,236,111,64
1788429463.641610,iOS Bluetooth,236,0,0
1788429463.641610,iOS Bluetooth,236,0,90
1788429463.641610,iOS Bluetooth,236,20,65
1788429463.656625,iOS Bluetooth,221,42,0
1788429463.656625,iOS Bluetooth,221,0,0
1788429463.656625,iOS Bluetooth,227,104,63
1788429463.656625,iOS Bluetooth,211,86,0
1788429463.656625,iOS Bluetooth,211,0,0
1788429463.656625,iOS Bluetooth,211,0,0
1788429463.656625,iOS Bluetooth,211,0,0
1788429463.656625,iOS Bluetooth,211,0,0
1788429463.656625,iOS Bluetooth,212,1,0
1788429463.656625,iOS Bluetooth,212,0,0
1788429463.671509,iOS Bluetooth,230,59,63
1788429463.671509,iOS Bluetooth,214,65,0
1788429463.671509,iOS Bluetooth,214,0,0
1788429463.671509,iOS Bluetooth,214,0,0
1788429463.671509,iOS Bluetooth,214,0,0
1788429463.671509,iOS Bluetooth,214,0,0
1788429463.671509,iOS Bluetooth,214,0,0
1788429463.671509,iOS Bluetooth,214,0,0
1788429463.671509,iOS Bluetooth,214,0,0
1788429463.671509,iOS Bluetooth,232,14,65
1788429463.694482,iOS Bluetooth,216,4,0
1788429463.694482,iOS Bluetooth,216,0,0
1788429463.694482,iOS Bluetooth,233,92,63
1788429463.694482,iOS Bluetooth,233,0,0
1788429463.694482,iOS Bluetooth,233,0,0
1788429463.694482,iOS Bluetooth,233,0,0
1788429463.694482,iOS Bluetooth,218,46,0
1788429463.694482,iOS Bluetooth,218,0,0
1788429463.709456,iOS Bluetooth,235,70,63
1788429463.709456,iOS Bluetooth,219,64,0
1788429463.709456,iOS Bluetooth,219,0,0
1788429463.709456,iOS Bluetooth,219,0,0
1788429463.709456,iOS Bluetooth,219,0,0
1788429463.709456,iOS Bluetooth,219,0,0
1788429463.709456,iOS Bluetooth,219,0,0
1788429463.709456,iOS Bluetooth,219,0,0
1788429463.709456,iOS Bluetooth,219,0,0
1788429463.724507,iOS Bluetooth,237,8,65
1788429463.724507,iOS Bluetooth,221,49,0
1788429463.724507,iOS Bluetooth,221,0,0
1788429463.724507,iOS Bluetooth,227,82,63
1788429463.724507,iOS Bluetooth,227,0,0
1788429463.724507,iOS Bluetooth,227,0,0
1788429463.724507,iOS Bluetooth,227,0,0
1788429463.738882,iOS Bluetooth,212,0,0
1788429463.738882,iOS Bluetooth,212,0,0
1788429463.738882,iOS Bluetooth,230,80,63
1788429463.738882,iOS Bluetooth,214,77,0
1788429463.738882,iOS Bluetooth,214,0,0
1788429463.738882,iOS Bluetooth,214,0,0
1788429463.738882,iOS Bluetooth,214,0,0
1788429463.738882,iOS Bluetooth,214,0,0
1788429463.738882,iOS Bluetooth,214,0,0
1788429463.738882,iOS Bluetooth,214,0,0
1788429463.738882,iOS Bluetooth,214,0,0
1788429463.754606,iOS Bluetooth,232,0,65
1788429463.754606,iOS Bluetooth,216,1,0
1788429463.754606,iOS Bluetooth,216,0,0
1788429463.754606,iOS Bluetooth,233,66,63
1788429463.754606,iOS Bluetooth,217,64,0
1788429463.754606,iOS Bluetooth,217,0,0
1788429463.754606,iOS Bluetooth,218,48,0
1788429463.754606,iOS Bluetooth,218,0,0
1788429463.769502,iOS Bluetooth,235,93,63
1788429463.769502,iOS Bluetooth,219,49,0
1788429463.769502,iOS Bluetooth,219,0,0
1788429463.769502,iOS Bluetooth,236,13,65
1788429463.769502,iOS Bluetooth,220,4,0
1788429463.769502,iOS Bluetooth,220,0,0
1788429463.769502,iOS Bluetooth,237,124,64
1788429463.784420,iOS Bluetooth,221,57,0
1788429463.784420,iOS Bluetooth,221,0,0
1788429463.784420,iOS Bluetooth,227,61,63
1788429463.784420,iOS Bluetooth,211,65,0
1788429463.784420,iOS Bluetooth,211,0,0
1788429463.784420,iOS Bluetooth,228,93,62
1788429463.784420,iOS Bluetooth,228,0,0
1788429463.806518,iOS Bluetooth,230,102,63
1788429463.806518,iOS Bluetooth,214,86,0
1788429463.806518,iOS Bluetooth,214,0,0
1788429463.806518,iOS Bluetooth,231,20,65
1788429463.806518,iOS Bluetooth,215,41,0
1788429463.806518,iOS Bluetooth,215,0,0
1788429463.806518,iOS Bluetooth,215,0,0
1788429463.806518,iOS Bluetooth,215,0,0
1788429463.806518,iOS Bluetooth,215,0,0
1788429463.821554,iOS Bluetooth,216,0,0
1788429463.821554,iOS Bluetooth,216,0,0
1788429463.821554,iOS Bluetooth,233,46,63
1788429463.821554,iOS Bluetooth,217,63,0
1788429463.821554,iOS Bluetooth,217,0,0
1788429463.821554,iOS Bluetooth,234,95,62
1788429463.821554,iOS Bluetooth,234,0,0
1788429463.836669,iOS Bluetooth,235,112,63
1788429463.836669,iOS Bluetooth,219,32,0
1788429463.836669,iOS Bluetooth,219,0,0
1788429463.836669,iOS Bluetooth,236,23,65
1788429463.836669,iOS Bluetooth,220,7,0
1788429463.836669,iOS Bluetooth,220,0,0
1788429463.844310,iOS Bluetooth,221,66,0
1788429463.844310,iOS Bluetooth,221,0,0
1788429463.859360,iOS Bluetooth,227,39,63
1788429463.859360,iOS Bluetooth,211,45,0
1788429463.859360,iOS Bluetooth,211,0,0
1788429463.859360,iOS Bluetooth,228,97,62
1788429463.859360,iOS Bluetooth,228,0,0
1788429463.859360,iOS Bluetooth,228,0,50
1788429463.859360,iOS Bluetooth,228,123,63
1788429463.874253,iOS Bluetooth,214,95,0
1788429463.874253,iOS Bluetooth,214,0,0
1788429463.874253,iOS Bluetooth,231,28,65
1788429463.874253,iOS Bluetooth,231,0,0
1788429463.874253,iOS Bluetooth,231,0,0
1788429463.874253,iOS Bluetooth,231,0,0
1788429463.874253,iOS Bluetooth,216,1,0
1788429463.874253,iOS Bluetooth,216,0,0
1788429463.889525,iOS Bluetooth,233,27,63
1788429463.889525,iOS Bluetooth,217,59,0
1788429463.889525,iOS Bluetooth,217,0,0
1788429463.889525,iOS Bluetooth,217,0,0
1788429463.889525,iOS Bluetooth,217,0,0
1788429463.889525,iOS Bluetooth,217,0,0
1788429463.889525,iOS Bluetooth,217,0,0
1788429463.889525,iOS Bluetooth,217,0,0
1788429463.889525,iOS Bluetooth,217,0,0
1788429463.889525,iOS Bluetooth,235,2,64
1788429463.904422,iOS Bluetooth,219,18,0
1788429463.904422,iOS Bluetooth,219,0,0
1788429463.904422,iOS Bluetooth,236,30,65
1788429463.904422,iOS Bluetooth,236,0,0
1788429463.904422,iOS Bluetooth,236,0,0
1788429463.904422,iOS Bluetooth,236,0,0
1788429463.919539,iOS Bluetooth,221,79,0
1788429463.919539,iOS Bluetooth,221,0,0
1788429463.919539,iOS Bluetooth,227,21,63
1788429463.919539,iOS Bluetooth,211,31,0
1788429463.919539,iOS Bluetooth,211,0,0
1788429463.919539,iOS Bluetooth,211,0,0
1788429463.919539,iOS Bluetooth,211,0,0
1788429463.919539,iOS Bluetooth,211,0,0
1788429463.919539,iOS Bluetooth,211,0,0
1788429463.919539,iOS Bluetooth,211,0,0
1788429463.919539,iOS Bluetooth,211,0,0
1788429463.941541,iOS Bluetooth,230,19,64
1788429463.941541,iOS Bluetooth,214,103,0
1788429463.941541,iOS Bluetooth,214,0,0
1788429463.941541,iOS Bluetooth,231,34,65
1788429463.941541,iOS Bluetooth,231,0,0
1788429463.941541,iOS Bluetooth,231,0,0
1788429463.941541,iOS Bluetooth,231,0,0
1788429463.956913,iOS Bluetooth,216,4,0
1788429463.956913,iOS Bluetooth,216,0,0
1788429463.956913,iOS Bluetooth,233,11,63
1788429463.956913,iOS Bluetooth,217,57,0
1788429463.956913,iOS Bluetooth,217,0,0
1788429463.956913,iOS Bluetooth,234,110,62
1788429463.956913,iOS Bluetooth,218,53,0
1788429463.956913,iOS Bluetooth,218,0,0
1788429463.971495,iOS Bluetooth,235,23,64
1788429463.971495,iOS Bluetooth,219,16,0
1788429463.971495,iOS Bluetooth,219,0,0
1788429463.971495,iOS Bluetooth,236,35,65
1788429463.971495,iOS Bluetooth,220,16,0
1788429463.971495,iOS Bluetooth,220,0,0
1788429463.971495,iOS Bluetooth,237,70,64
1788429463.986761,iOS Bluetooth,221,91,0
1788429463.986761,iOS Bluetooth,221,0,0
1788429463.986761,iOS Bluetooth,227,5,63
1788429463.986761,iOS Bluetooth,211,19,0
1788429463.986761,iOS Bluetooth,211,0,0
1788429463.986761,iOS Bluetooth,228,115,62
1788429463.986761,iOS Bluetooth,228,0,0
1788429464.001613,iOS Bluetooth,230,41,64
1788429464.001613,iOS Bluetooth,214,108,0
1788429464.001613,iOS Bluetooth,214,0,0
1788429464.001613,iOS Bluetooth,211,0,0
1788429464.001613,iOS Bluetooth,211,0,0
1788429464.001613,iOS Bluetooth,131,60,64
1788429464.001613,iOS Bluetooth,238,0,64
1788429464.001613,iOS Bluetooth,158,60,96
1788429464.001613,iOS Bluetooth,231,36,65
1788429464.001613,iOS Bluetooth,215,22,0
1788429464.001613,iOS Bluetooth,215,0,0
1788429464.001613,iOS Bluetooth,215,0,0
1788429464.001613,iOS Bluetooth,215,0,0
1788429464.001613,iOS Bluetooth,215,0,0
1788429464.016687,iOS Bluetooth,216,9,0
1788429464.016687,iOS Bluetooth,216,0,0
1788429464.016687,iOS Bluetooth,233,123,62
1788429464.016687,iOS Bluetooth,217,55,0
1788429464.016687,iOS Bluetooth,217,0,0
1788429464.016687,iOS Bluetooth,234,122,62
1788429464.031499,iOS Bluetooth,235,46,64
1788429464.039565,iOS Bluetooth,219,10,0
1788429464.039565,iOS Bluetooth,219,0,0
1788429464.039565,iOS Bluetooth,236,37,65
1788429464.039565,iOS Bluetooth,220,21,0
1788429464.039565,iOS Bluetooth,220,0,0
1788429464.039565,iOS Bluetooth,220,0,0
1788429464.039565,iOS Bluetooth,220,0,0
1788429464.039565,iOS Bluetooth,220,0,0
1788429464.039565,iOS Bluetooth,221,105,0
1788429464.039565,iOS Bluetooth,221,0,0
1788429464.061472,iOS Bluetooth,238,118,62
1788429464.061472,iOS Bluetooth,222,12,0
1788429464.061472,iOS Bluetooth,222,0,0
1788429464.061472,iOS Bluetooth,227,2,63
1788429464.061472,iOS Bluetooth,227,0,0
1788429464.061472,iOS Bluetooth,227,0,122
1788429464.061472,iOS Bluetooth,227,19,0
1788429464.076466,iOS Bluetooth,230,65,64
1788429464.076466,iOS Bluetooth,214,92,0
1788429464.076466,iOS Bluetooth,214,0,0
1788429464.076466,iOS Bluetooth,214,0,0
1788429464.076466,iOS Bluetooth,214,0,0
1788429464.076466,iOS Bluetooth,214,0,0
1788429464.076466,iOS Bluetooth,214,0,0
1788429464.076466,iOS Bluetooth,214,0,0
1788429464.076466,iOS Bluetooth,214,0,0
1788429464.076466,iOS Bluetooth,216,15,0
1788429464.076466,iOS Bluetooth,216,0,0
1788429464.091616,iOS Bluetooth,233,111,62
1788429464.091616,iOS Bluetooth,217,53,0
1788429464.091616,iOS Bluetooth,217,0,0
1788429464.091616,iOS Bluetooth,217,0,0
1788429464.091616,iOS Bluetooth,217,0,0
1788429464.091616,iOS Bluetooth,217,0,0
1788429464.091616,iOS Bluetooth,217,0,0
1788429464.091616,iOS Bluetooth,217,0,0
1788429464.091616,iOS Bluetooth,217,0,0
1788429464.091616,iOS Bluetooth,235,69,64
1788429464.106478,iOS Bluetooth,219,4,0
1788429464.106478,iOS Bluetooth,219,0,0
1788429464.106478,iOS Bluetooth,236,35,65
1788429464.106478,iOS Bluetooth,236,0,0
1788429464.106478,iOS Bluetooth,236,0,0
1788429464.106478,iOS Bluetooth,236,0,0
1788429464.121706,iOS Bluetooth,221,104,0
1788429464.121706,iOS Bluetooth,221,0,0
1788429464.121706,iOS Bluetooth,238,107,62
1788429464.121706,iOS Bluetooth,222,7,0
1788429464.121706,iOS Bluetooth,222,0,0
1788429464.121706,iOS Bluetooth,222,0,0
1788429464.121706,iOS Bluetooth,222,0,0
1788429464.121706,iOS Bluetooth,222,0,0
1788429464.121706,iOS Bluetooth,222,0,0
1788429464.121706,iOS Bluetooth,222,0,0
1788429464.121706,iOS Bluetooth,222,0,0
1788429464.138375,iOS Bluetooth,230,85,64
1788429464.138375,iOS Bluetooth,214,80,0
1788429464.138375,iOS Bluetooth,214,0,0
1788429464.138375,iOS Bluetooth,231,32,65
1788429464.138375,iOS Bluetooth,215,12,0
1788429464.138375,iOS Bluetooth,215,0,0
1788429464.138375,iOS Bluetooth,232,7,64
1788429464.153394,iOS Bluetooth,216,17,0
1788429464.153394,iOS Bluetooth,216,0,0
1788429464.153394,iOS Bluetooth,233,102,62
1788429464.153394,iOS Bluetooth,217,51,0
1788429464.153394,iOS Bluetooth,217,0,0
1788429464.153394,iOS Bluetooth,234,26,63
1788429464.153394,iOS Bluetooth,218,59,0
1788429464.153394,iOS Bluetooth,218,0,0
1788429464.175365,iOS Bluetooth,235,92,64
1788429464.175365,iOS Bluetooth,219,1,0
1788429464.175365,iOS Bluetooth,219,0,0
1788429464.175365,iOS Bluetooth,236,29,65
1788429464.175365,iOS Bluetooth,220,33,0
1788429464.175365,iOS Bluetooth,220,0,0
1788429464.175365,iOS Bluetooth,237,2,64
1788429464.189433,iOS Bluetooth,221,96,0
1788429464.189433,iOS Bluetooth,221,0,0
1788429464.189433,iOS Bluetooth,238,99,62
1788429464.189433,iOS Bluetooth,222,3,0
1788429464.189433,iOS Bluetooth,222,0,0
1788429464.189433,iOS Bluetooth,228,35,63
1788429464.189433,iOS Bluetooth,228,0,0
1788429464.206179,iOS Bluetooth,230,103,64
1788429464.206179,iOS Bluetooth,214,69,0
1788429464.206179,iOS Bluetooth,214,0,0
1788429464.206179,iOS Bluetooth,231,25,65
1788429464.206179,iOS Bluetooth,215,8,0
1788429464.206179,iOS Bluetooth,215,0,0
1788429464.206179,iOS Bluetooth,215,0,0
1788429464.206179,iOS Bluetooth,215,0,0
1788429464.206179,iOS Bluetooth,215,0,0
1788429464.220800,iOS Bluetooth,216,30,0
1788429464.220800,iOS Bluetooth,216,0,0
1788429464.220800,iOS Bluetooth,233,96,62
1788429464.220800,iOS Bluetooth,217,50,0
1788429464.220800,iOS Bluetooth,217,0,0
1788429464.220800,iOS Bluetooth,234,44,63
1788429464.220800,iOS Bluetooth,234,0,0
1788429464.236080,iOS Bluetooth,235,109,64
1788429464.236080,iOS Bluetooth,219,0,0
1788429464.236080,iOS Bluetooth,219,0,0
1788429464.236080,iOS Bluetooth,236,22,65
1788429464.236080,iOS Bluetooth,220,40,0
1788429464.236080,iOS Bluetooth,220,0,0
1788429464.251235,iOS Bluetooth,221,88,0
1788429464.251235,iOS Bluetooth,221,0,0
1788429464.257337,iOS Bluetooth,238,93,62
1788429464.257337,iOS Bluetooth,222,1,0
1788429464.257337,iOS Bluetooth,222,0,0
1788429464.257337,iOS Bluetooth,228,54,63
1788429464.257337,iOS Bluetooth,228,0,0
1788429464.257337,iOS Bluetooth,228,0,66
1788429464.257337,iOS Bluetooth,228,119,64
1788429464.271468,iOS Bluetooth,214,58,0
1788429464.271468,iOS Bluetooth,214,0,0
1788429464.271468,iOS Bluetooth,231,15,65
1788429464.271468,iOS Bluetooth,231,0,0
1788429464.271468,iOS Bluetooth,231,0,0
1788429464.271468,iOS Bluetooth,231,0,0
1788429464.271468,iOS Bluetooth,216,46,0
1788429464.271468,iOS Bluetooth,216,0,0
1788429464.294257,iOS Bluetooth,233,92,62
1788429464.294257,iOS Bluetooth,217,48,0
1788429464.294257,iOS Bluetooth,217,0,0
1788429464.294257,iOS Bluetooth,217,0,0
1788429464.294257,iOS Bluetooth,217,0,0
1788429464.294257,iOS Bluetooth,217,0,0
1788429464.294257,iOS Bluetooth,217,0,0
1788429464.294257,iOS Bluetooth,217,0,0
1788429464.294257,iOS Bluetooth,217,0,0
1788429464.294257,iOS Bluetooth,235,125,64
1788429464.309224,iOS Bluetooth,219,1,0
1788429464.309224,iOS Bluetooth,219,0,0
1788429464.309224,iOS Bluetooth,236,11,65
1788429464.309224,iOS Bluetooth,236,0,0
1788429464.309224,iOS Bluetooth,236,0,0
1788429464.309224,iOS Bluetooth,236,0,0
1788429464.324326,iOS Bluetooth,221,78,0
1788429464.324326,iOS Bluetooth,221,0,0
1788429464.324326,iOS Bluetooth,238,91,62
1788429464.324326,iOS Bluetooth,222,0,0
1788429464.324326,iOS Bluetooth,222,0,0
1788429464.324326,iOS Bluetooth,222,0,0
1788429464.324326,iOS Bluetooth,222,0,0
1788429464.324326,iOS Bluetooth,222,0,0
1788429464.324326,iOS Bluetooth,222,0,0
1788429464.324326,iOS Bluetooth,222,0,0
1788429464.324326,iOS Bluetooth,222,0,0
1788429464.337690,iOS Bluetooth,230,7,65
1788429464.337690,iOS Bluetooth,214,50,0
1788429464.337690,iOS Bluetooth,214,0,0
1788429464.337690,iOS Bluetooth,231,3,65
1788429464.337690,iOS Bluetooth,231,0,0
1788429464.337690,iOS Bluetooth,231,0,0
1788429464.337690,iOS Bluetooth,231,0,0
1788429464.354631,iOS Bluetooth,216,62,0
1788429464.354631,iOS Bluetooth,216,0,0
1788429464.354631,iOS Bluetooth,217,46,0
1788429464.354631,iOS Bluetooth,217,0,0
1788429464.354631,iOS Bluetooth,234,90,63
1788429464.354631,iOS Bluetooth,218,51,0
1788429464.354631,iOS Bluetooth,218,0,0
1788429464.354631,iOS Bluetooth,235,10,65
1788429464.369632,iOS Bluetooth,219,3,0
1788429464.369632,iOS Bluetooth,219,0,0
1788429464.369632,iOS Bluetooth,236,126,64
1788429464.369632,iOS Bluetooth,220,56,0
1788429464.369632,iOS Bluetooth,220,0,0
1788429464.369632,iOS Bluetooth,237,63,63
1788429464.369632,iOS Bluetooth,221,70,0
1788429464.369632,iOS Bluetooth,221,0,0
1788429464.384614,iOS Bluetooth,238,92,62
1788429464.384614,iOS Bluetooth,228,96,63
1788429464.384614,iOS Bluetooth,212,85,0
1788429464.384614,iOS Bluetooth,212,0,0
1788429464.384614,iOS Bluetooth,230,17,65
1788429464.384614,iOS Bluetooth,230,0,0
1788429464.406625,iOS Bluetooth,231,117,64
1788429464.406625,iOS Bluetooth,215,0,0
1788429464.406625,iOS Bluetooth,215,0,0
1788429464.406625,iOS Bluetooth,232,51,63
1788429464.406625,iOS Bluetooth,216,64,0
1788429464.406625,iOS Bluetooth,216,0,0
1788429464.406625,iOS Bluetooth,216,0,0
1788429464.406625,iOS Bluetooth,216,0,0
1788429464.406625,iOS Bluetooth,216,0,0
1788429464.421671,iOS Bluetooth,217,44,0
1788429464.421671,iOS Bluetooth,217,0,0
1788429464.421671,iOS Bluetooth,234,112,63
1788429464.421671,iOS Bluetooth,218,36,0
1788429464.421671,iOS Bluetooth,218,0,0
1788429464.421671,iOS Bluetooth,235,21,65
1788429464.421671,iOS Bluetooth,235,0,0
1788429464.436696,iOS Bluetooth,236,111,64
1788429464.436696,iOS Bluetooth,220,65,0
1788429464.436696,iOS Bluetooth,220,0,0
1788429464.436696,iOS Bluetooth,237,43,63
1788429464.436696,iOS Bluetooth,221,50,0
1788429464.436696,iOS Bluetooth,221,0,0
1788429464.444353,iOS Bluetooth,222,2,0
1788429464.444353,iOS Bluetooth,222,0,0
1788429464.459438,iOS Bluetooth,228,120,63
1788429464.459438,iOS Bluetooth,212,93,0
1788429464.459438,iOS Bluetooth,212,0,0
1788429464.459438,iOS Bluetooth,230,26,65
1788429464.459438,iOS Bluetooth,230,0,0
1788429464.459438,iOS Bluetooth,230,0,10
1788429464.459438,iOS Bluetooth,230,100,64
1788429464.474389,iOS Bluetooth,232,32,63
1788429464.474389,iOS Bluetooth,216,60,0
1788429464.474389,iOS Bluetooth,216,0,0
1788429464.474389,iOS Bluetooth,216,0,0
1788429464.474389,iOS Bluetooth,216,0,0
1788429464.474389,iOS Bluetooth,216,0,0
1788429464.474389,iOS Bluetooth,216,0,0
1788429464.474389,iOS Bluetooth,216,0,0
1788429464.474389,iOS Bluetooth,216,0,0
1788429464.474389,iOS Bluetooth,234,0,64
1788429464.489481,iOS Bluetooth,218,20,0
1788429464.489481,iOS Bluetooth,218,0,0
1788429464.489481,iOS Bluetooth,235,29,65
1788429464.489481,iOS Bluetooth,235,0,0
1788429464.489481,iOS Bluetooth,235,0,0
1788429464.489481,iOS Bluetooth,235,0,0
1788429464.489481,iOS Bluetooth,220,74,0
1788429464.489481,iOS Bluetooth,220,0,0
1788429464.504502,iOS Bluetooth,237,25,63
1788429464.504502,iOS Bluetooth,221,34,0
1788429464.504502,iOS Bluetooth,221,0,0
1788429464.504502,iOS Bluetooth,221,0,0
1788429464.504502,iOS Bluetooth,221,0,0
1788429464.504502,iOS Bluetooth,221,0,0
1788429464.504502,iOS Bluetooth,221,0,0
1788429464.504502,iOS Bluetooth,221,0,0
1788429464.504502,iOS Bluetooth,221,0,0
1788429464.526784,iOS Bluetooth,228,14,64
1788429464.526784,iOS Bluetooth,212,101,0
1788429464.526784,iOS Bluetooth,212,0,0
1788429464.526784,iOS Bluetooth,230,32,65
1788429464.526784,iOS Bluetooth,230,0,0
1788429464.526784,iOS Bluetooth,230,0,0
1788429464.526784,iOS Bluetooth,230,0,0
1788429464.541647,iOS Bluetooth,215,3,0
1788429464.541647,iOS Bluetooth,215,0,0
1788429464.541647,iOS Bluetooth,232,15,63
1788429464.541647,iOS Bluetooth,216,58,0
1788429464.541647,iOS Bluetooth,216,0,0
1788429464.541647,iOS Bluetooth,216,0,0
1788429464.541647,iOS Bluetooth,216,0,0
1788429464.541647,iOS Bluetooth,216,0,0
1788429464.541647,iOS Bluetooth,216,0,0
1788429464.541647,iOS Bluetooth,216,0,0
1788429464.541647,iOS Bluetooth,216,0,0
1788429464.556931,iOS Bluetooth,234,20,64
1788429464.556931,iOS Bluetooth,218,16,0
1788429464.556931,iOS Bluetooth,218,0,0
1788429464.556931,iOS Bluetooth,235,35,65
1788429464.556931,iOS Bluetooth,219,15,0
1788429464.556931,iOS Bluetooth,219,0,0
1788429464.556931,iOS Bluetooth,236,74,64
1788429464.571700,iOS Bluetooth,220,88,0
1788429464.571700,iOS Bluetooth,220,0,0
1788429464.571700,iOS Bluetooth,237,9,63
1788429464.571700,iOS Bluetooth,221,22,0
1788429464.571700,iOS Bluetooth,221,0,0
1788429464.571700,iOS Bluetooth,238,113,62
1788429464.571700,iOS Bluetooth,222,9,0
1788429464.571700,iOS Bluetooth,222,0,0
1788429464.586655,iOS Bluetooth,228,36,64
1788429464.586655,iOS Bluetooth,212,108,0
1788429464.586655,iOS Bluetooth,212,0,0
1788429464.586655,iOS Bluetooth,230,36,65
1788429464.586655,iOS Bluetooth,214,23,0
1788429464.586655,iOS Bluetooth,214,0,0
1788429464.586655,iOS Bluetooth,214,0,0
1788429464.586655,iOS Bluetooth,214,0,0
1788429464.586655,iOS Bluetooth,214,0,0
1788429464.601590,iOS Bluetooth,215,8,0
1788429464.601590,iOS Bluetooth,215,0,0
1788429464.601590,iOS Bluetooth,232,0,63
1788429464.601590,iOS Bluetooth,212,0,0
1788429464.601590,iOS Bluetooth,212,0,0
1788429464.601590,iOS Bluetooth,132,63,64
1788429464.601590,iOS Bluetooth,229,0,64
1788429464.601590,iOS Bluetooth,149,63,96
1788429464.601590,iOS Bluetooth,176,118,45
1788429464.601590,iOS Bluetooth,216,55,0
1788429464.601590,iOS Bluetooth,216,0,0
1788429464.601590,iOS Bluetooth,233,120,62
1788429464.601590,iOS Bluetooth,233,0,0
1788429464.619371,iOS Bluetooth,234,43,64
1788429464.619371,iOS Bluetooth,218,11,0
1788429464.619371,iOS Bluetooth,218,0,0
1788429464.619371,iOS Bluetooth,235,37,65
1788429464.619371,iOS Bluetooth,219,19,0
1788429464.619371,iOS Bluetooth,219,0,0
1788429464.631557,iOS Bluetooth,220,101,0
1788429464.631557,iOS Bluetooth,220,0,0
1788429464.639402,iOS Bluetooth,237,121,62
1788429464.639402,iOS Bluetooth,221,14,0
1788429464.639402,iOS Bluetooth,221,0,0
1788429464.639402,iOS Bluetooth,238,125,62
1788429464.639402,iOS Bluetooth,238,0,0
1788429464.639402,iOS Bluetooth,238,0,66
1788429464.639402,iOS Bluetooth,238,41,64
1788429464.661706,iOS Bluetooth,229,60,64
1788429464.661706,iOS Bluetooth,213,96,0
1788429464.661706,iOS Bluetooth,213,0,0
1788429464.661706,iOS Bluetooth,214,18,0
1788429464.661706,iOS Bluetooth,214,0,0
1788429464.661706,iOS Bluetooth,214,0,0
1788429464.661706,iOS Bluetooth,214,0,0
1788429464.661706,iOS Bluetooth,214,0,0
1788429464.661706,iOS Bluetooth,215,13,0
1788429464.661706,iOS Bluetooth,215,0,0
1788429464.676533,iOS Bluetooth,232,114,62
1788429464.676533,iOS Bluetooth,216,54,0
1788429464.676533,iOS Bluetooth,216,0,0
1788429464.676533,iOS Bluetooth,216,0,0
1788429464.676533,iOS Bluetooth,216,0,0
1788429464.676533,iOS Bluetooth,216,0,0
1788429464.676533,iOS Bluetooth,216,0,0
1788429464.676533,iOS Bluetooth,216,0,0
1788429464.676533,iOS Bluetooth,216,0,0
1788429464.676533,iOS Bluetooth,234,66,64
1788429464.691590,iOS Bluetooth,218,6,0
1788429464.691590,iOS Bluetooth,218,0,0
1788429464.691590,iOS Bluetooth,235,36,65
1788429464.691590,iOS Bluetooth,235,0,0
1788429464.691590,iOS Bluetooth,235,0,0
1788429464.691590,iOS Bluetooth,235,0,0
1788429464.691590,iOS Bluetooth,220,106,0
1788429464.691590,iOS Bluetooth,220,0,0
1788429464.706882,iOS Bluetooth,237,110,62
1788429464.706882,iOS Bluetooth,221,8,0
1788429464.706882,iOS Bluetooth,221,0,0
1788429464.706882,iOS Bluetooth,221,0,0
1788429464.706882,iOS Bluetooth,221,0,0
1788429464.706882,iOS Bluetooth,221,0,0
1788429464.706882,iOS Bluetooth,221,0,0
1788429464.706882,iOS Bluetooth,221,0,0
1788429464.706882,iOS Bluetooth,221,0,0
1788429464.721671,iOS Bluetooth,229,80,64
1788429464.721671,iOS Bluetooth,213,83,0
1788429464.721671,iOS Bluetooth,213,0,0
1788429464.721671,iOS Bluetooth,230,33,65
1788429464.721671,iOS Bluetooth,230,0,0
1788429464.721671,iOS Bluetooth,230,0,0
1788429464.721671,iOS Bluetooth,230,0,0
1788429464.737075,iOS Bluetooth,215,17,0
1788429464.737075,iOS Bluetooth,215,0,0
1788429464.737075,iOS Bluetooth,232,104,62
1788429464.737075,iOS Bluetooth,216,52,0
1788429464.737075,iOS Bluetooth,216,0,0
1788429464.737075,iOS Bluetooth,216,0,0
1788429464.737075,iOS Bluetooth,216,0,0
1788429464.737075,iOS Bluetooth,216,0,0
1788429464.737075,iOS Bluetooth,216,0,0
1788429464.737075,iOS Bluetooth,216,0,0
1788429464.737075,iOS Bluetooth,216,0,0
1788429464.751807,iOS Bluetooth,234,89,64
1788429464.751807,iOS Bluetooth,218,2,0
1788429464.751807,iOS Bluetooth,218,0,0
1788429464.751807,iOS Bluetooth,235,31,65
1788429464.751807,iOS Bluetooth,219,32,0
1788429464.751807,iOS Bluetooth,219,0,0
1788429464.751807,iOS Bluetooth,236,8,64
1788429464.774505,iOS Bluetooth,220,98,0
1788429464.774505,iOS Bluetooth,220,0,0
1788429464.774505,iOS Bluetooth,237,101,62
1788429464.774505,iOS Bluetooth,221,4,0
1788429464.774505,iOS Bluetooth,221,0,0
1788429464.774505,iOS Bluetooth,238,30,63
1788429464.774505,iOS Bluetooth,222,38,0
1788429464.774505,iOS Bluetooth,222,0,0
1788429464.789529,iOS Bluetooth,229,98,64
1788429464.789529,iOS Bluetooth,213,71,0
1788429464.789529,iOS Bluetooth,213,0,0
1788429464.789529,iOS Bluetooth,230,27,65
1788429464.789529,iOS Bluetooth,214,9,0
1788429464.789529,iOS Bluetooth,214,0,0
1788429464.789529,iOS Bluetooth,214,0,0
1788429464.789529,iOS Bluetooth,214,0,0
1788429464.789529,iOS Bluetooth,214,0,0
1788429464.804452,iOS Bluetooth,215,26,0
1788429464.804452,iOS Bluetooth,215,0,0
1788429464.804452,iOS Bluetooth,232,97,62
1788429464.804452,iOS Bluetooth,216,50,0
1788429464.804452,iOS Bluetooth,216,0,0
1788429464.804452,iOS Bluetooth,233,42,63
1788429464.804452,iOS Bluetooth,233,0,0
1788429464.819419,iOS Bluetooth,234,107,64
1788429464.819419,iOS Bluetooth,218,0,0
1788429464.819419,iOS Bluetooth,218,0,0
1788429464.819419,iOS Bluetooth,235,24,65
1788429464.819419,iOS Bluetooth,219,38,0
1788429464.819419,iOS Bluetooth,219,0,0
1788429464.819419,iOS Bluetooth,219,0,0
1788429464.819419,iOS Bluetooth,219,0,0
1788429464.819419,iOS Bluetooth,219,0,0
1788429464.834464,iOS Bluetooth,220,90,0
1788429464.834464,iOS Bluetooth,220,0,0
1788429464.834464,iOS Bluetooth,237,94,62
1788429464.834464,iOS Bluetooth,221,1,0
1788429464.834464,iOS Bluetooth,221,0,0
1788429464.834464,iOS Bluetooth,238,49,63
1788429464.856600,iOS Bluetooth,229,115,64
1788429464.856671,iOS Bluetooth,213,60,0
1788429464.856671,iOS Bluetooth,213,0,0
1788429464.856671,iOS Bluetooth,230,18,65
1788429464.856671,iOS Bluetooth,214,5,0
1788429464.856671,iOS Bluetooth,214,0,0
1788429464.856671,iOS Bluetooth,214,0,0
1788429464.856671,iOS Bluetooth,214,0,0
1788429464.856671,iOS Bluetooth,214,0,0
1788429464.856671,iOS Bluetooth,215,42,0
1788429464.856671,iOS Bluetooth,215,0,0
1788429464.871601,iOS Bluetooth,232,92,62
1788429464.871601,iOS Bluetooth,216,48,0
1788429464.871601,iOS Bluetooth,216,0,0
1788429464.871601,iOS Bluetooth,216,0,0
1788429464.871601,iOS Bluetooth,216,0,0
1788429464.871601,iOS Bluetooth,216,0,0
1788429464.871601,iOS Bluetooth,216,0,0
1788429464.871601,iOS Bluetooth,216,0,0
1788429464.871601,iOS Bluetooth,216,0,0
1788429464.871601,iOS Bluetooth,234,123,64
1788429464.894660,iOS Bluetooth,218,1,0
1788429464.894660,iOS Bluetooth,218,0,0
1788429464.894660,iOS Bluetooth,235,14,65
1788429464.894660,iOS Bluetooth,235,0,0
1788429464.894660,iOS Bluetooth,235,0,0
1788429464.894660,iOS Bluetooth,235,0,0
1788429464.894660,iOS Bluetooth,220,81,0
1788429464.894660,iOS Bluetooth,220,0,0
1788429464.909451,iOS Bluetooth,237,92,62
1788429464.909451,iOS Bluetooth,221,0,0
1788429464.909451,iOS Bluetooth,221,0,0
1788429464.909451,iOS Bluetooth,221,0,0
1788429464.909451,iOS Bluetooth,221,0,0
1788429464.909451,iOS Bluetooth,221,0,0
1788429464.909451,iOS Bluetooth,221,0,0
1788429464.909451,iOS Bluetooth,221,0,0
1788429464.909451,iOS Bluetooth,221,0,0
1788429464.924719,iOS Bluetooth,229,4,65
1788429464.924719,iOS Bluetooth,213,52,0
1788429464.924719,iOS Bluetooth,213,0,0
1788429464.924719,iOS Bluetooth,230,6,65
1788429464.924719,iOS Bluetooth,230,0,0
1788429464.924719,iOS Bluetooth,230,0,0
1788429464.924719,iOS Bluetooth,230,0,0
1788429464.939431,iOS Bluetooth,215,59,0
1788429464.939431,iOS Bluetooth,215,0,0
1788429464.939431,iOS Bluetooth,232,91,62
1788429464.939431,iOS Bluetooth,216,46,0
1788429464.939431,iOS Bluetooth,216,0,0
1788429464.939431,iOS Bluetooth,216,0,0
1788429464.939431,iOS Bluetooth,216,0,0
1788429464.939431,iOS Bluetooth,216,0,0
1788429464.939431,iOS Bluetooth,216,0,0
1788429464.939431,iOS Bluetooth,216,0,0
1788429464.939431,iOS Bluetooth,216,0,0
1788429464.954740,iOS Bluetooth,234,10,65
1788429464.954740,iOS Bluetooth,218,3,0
1788429464.954740,iOS Bluetooth,218,0,0
1788429464.954740,iOS Bluetooth,235,0,65
1788429464.954740,iOS Bluetooth,219,54,0
1788429464.954740,iOS Bluetooth,219,0,0
1788429464.954740,iOS Bluetooth,236,69,63
1788429464.969469,iOS Bluetooth,220,71,0
1788429464.969469,iOS Bluetooth,220,0,0
1788429464.969469,iOS Bluetooth,238,91,63
1788429464.969469,iOS Bluetooth,222,83,0
1788429464.969469,iOS Bluetooth,222,0,0
1788429464.969469,iOS Bluetooth,229,14,65
1788429464.969469,iOS Bluetooth,229,0,0
1788429464.984614,iOS Bluetooth,230,121,64
1788429464.984614,iOS Bluetooth,214,1,0
1788429464.984614,iOS Bluetooth,214,0,0
1788429464.984614,iOS Bluetooth,231,56,63
1788429464.984614,iOS Bluetooth,215,65,0
1788429464.984614,iOS Bluetooth,215,0,0
1788429464.984614,iOS Bluetooth,215,0,0
1788429464.984614,iOS Bluetooth,215,0,0
1788429464.984614,iOS Bluetooth,215,0,0
1788429465.006451,iOS Bluetooth,216,44,0
1788429465.006451,iOS Bluetooth,216,0,0
1788429465.006451,iOS Bluetooth,233,110,63
1788429465.006451,iOS Bluetooth,217,4,0
1788429465.006451,iOS Bluetooth,217,0,0
1788429465.006451,iOS Bluetooth,234,20,65
1788429465.006451,iOS Bluetooth,234,0,0
1788429465.021547,iOS Bluetooth,235,115,64
1788429465.021547,iOS Bluetooth,219,62,0
1788429465.021547,iOS Bluetooth,219,0,0
1788429465.021547,iOS Bluetooth,236,48,63
1788429465.021547,iOS Bluetooth,220,54,0
1788429465.021547,iOS Bluetooth,220,0,0
1788429465.021547,iOS Bluetooth,220,0,0
1788429465.021547,iOS Bluetooth,220,0,0
1788429465.021547,iOS Bluetooth,220,0,0
1788429465.036657,iOS Bluetooth,221,1,0
1788429465.036657,iOS Bluetooth,221,0,0
1788429465.036657,iOS Bluetooth,238,115,63
1788429465.036657,iOS Bluetooth,222,91,0
1788429465.036657,iOS Bluetooth,222,0,0
1788429465.036657,iOS Bluetooth,229,24,65
1788429465.044247,iOS Bluetooth,230,105,64
1788429465.059397,iOS Bluetooth,214,0,0
1788429465.059397,iOS Bluetooth,214,0,0
1788429465.059397,iOS Bluetooth,231,36,63
1788429465.059397,iOS Bluetooth,215,61,0
1788429465.059397,iOS Bluetooth,215,0,0
1788429465.059397,iOS Bluetooth,215,0,0
1788429465.059397,iOS Bluetooth,215,0,0
1788429465.059397,iOS Bluetooth,215,0,0
1788429465.059397,iOS Bluetooth,216,42,0
1788429465.059397,iOS Bluetooth,216,0,0
1788429465.074241,iOS Bluetooth,233,0,64
1788429465.074241,iOS Bluetooth,217,0,0
1788429465.074241,iOS Bluetooth,217,0,0
1788429465.074241,iOS Bluetooth,217,0,0
1788429465.074241,iOS Bluetooth,217,0,0
1788429465.074241,iOS Bluetooth,217,0,0
1788429465.074241,iOS Bluetooth,217,0,0
1788429465.074241,iOS Bluetooth,217,0,0
1788429465.074241,iOS Bluetooth,217,0,0
1788429465.074241,iOS Bluetooth,235,98,64
1788429465.089547,iOS Bluetooth,219,73,0
1788429465.089547,iOS Bluetooth,219,0,0
1788429465.089547,iOS Bluetooth,236,30,63
1788429465.089547,iOS Bluetooth,236,0,0
1788429465.089547,iOS Bluetooth,236,0,0
1788429465.089547,iOS Bluetooth,236,0,0
1788429465.089547,iOS Bluetooth,221,4,0
1788429465.089547,iOS Bluetooth,221,0,0
1788429465.104458,iOS Bluetooth,238,8,64
1788429465.104458,iOS Bluetooth,222,99,0
1788429465.104458,iOS Bluetooth,222,0,0
1788429465.104458,iOS Bluetooth,222,0,0
1788429465.104458,iOS Bluetooth,222,0,0
1788429465.104458,iOS Bluetooth,222,0,0
1788429465.104458,iOS Bluetooth,222,0,0
1788429465.104458,iOS Bluetooth,222,0,0
1788429465.104458,iOS Bluetooth,222,0,0
1788429465.126549,iOS Bluetooth,230,84,64
1788429465.126549,iOS Bluetooth,214,2,0
1788429465.126549,iOS Bluetooth,214,0,0
1788429465.126549,iOS Bluetooth,231,19,63
1788429465.126549,iOS Bluetooth,231,0,0
1788429465.126549,iOS Bluetooth,231,0,0
1788429465.126549,iOS Bluetooth,231,0,0
1788429465.141513,iOS Bluetooth,216,39,0
1788429465.141513,iOS Bluetooth,216,0,0
1788429465.141513,iOS Bluetooth,233,16,64
1788429465.141513,iOS Bluetooth,234,34,65
1788429465.141513,iOS Bluetooth,234,0,0
1788429465.141513,iOS Bluetooth,234,0,0
1788429465.141513,iOS Bluetooth,234,0,0
1788429465.156903,iOS Bluetooth,219,85,0
1788429465.156903,iOS Bluetooth,219,0,0
1788429465.156903,iOS Bluetooth,236,13,63
1788429465.156903,iOS Bluetooth,220,24,0
1788429465.156903,iOS Bluetooth,220,0,0
1788429465.156903,iOS Bluetooth,237,110,62
1788429465.156903,iOS Bluetooth,221,8,0
1788429465.156903,iOS Bluetooth,221,0,0
1788429465.171680,iOS Bluetooth,238,30,64
1788429465.171680,iOS Bluetooth,222,106,0
1788429465.171680,iOS Bluetooth,222,0,0
1788429465.171680,iOS Bluetooth,229,36,65
1788429465.171680,iOS Bluetooth,213,25,0
1788429465.171680,iOS Bluetooth,213,0,0
1788429465.171680,iOS Bluetooth,230,66,64
1788429465.186702,iOS Bluetooth,214,6,0
1788429465.186702,iOS Bluetooth,214,0,0
1788429465.186702,iOS Bluetooth,231,3,63
1788429465.186702,iOS Bluetooth,215,56,0
1788429465.186702,iOS Bluetooth,215,0,0
1788429465.186702,iOS Bluetooth,232,117,62
1788429465.186702,iOS Bluetooth,232,0,0
1788429465.201520,iOS Bluetooth,233,40,64
1788429465.201520,iOS Bluetooth,217,1,0
1788429465.201520,iOS Bluetooth,217,0,0
1788429465.201520,iOS Bluetooth,214,0,0
1788429465.201520,iOS Bluetooth,214,0,0
1788429465.201520,iOS Bluetooth,134,66,64
1788429465.201520,iOS Bluetooth,239,0,64
1788429465.201520,iOS Bluetooth,159,66,96
1788429465.201520,iOS Bluetooth,234,36,65
1788429465.201520,iOS Bluetooth,218,19,0
1788429465.201520,iOS Bluetooth,218,0,0
1788429465.201520,iOS Bluetooth,218,0,0
1788429465.201520,iOS Bluetooth,218,0,0
1788429465.201520,iOS Bluetooth,218,0,0
1788429465.216584,iOS Bluetooth,219,98,0
1788429465.216584,iOS Bluetooth,219,0,0
1788429465.216584,iOS Bluetooth,236,125,62
1788429465.216584,iOS Bluetooth,220,16,0
1788429465.216584,iOS Bluetooth,220,0,0
1788429465.216584,iOS Bluetooth,237,121,62
1788429465.231781,iOS Bluetooth,238,52,64
1788429465.239461,iOS Bluetooth,222,99,0
1788429465.239461,iOS Bluetooth,222,0,0
1788429465.239461,iOS Bluetooth,239,42,64
1788429465.239461,iOS Bluetooth,223,11,0
1788429465.239461,iOS Bluetooth,223,0,0
1788429465.239461,iOS Bluetooth,223,0,0
1788429465.239461,iOS Bluetooth,223,0,0
1788429465.239461,iOS Bluetooth,223,0,0
1788429465.239461,iOS Bluetooth,230,57,64
1788429465.261616,iOS Bluetooth,231,117,62
1788429465.261616,iOS Bluetooth,215,54,0
1788429465.261616,iOS Bluetooth,215,0,0
1788429465.261616,iOS Bluetooth,232,2,63
1788429465.261616,iOS Bluetooth,232,0,0
1788429465.261616,iOS Bluetooth,232,0,42
1788429465.261616,iOS Bluetooth,232,63,64
1788429465.276462,iOS Bluetooth,217,5,0
1788429465.276462,iOS Bluetooth,217,0,0
1788429465.276462,iOS Bluetooth,218,24,0
1788429465.276462,iOS Bluetooth,218,0,0
1788429465.276462,iOS Bluetooth,218,0,0
1788429465.276462,iOS Bluetooth,218,0,0
1788429465.276462,iOS Bluetooth,218,0,0
1788429465.276462,iOS Bluetooth,218,0,0
1788429465.276462,iOS Bluetooth,218,0,0
1788429465.276462,iOS Bluetooth,218,0,0
1788429465.276462,iOS Bluetooth,236,114,62
1788429465.291611,iOS Bluetooth,220,9,0
1788429465.291611,iOS Bluetooth,220,0,0
1788429465.291611,iOS Bluetooth,237,8,63
1788429465.291611,iOS Bluetooth,237,0,0
1788429465.291611,iOS Bluetooth,237,0,0
1788429465.291611,iOS Bluetooth,237,0,0
1788429465.291611,iOS Bluetooth,222,87,0
1788429465.291611,iOS Bluetooth,222,0,0
1788429465.306633,iOS Bluetooth,239,19,64
1788429465.306633,iOS Bluetooth,223,16,0
1788429465.306633,iOS Bluetooth,223,0,0
1788429465.306633,iOS Bluetooth,223,0,0
1788429465.306633,iOS Bluetooth,223,0,0
1788429465.306633,iOS Bluetooth,223,0,0
1788429465.306633,iOS Bluetooth,223,0,0
1788429465.306633,iOS Bluetooth,223,0,0
1788429465.306633,iOS Bluetooth,223,0,0
1788429465.321746,iOS Bluetooth,231,106,62
1788429465.321746,iOS Bluetooth,215,52,0
1788429465.321746,iOS Bluetooth,215,0,0
1788429465.321746,iOS Bluetooth,232,17,63
1788429465.321746,iOS Bluetooth,232,0,0
1788429465.321746,iOS Bluetooth,232,0,0
1788429465.321746,iOS Bluetooth,232,0,0
1788429465.336571,iOS Bluetooth,217,10,0
1788429465.336571,iOS Bluetooth,217,0,0
1788429465.336571,iOS Bluetooth,234,32,65
1788429465.336571,iOS Bluetooth,218,29,0
1788429465.336571,iOS Bluetooth,218,0,0
1788429465.336571,iOS Bluetooth,218,0,0
1788429465.336571,iOS Bluetooth,218,0,0
1788429465.336571,iOS Bluetooth,218,0,0
1788429465.336571,iOS Bluetooth,218,0,0
1788429465.336571,iOS Bluetooth,218,0,0
1788429465.336571,iOS Bluetooth,218,0,0
1788429465.351687,iOS Bluetooth,236,103,62
1788429465.351687,iOS Bluetooth,220,5,0
1788429465.351687,iOS Bluetooth,220,0,0
1788429465.351687,iOS Bluetooth,237,26,63
1788429465.351687,iOS Bluetooth,221,35,0
1788429465.351687,iOS Bluetooth,221,0,0
1788429465.351687,iOS Bluetooth,238,92,64
1788429465.374584,iOS Bluetooth,222,74,0
1788429465.374584,iOS Bluetooth,222,0,0
1788429465.374584,iOS Bluetooth,239,2,64
1788429465.374584,iOS Bluetooth,223,20,0
1788429465.374584,iOS Bluetooth,223,0,0
1788429465.374584,iOS Bluetooth,229,29,65
1788429465.374584,iOS Bluetooth,213,10,0
1788429465.374584,iOS Bluetooth,213,0,0
1788429465.389377,iOS Bluetooth,231,98,62
1788429465.389377,iOS Bluetooth,215,51,0
1788429465.389377,iOS Bluetooth,215,0,0
1788429465.389377,iOS Bluetooth,232,37,63
1788429465.389377,iOS Bluetooth,216,27,0
1788429465.389377,iOS Bluetooth,216,0,0
1788429465.389377,iOS Bluetooth,216,0,0
1788429465.389377,iOS Bluetooth,216,0,0
1788429465.389377,iOS Bluetooth,216,0,0
1788429465.404259,iOS Bluetooth,217,14,0
1788429465.404259,iOS Bluetooth,217,0,0
1788429465.404259,iOS Bluetooth,234,26,65
1788429465.404259,iOS Bluetooth,218,36,0
1788429465.404259,iOS Bluetooth,218,0,0
1788429465.404259,iOS Bluetooth,235,120,63
1788429465.404259,iOS Bluetooth,235,0,0
1788429465.419384,iOS Bluetooth,236,96,62
1788429465.419384,iOS Bluetooth,220,2,0
1788429465.419384,iOS Bluetooth,220,0,0
1788429465.419384,iOS Bluetooth,237,44,63
1788429465.419384,iOS Bluetooth,221,50,0
1788429465.419384,iOS Bluetooth,221,0,0
1788429465.419384,iOS Bluetooth,221,0,0
1788429465.419384,iOS Bluetooth,221,0,0
1788429465.419384,iOS Bluetooth,221,0,0
1788429465.434499,iOS Bluetooth,222,64,0
1788429465.434499,iOS Bluetooth,222,0,0
1788429465.434499,iOS Bluetooth,239,109,63
1788429465.434499,iOS Bluetooth,223,36,0
1788429465.434499,iOS Bluetooth,223,0,0
1788429465.434499,iOS Bluetooth,229,20,65
1788429465.449507,iOS Bluetooth,231,93,62
1788429465.456554,iOS Bluetooth,215,49,0
1788429465.456554,iOS Bluetooth,215,0,0
1788429465.456554,iOS Bluetooth,232,57,63
1788429465.456554,iOS Bluetooth,216,22,0
1788429465.456554,iOS Bluetooth,216,0,0
1788429465.456554,iOS Bluetooth,216,0,0
1788429465.456554,iOS Bluetooth,216,0,0
1788429465.456554,iOS Bluetooth,216,0,0
1788429465.456554,iOS Bluetooth,217,19,0
1788429465.456554,iOS Bluetooth,217,0,0
1788429465.471511,iOS Bluetooth,234,15,65
1788429465.471511,iOS Bluetooth,218,43,0
1788429465.471511,iOS Bluetooth,218,0,0
1788429465.471511,iOS Bluetooth,218,0,0
1788429465.471511,iOS Bluetooth,218,0,0
1788429465.471511,iOS Bluetooth,218,0,0
1788429465.471511,iOS Bluetooth,218,0,0
1788429465.471511,iOS Bluetooth,218,0,0
1788429465.471511,iOS Bluetooth,218,0,0
1788429465.471511,iOS Bluetooth,236,92,62
1788429465.495325,iOS Bluetooth,220,0,0
1788429465.495325,iOS Bluetooth,220,0,0
1788429465.495325,iOS Bluetooth,237,64,63
1788429465.495325,iOS Bluetooth,237,0,0
1788429465.495325,iOS Bluetooth,237,0,0
1788429465.495325,iOS Bluetooth,237,0,0
1788429465.495325,iOS Bluetooth,222,55,0
1788429465.495325,iOS Bluetooth,222,0,0
1788429465.510751,iOS Bluetooth,239,86,63
1788429465.510751,iOS Bluetooth,223,52,0
1788429465.510751,iOS Bluetooth,223,0,0
1788429465.510751,iOS Bluetooth,223,0,0
1788429465.510751,iOS Bluetooth,223,0,0
1788429465.510751,iOS Bluetooth,223,0,0
1788429465.510751,iOS Bluetooth,223,0,0
1788429465.510751,iOS Bluetooth,223,0,0
1788429465.510751,iOS Bluetooth,223,0,0
1788429465.524370,iOS Bluetooth,231,91,62
1788429465.524370,iOS Bluetooth,215,47,0
1788429465.524370,iOS Bluetooth,215,0,0
1788429465.524370,iOS Bluetooth,232,80,63
1788429465.524370,iOS Bluetooth,232,0,0
1788429465.524370,iOS Bluetooth,232,0,0
1788429465.524370,iOS Bluetooth,232,0,0
1788429465.539290,iOS Bluetooth,217,23,0
1788429465.539290,iOS Bluetooth,217,0,0
1788429465.539290,iOS Bluetooth,234,3,65
1788429465.539290,iOS Bluetooth,218,51,0
1788429465.539290,iOS Bluetooth,218,0,0
1788429465.539290,iOS Bluetooth,218,0,0
1788429465.539290,iOS Bluetooth,218,0,0
1788429465.539290,iOS Bluetooth,218,0,0
1788429465.539290,iOS Bluetooth,218,0,0
1788429465.539290,iOS Bluetooth,218,0,0
1788429465.539290,iOS Bluetooth,218,0,0
1788429465.554314,iOS Bluetooth,237,86,63
1788429465.554314,iOS Bluetooth,221,79,0
1788429465.554314,iOS Bluetooth,221,0,0
1788429465.554314,iOS Bluetooth,238,11,65
1788429465.554314,iOS Bluetooth,222,47,0
1788429465.554314,iOS Bluetooth,222,0,0
1788429465.554314,iOS Bluetooth,239,66,63
1788429465.569508,iOS Bluetooth,223,66,0
1788429465.569508,iOS Bluetooth,223,0,0
1788429465.569508,iOS Bluetooth,229,124,64
1788429465.569508,iOS Bluetooth,213,1,0
1788429465.569508,iOS Bluetooth,213,0,0
1788429465.569508,iOS Bluetooth,231,92,62
1788429465.569508,iOS Bluetooth,215,45,0
1788429465.569508,iOS Bluetooth,215,0,0
1788429465.584320,iOS Bluetooth,232,104,63
1788429465.584320,iOS Bluetooth,216,6,0
1788429465.584320,iOS Bluetooth,216,0,0
1788429465.584320,iOS Bluetooth,233,18,65
1788429465.584320,iOS Bluetooth,217,27,0
1788429465.584320,iOS Bluetooth,217,0,0
1788429465.584320,iOS Bluetooth,217,0,0
1788429465.584320,iOS Bluetooth,217,0,0
1788429465.584320,iOS Bluetooth,217,0,0
1788429465.607130,iOS Bluetooth,218,59,0
1788429465.607130,iOS Bluetooth,218,0,0
1788429465.607130,iOS Bluetooth,235,56,63
1788429465.607130,iOS Bluetooth,176,118,46
1788429465.607130,iOS Bluetooth,219,59,0
1788429465.607130,iOS Bluetooth,219,0,0
1788429465.607130,iOS Bluetooth,236,94,62
1788429465.607130,iOS Bluetooth,236,0,0
1788429465.621661,iOS Bluetooth,237,107,63
1788429465.621661,iOS Bluetooth,221,89,0
1788429465.621661,iOS Bluetooth,221,0,0
1788429465.621661,iOS Bluetooth,238,22,65
1788429465.621661,iOS Bluetooth,222,40,0
1788429465.621661,iOS Bluetooth,222,0,0
1788429465.629345,iOS Bluetooth,223,62,0
1788429465.629345,iOS Bluetooth,223,0,0
1788429465.644705,iOS Bluetooth,229,106,64
1788429465.644705,iOS Bluetooth,213,0,0
1788429465.644705,iOS Bluetooth,213,0,0
1788429465.644705,iOS Bluetooth,231,96,62
1788429465.644705,iOS Bluetooth,231,0,0
1788429465.644705,iOS Bluetooth,231,0,42
1788429465.644705,iOS Bluetooth,231,0,64
1788429465.659349,iOS Bluetooth,216,0,0
1788429465.659349,iOS Bluetooth,216,0,0
1788429465.659349,iOS Bluetooth,233,27,65
1788429465.659349,iOS Bluetooth,217,31,0
1788429465.659349,iOS Bluetooth,217,0,0
1788429465.659349,iOS Bluetooth,217,0,0
1788429465.659349,iOS Bluetooth,217,0,0
1788429465.659349,iOS Bluetooth,217,0,0
1788429465.659349,iOS Bluetooth,218,69,0
1788429465.659349,iOS Bluetooth,218,0,0
1788429465.675341,iOS Bluetooth,235,34,63
1788429465.675341,iOS Bluetooth,219,41,0
1788429465.675341,iOS Bluetooth,219,0,0
1788429465.675341,iOS Bluetooth,219,0,0
1788429465.675341,iOS Bluetooth,219,0,0
1788429465.675341,iOS Bluetooth,219,0,0
1788429465.675341,iOS Bluetooth,219,0,0
1788429465.675341,iOS Bluetooth,219,0,0
1788429465.675341,iOS Bluetooth,219,0,0
1788429465.675341,iOS Bluetooth,237,0,64
1788429465.689318,iOS Bluetooth,221,97,0
1788429465.689318,iOS Bluetooth,221,0,0
1788429465.689318,iOS Bluetooth,238,30,65
1788429465.689318,iOS Bluetooth,238,0,0
1788429465.689318,iOS Bluetooth,238,0,0
1788429465.689318,iOS Bluetooth,238,0,0
1788429465.689318,iOS Bluetooth,223,59,0
1788429465.689318,iOS Bluetooth,223,0,0
1788429465.704311,iOS Bluetooth,229,89,64
1788429465.704311,iOS Bluetooth,213,1,0
1788429465.704311,iOS Bluetooth,213,0,0
1788429465.704311,iOS Bluetooth,213,0,0
1788429465.704311,iOS Bluetooth,213,0,0
1788429465.704311,iOS Bluetooth,213,0,0
1788429465.704311,iOS Bluetooth,213,0,0
1788429465.704311,iOS Bluetooth,213,0,0
1788429465.704311,iOS Bluetooth,213,0,0
1788429465.726624,iOS Bluetooth,232,10,64
1788429465.726624,iOS Bluetooth,233,33,65
1788429465.726624,iOS Bluetooth,217,35,0
1788429465.726624,iOS Bluetooth,217,0,0
1788429465.726624,iOS Bluetooth,217,0,0
1788429465.726624,iOS Bluetooth,217,0,0
1788429465.726624,iOS Bluetooth,217,0,0
1788429465.726624,iOS Bluetooth,217,0,0
1788429465.726624,iOS Bluetooth,217,0,0
1788429465.726624,iOS Bluetooth,217,0,0
1788429465.741681,iOS Bluetooth,235,17,63
1788429465.741681,iOS Bluetooth,219,28,0
1788429465.741681,iOS Bluetooth,219,0,0
1788429465.741681,iOS Bluetooth,236,106,62
1788429465.741681,iOS Bluetooth,236,0,0
1788429465.741681,iOS Bluetooth,236,0,0
1788429465.741681,iOS Bluetooth,236,0,0
1788429465.756457,iOS Bluetooth,221,105,0
1788429465.756457,iOS Bluetooth,221,0,0
1788429465.756457,iOS Bluetooth,238,35,65
1788429465.756457,iOS Bluetooth,222,26,0
1788429465.756457,iOS Bluetooth,222,0,0
1788429465.756457,iOS Bluetooth,239,9,63
1788429465.756457,iOS Bluetooth,223,57,0
1788429465.756457,iOS Bluetooth,223,0,0
1788429465.771456,iOS Bluetooth,229,68,64
1788429465.771456,iOS Bluetooth,213,5,0
1788429465.771456,iOS Bluetooth,213,0,0
1788429465.771456,iOS Bluetooth,231,114,62
1788429465.771456,iOS Bluetooth,215,38,0
1788429465.771456,iOS Bluetooth,215,0,0
1788429465.771456,iOS Bluetooth,232,31,64
1788429465.786500,iOS Bluetooth,216,1,0
1788429465.786500,iOS Bluetooth,216,0,0
1788429465.786500,iOS Bluetooth,233,36,65
1788429465.786500,iOS Bluetooth,217,39,0
1788429465.786500,iOS Bluetooth,217,0,0
1788429465.786500,iOS Bluetooth,234,62,64
1788429465.786500,iOS Bluetooth,234,0,0
1788429465.801466,iOS Bluetooth,235,2,63
1788429465.801466,iOS Bluetooth,219,18,0
1788429465.801466,iOS Bluetooth,219,0,0
1788429465.801466,iOS Bluetooth,215,0,0
1788429465.801466,iOS Bluetooth,215,0,0
1788429465.801466,iOS Bluetooth,135,69,64
1788429465.801466,iOS Bluetooth,225,0,64
1788429465.801466,iOS Bluetooth,145,69,96
1788429465.801466,iOS Bluetooth,236,118,62
1788429465.801466,iOS Bluetooth,220,12,0
1788429465.801466,iOS Bluetooth,220,0,0
1788429465.801466,iOS Bluetooth,220,0,0
1788429465.801466,iOS Bluetooth,220,0,0
1788429465.801466,iOS Bluetooth,220,0,0
1788429465.816452,iOS Bluetooth,238,37,65
1788429465.816452,iOS Bluetooth,222,21,0
1788429465.816452,iOS Bluetooth,222,0,0
1788429465.816452,iOS Bluetooth,239,123,62
1788429465.816452,iOS Bluetooth,223,55,0
1788429465.816452,iOS Bluetooth,223,0,0
1788429465.816452,iOS Bluetooth,223,0,0
1788429465.816452,iOS Bluetooth,223,0,0
1788429465.816452,iOS Bluetooth,223,0,0
1788429465.831609,iOS Bluetooth,209,35,0
1788429465.831609,iOS Bluetooth,209,0,0
1788429465.831609,iOS Bluetooth,229,43,64
1788429465.831609,iOS Bluetooth,213,11,0
1788429465.831609,iOS Bluetooth,213,0,0
1788429465.831609,iOS Bluetooth,231,118,62
1788429465.846419,iOS Bluetooth,216,3,0
1788429465.846419,iOS Bluetooth,216,0,0
1788429465.861478,iOS Bluetooth,217,43,0
1788429465.861478,iOS Bluetooth,217,0,0
1788429465.861478,iOS Bluetooth,234,41,64
1788429465.861478,iOS Bluetooth,218,107,0
1788429465.861478,iOS Bluetooth,218,0,0
1788429465.861478,iOS Bluetooth,218,0,0
1788429465.861478,iOS Bluetooth,218,0,0
1788429465.861478,iOS Bluetooth,218,0,0
1788429465.861478,iOS Bluetooth,219,11,0
1788429465.861478,iOS Bluetooth,219,0,0
1788429465.876467,iOS Bluetooth,236,4,63
1788429465.876467,iOS Bluetooth,220,20,0
1788429465.876467,iOS Bluetooth,220,0,0
1788429465.876467,iOS Bluetooth,220,0,0
1788429465.876467,iOS Bluetooth,220,0,0
1788429465.876467,iOS Bluetooth,220,0,0
1788429465.876467,iOS Bluetooth,220,0,0
1788429465.876467,iOS Bluetooth,220,0,0
1788429465.876467,iOS Bluetooth,220,0,0
1788429465.876467,iOS Bluetooth,238,36,65
1788429465.906657,iOS Bluetooth,222,16,0
1788429465.906657,iOS Bluetooth,222,0,0
1788429465.906657,iOS Bluetooth,239,111,62
1788429465.906657,iOS Bluetooth,239,0,0
1788429465.906657,iOS Bluetooth,239,0,0
1788429465.906657,iOS Bluetooth,239,0,0
1788429465.906657,iOS Bluetooth,209,32,0
1788429465.906657,iOS Bluetooth,209,0,0
1788429465.906860,iOS Bluetooth,229,19,64
1788429465.906860,iOS Bluetooth,213,16,0
1788429465.906860,iOS Bluetooth,213,0,0
1788429465.906860,iOS Bluetooth,213,0,0
1788429465.906860,iOS Bluetooth,213,0,0
1788429465.906860,iOS Bluetooth,213,0,0
1788429465.906860,iOS Bluetooth,213,0,0
1788429465.906860,iOS Bluetooth,213,0,0
1788429465.906860,iOS Bluetooth,213,0,0
1788429465.921498,iOS Bluetooth,233,33,65
1788429465.921498,iOS Bluetooth,217,46,0
1788429465.921498,iOS Bluetooth,217,0,0
1788429465.921498,iOS Bluetooth,234,19,64
1788429465.921498,iOS Bluetooth,234,0,0
1788429465.921498,iOS Bluetooth,234,0,0
1788429465.921498,iOS Bluetooth,234,0,0
1788429465.936443,iOS Bluetooth,219,6,0
1788429465.936443,iOS Bluetooth,219,0,0
1788429465.936443,iOS Bluetooth,236,19,63
1788429465.936443,iOS Bluetooth,220,30,0
1788429465.936443,iOS Bluetooth,220,0,0
1788429465.936443,iOS Bluetooth,220,0,0
1788429465.936443,iOS Bluetooth,220,0,0
1788429465.936443,iOS Bluetooth,220,0,0
1788429465.936443,iOS Bluetooth,220,0,0
1788429465.936443,iOS Bluetooth,220,0,0
1788429465.936443,iOS Bluetooth,220,0,0
1788429465.959292,iOS Bluetooth,238,31,65
1788429465.959292,iOS Bluetooth,222,11,0
1788429465.959292,iOS Bluetooth,222,0,0
1788429465.959292,iOS Bluetooth,239,101,62
1788429465.959292,iOS Bluetooth,223,51,0
1788429465.959292,iOS Bluetooth,223,0,0
1788429465.959292,iOS Bluetooth,225,28,63
1788429465.974415,iOS Bluetooth,209,29,0
1788429465.974415,iOS Bluetooth,209,0,0
1788429465.974415,iOS Bluetooth,229,2,64
1788429465.974415,iOS Bluetooth,213,20,0
1788429465.974415,iOS Bluetooth,213,0,0
1788429465.974415,iOS Bluetooth,232,98,64
1788429465.974415,iOS Bluetooth,216,13,0
1788429465.974415,iOS Bluetooth,216,0,0
1788429465.989449,iOS Bluetooth,233,27,65
1788429465.989449,iOS Bluetooth,217,50,0
1788429465.989449,iOS Bluetooth,217,0,0
1788429465.989449,iOS Bluetooth,234,122,63
1788429465.989449,iOS Bluetooth,218,95,0
1788429465.989449,iOS Bluetooth,218,0,0
1788429465.989449,iOS Bluetooth,218,0,0
1788429465.989449,iOS Bluetooth,218,0,0
1788429465.989449,iOS Bluetooth,218,0,0
1788429466.004240,iOS Bluetooth,219,3,0
1788429466.004240,iOS Bluetooth,219,0,0
1788429466.004240,iOS Bluetooth,236,37,63
1788429466.004240,iOS Bluetooth,220,46,0
1788429466.004240,iOS Bluetooth,220,0,0
1788429466.004240,iOS Bluetooth,237,105,64
1788429466.004240,iOS Bluetooth,237,0,0
1788429466.019364,iOS Bluetooth,238,24,65
1788429466.019364,iOS Bluetooth,222,7,0
1788429466.019364,iOS Bluetooth,222,0,0
1788429466.019364,iOS Bluetooth,239,95,62
1788429466.019364,iOS Bluetooth,223,50,0
1788429466.019364,iOS Bluetooth,223,0,0
1788429466.019364,iOS Bluetooth,223,0,0
1788429466.019364,iOS Bluetooth,223,0,0
1788429466.019364,iOS Bluetooth,223,0,0
1788429466.034606,iOS Bluetooth,209,25,0
1788429466.034606,iOS Bluetooth,209,0,0
1788429466.034606,iOS Bluetooth,229,109,63
1788429466.034606,iOS Bluetooth,213,36,0
1788429466.034606,iOS Bluetooth,213,0,0
1788429466.034606,iOS Bluetooth,232,115,64
1788429466.049583,iOS Bluetooth,233,18,65
1788429466.057456,iOS Bluetooth,217,54,0
1788429466.057456,iOS Bluetooth,217,0,0
1788429466.057456,iOS Bluetooth,234,101,63
1788429466.057456,iOS Bluetooth,218,86,0
1788429466.057456,iOS Bluetooth,218,0,0
1788429466.057456,iOS Bluetooth,218,0,0
1788429466.057456,iOS Bluetooth,218,0,0
1788429466.057456,iOS Bluetooth,218,0,0
1788429466.057456,iOS Bluetooth,219,1,0
1788429466.057456,iOS Bluetooth,219,0,0
1788429466.071460,iOS Bluetooth,236,59,63
1788429466.071460,iOS Bluetooth,220,65,0
1788429466.071460,iOS Bluetooth,220,0,0
1788429466.071460,iOS Bluetooth,220,0,0
1788429466.071460,iOS Bluetooth,220,0,0
1788429466.071460,iOS Bluetooth,220,0,0
1788429466.071460,iOS Bluetooth,220,0,0
1788429466.071460,iOS Bluetooth,220,0,0
1788429466.071460,iOS Bluetooth,220,0,0
1788429466.071460,iOS Bluetooth,238,14,65
1788429466.094387,iOS Bluetooth,222,4,0
1788429466.094387,iOS Bluetooth,222,0,0
1788429466.094387,iOS Bluetooth,239,92,62
1788429466.094387,iOS Bluetooth,239,0,0
1788429466.094387,iOS Bluetooth,239,0,0
1788429466.094387,iOS Bluetooth,239,0,0
1788429466.094387,iOS Bluetooth,209,16,0
1788429466.094387,iOS Bluetooth,209,0,0
1788429466.109836,iOS Bluetooth,229,86,63
1788429466.109836,iOS Bluetooth,213,52,0
1788429466.109836,iOS Bluetooth,213,0,0
1788429466.109836,iOS Bluetooth,213,0,0
1788429466.109836,iOS Bluetooth,213,0,0
1788429466.109836,iOS Bluetooth,213,0,0
1788429466.109836,iOS Bluetooth,213,0,0
1788429466.109836,iOS Bluetooth,213,0,0
1788429466.109836,iOS Bluetooth,213,0,0
1788429466.124528,iOS Bluetooth,233,5,65
1788429466.124528,iOS Bluetooth,217,58,0
1788429466.124528,iOS Bluetooth,217,0,0
1788429466.124528,iOS Bluetooth,234,79,63
1788429466.124528,iOS Bluetooth,234,0,0
1788429466.124528,iOS Bluetooth,234,0,0
1788429466.124528,iOS Bluetooth,234,0,0
1788429466.139295,iOS Bluetooth,219,0,0
1788429466.139295,iOS Bluetooth,219,0,0
1788429466.139295,iOS Bluetooth,236,80,63
1788429466.139295,iOS Bluetooth,220,77,0
1788429466.139295,iOS Bluetooth,220,0,0
1788429466.139295,iOS Bluetooth,220,0,0
1788429466.139295,iOS Bluetooth,220,0,0
1788429466.139295,iOS Bluetooth,220,0,0
1788429466.139295,iOS Bluetooth,220,0,0
1788429466.139295,iOS Bluetooth,220,0,0
1788429466.139295,iOS Bluetooth,220,0,0
1788429466.154306,iOS Bluetooth,238,0,65
1788429466.154306,iOS Bluetooth,222,1,0
1788429466.154306,iOS Bluetooth,222,0,0
1788429466.154306,iOS Bluetooth,223,46,0
1788429466.154306,iOS Bluetooth,223,0,0
1788429466.154306,iOS Bluetooth,225,94,63
1788429466.154306,iOS Bluetooth,209,8,0
1788429466.154306,iOS Bluetooth,209,0,0
1788429466.169359,iOS Bluetooth,229,63,63
1788429466.169359,iOS Bluetooth,213,66,0
1788429466.169359,iOS Bluetooth,213,0,0
1788429466.169359,iOS Bluetooth,232,16,65
1788429466.169359,iOS Bluetooth,216,26,0
1788429466.169359,iOS Bluetooth,216,0,0
1788429466.169359,iOS Bluetooth,233,120,64
1788429466.184290,iOS Bluetooth,217,62,0
1788429466.184290,iOS Bluetooth,217,0,0
1788429466.184290,iOS Bluetooth,234,58,63
1788429466.184290,iOS Bluetooth,218,65,0
1788429466.184290,iOS Bluetooth,218,0,0
1788429466.184290,iOS Bluetooth,235,93,62
1788429466.184290,iOS Bluetooth,235,0,0
1788429466.206611,iOS Bluetooth,236,102,63
1788429466.206611,iOS Bluetooth,220,86,0
1788429466.206611,iOS Bluetooth,220,0,0
1788429466.206611,iOS Bluetooth,237,20,65
1788429466.206611,iOS Bluetooth,221,41,0
1788429466.206611,iOS Bluetooth,221,0,0
1788429466.206611,iOS Bluetooth,221,0,0
1788429466.206611,iOS Bluetooth,221,0,0
1788429466.206611,iOS Bluetooth,221,0,0
1788429466.221519,iOS Bluetooth,222,0,0
1788429466.221519,iOS Bluetooth,222,0,0
1788429466.221519,iOS Bluetooth,239,95,62
1788429466.221519,iOS Bluetooth,223,43,0
1788429466.221519,iOS Bluetooth,223,0,0
1788429466.221519,iOS Bluetooth,225,119,63
1788429466.221519,iOS Bluetooth,225,0,0
1788429466.236609,iOS Bluetooth,229,43,63
1788429466.236609,iOS Bluetooth,213,62,0
1788429466.236609,iOS Bluetooth,213,0,0
1788429466.236609,iOS Bluetooth,232,25,65
1788429466.236609,iOS Bluetooth,216,30,0
1788429466.236609,iOS Bluetooth,216,0,0
1788429466.244376,iOS Bluetooth,217,67,0
1788429466.244376,iOS Bluetooth,217,0,0
1788429466.259438,iOS Bluetooth,234,36,63
1788429466.259438,iOS Bluetooth,218,45,0
1788429466.259438,iOS Bluetooth,218,0,0
1788429466.259438,iOS Bluetooth,235,97,62
1788429466.259438,iOS Bluetooth,235,0,0
1788429466.259438,iOS Bluetooth,235,0,18
1788429466.259438,iOS Bluetooth,235,123,63
1788429466.274388,iOS Bluetooth,220,95,0
1788429466.274388,iOS Bluetooth,220,0,0
1788429466.274388,iOS Bluetooth,237,28,65
1788429466.274388,iOS Bluetooth,237,0,0
1788429466.274388,iOS Bluetooth,237,0,0
1788429466.274388,iOS Bluetooth,237,0,0
1788429466.274388,iOS Bluetooth,222,1,0
1788429466.274388,iOS Bluetooth,222,0,0
1788429466.289635,iOS Bluetooth,239,101,62
1788429466.289635,iOS Bluetooth,223,41,0
1788429466.289635,iOS Bluetooth,223,0,0
1788429466.289635,iOS Bluetooth,223,0,0
1788429466.289635,iOS Bluetooth,223,0,0
1788429466.289635,iOS Bluetooth,223,0,0
1788429466.289635,iOS Bluetooth,223,0,0
1788429466.289635,iOS Bluetooth,223,0,0
1788429466.289635,iOS Bluetooth,223,0,0
1788429466.289635,iOS Bluetooth,229,25,63
1788429466.304305,iOS Bluetooth,213,59,0
1788429466.304305,iOS Bluetooth,213,0,0
1788429466.304305,iOS Bluetooth,232,32,65
1788429466.304305,iOS Bluetooth,232,0,0
1788429466.304305,iOS Bluetooth,232,0,0
1788429466.304305,iOS Bluetooth,232,0,0
1788429466.319407,iOS Bluetooth,217,75,0
1788429466.319407,iOS Bluetooth,217,0,0
1788429466.319407,iOS Bluetooth,234,19,63
1788429466.319407,iOS Bluetooth,218,31,0
1788429466.319407,iOS Bluetooth,218,0,0
1788429466.319407,iOS Bluetooth,218,0,0
1788429466.319407,iOS Bluetooth,218,0,0
1788429466.319407,iOS Bluetooth,218,0,0
1788429466.319407,iOS Bluetooth,218,0,0
1788429466.319407,iOS Bluetooth,218,0,0
1788429466.319407,iOS Bluetooth,218,0,0
1788429466.341573,iOS Bluetooth,236,19,64
1788429466.341573,iOS Bluetooth,220,103,0
1788429466.341573,iOS Bluetooth,220,0,0
1788429466.341573,iOS Bluetooth,237,34,65
1788429466.341573,iOS Bluetooth,237,0,0
1788429466.341573,iOS Bluetooth,237,0,0
1788429466.341573,iOS Bluetooth,237,0,0
1788429466.356395,iOS Bluetooth,222,4,0
1788429466.356395,iOS Bluetooth,222,0,0
1788429466.356395,iOS Bluetooth,239,110,62
1788429466.356395,iOS Bluetooth,223,38,0
1788429466.356395,iOS Bluetooth,223,0,0
1788429466.356395,iOS Bluetooth,225,25,64
1788429466.356395,iOS Bluetooth,229,9,63
1788429466.371836,iOS Bluetooth,213,56,0
1788429466.371836,iOS Bluetooth,213,0,0
1788429466.371836,iOS Bluetooth,232,36,65
1788429466.371836,iOS Bluetooth,216,38,0
1788429466.371836,iOS Bluetooth,216,0,0
1788429466.371836,iOS Bluetooth,233,64,64
1788429466.371836,iOS Bluetooth,217,82,0
1788429466.371836,iOS Bluetooth,217,0,0
1788429466.386734,iOS Bluetooth,234,3,63
1788429466.386734,iOS Bluetooth,218,21,0
1788429466.386734,iOS Bluetooth,218,0,0
1788429466.386734,iOS Bluetooth,235,115,62
1788429466.386734,iOS Bluetooth,219,11,0
1788429466.386734,iOS Bluetooth,219,0,0
1788429466.386734,iOS Bluetooth,219,0,0
1788429466.386734,iOS Bluetooth,219,0,0
1788429466.386734,iOS Bluetooth,219,0,0
1788429466.401695,iOS Bluetooth,220,108,0
1788429466.401695,iOS Bluetooth,220,0,0
1788429466.401695,iOS Bluetooth,237,36,65
1788429466.401695,iOS Bluetooth,216,0,0
1788429466.401695,iOS Bluetooth,216,0,0
1788429466.401695,iOS Bluetooth,136,72,64
1788429466.401695,iOS Bluetooth,226,0,64
1788429466.401695,iOS Bluetooth,146,72,96
1788429466.401695,iOS Bluetooth,221,22,0
1788429466.401695,iOS Bluetooth,221,0,0
1788429466.401695,iOS Bluetooth,238,54,64
1788429466.401695,iOS Bluetooth,238,0,0
1788429466.416939,iOS Bluetooth,239,122,62
1788429466.416939,iOS Bluetooth,223,36,0
1788429466.416939,iOS Bluetooth,223,0,0
1788429466.416939,iOS Bluetooth,225,49,64
1788429466.416939,iOS Bluetooth,209,2,0
1788429466.416939,iOS Bluetooth,209,0,0
1788429466.431603,iOS Bluetooth,210,41,0
1788429466.431603,iOS Bluetooth,210,0,0
1788429466.439556,iOS Bluetooth,229,120,62
1788429466.439556,iOS Bluetooth,213,54,0
1788429466.439556,iOS Bluetooth,213,0,0
1788429466.439556,iOS Bluetooth,233,42,64
1788429466.439556,iOS Bluetooth,233,0,0
1788429466.439556,iOS Bluetooth,233,0,74
1788429466.439556,iOS Bluetooth,233,118,62
1788429466.461824,iOS Bluetooth,218,12,0
1788429466.461824,iOS Bluetooth,218,0,0
1788429466.461824,iOS Bluetooth,235,0,63
1788429466.461824,iOS Bluetooth,219,18,0
1788429466.461824,iOS Bluetooth,219,0,0
1788429466.461824,iOS Bluetooth,219,0,0
1788429466.461824,iOS Bluetooth,219,0,0
1788429466.461824,iOS Bluetooth,219,0,0
1788429466.461824,iOS Bluetooth,220,94,0
1788429466.461824,iOS Bluetooth,220,0,0
1788429466.476770,iOS Bluetooth,221,17,0
1788429466.476770,iOS Bluetooth,221,0,0
1788429466.476770,iOS Bluetooth,238,31,64
1788429466.476770,iOS Bluetooth,238,0,0
1788429466.476770,iOS Bluetooth,238,0,0
1788429466.476770,iOS Bluetooth,238,0,0
1788429466.476770,iOS Bluetooth,223,33,0
1788429466.476770,iOS Bluetooth,223,0,0
1788429466.491748,iOS Bluetooth,225,72,64
1788429466.491748,iOS Bluetooth,209,7,0
1788429466.491748,iOS Bluetooth,209,0,0
1788429466.491748,iOS Bluetooth,209,0,0
1788429466.491748,iOS Bluetooth,209,0,0
1788429466.491748,iOS Bluetooth,209,0,0
1788429466.491748,iOS Bluetooth,209,0,0
1788429466.491748,iOS Bluetooth,209,0,0
1788429466.491748,iOS Bluetooth,209,0,0
1788429466.491748,iOS Bluetooth,229,110,62
1788429466.507455,iOS Bluetooth,213,53,0
1788429466.507455,iOS Bluetooth,213,0,0
1788429466.507455,iOS Bluetooth,233,20,64
1788429466.507455,iOS Bluetooth,233,0,0
1788429466.507455,iOS Bluetooth,233,0,0
1788429466.507455,iOS Bluetooth,233,0,0
1788429466.521471,iOS Bluetooth,218,7,0
1788429466.521471,iOS Bluetooth,218,0,0
1788429466.521471,iOS Bluetooth,235,15,63
1788429466.521471,iOS Bluetooth,219,27,0
1788429466.521471,iOS Bluetooth,219,0,0
1788429466.521471,iOS Bluetooth,219,0,0
1788429466.521471,iOS Bluetooth,219,0,0
1788429466.521471,iOS Bluetooth,219,0,0
1788429466.521471,iOS Bluetooth,219,0,0
1788429466.521471,iOS Bluetooth,219,0,0
1788429466.521471,iOS Bluetooth,219,0,0
1788429466.536531,iOS Bluetooth,237,32,65
1788429466.536531,iOS Bluetooth,221,12,0
1788429466.536531,iOS Bluetooth,221,0,0
1788429466.536531,iOS Bluetooth,238,9,64
1788429466.536531,iOS Bluetooth,238,0,0
1788429466.536531,iOS Bluetooth,238,0,0
1788429466.536531,iOS Bluetooth,238,0,0
1788429466.551790,iOS Bluetooth,223,29,0
1788429466.551790,iOS Bluetooth,223,0,0
1788429466.551790,iOS Bluetooth,225,92,64
1788429466.551790,iOS Bluetooth,209,12,0
1788429466.551790,iOS Bluetooth,209,0,0
1788429466.551790,iOS Bluetooth,226,29,65
1788429466.551790,iOS Bluetooth,210,49,0
1788429466.551790,iOS Bluetooth,210,0,0
1788429466.574338,iOS Bluetooth,229,100,62
1788429466.574338,iOS Bluetooth,213,51,0
1788429466.574338,iOS Bluetooth,213,0,0
1788429466.574338,iOS Bluetooth,233,125,63
1788429466.574338,iOS Bluetooth,217,45,0
1788429466.574338,iOS Bluetooth,217,0,0
1788429466.574338,iOS Bluetooth,234,99,62
1788429466.589316,iOS Bluetooth,218,3,0
1788429466.589316,iOS Bluetooth,218,0,0
1788429466.589316,iOS Bluetooth,235,32,63
1788429466.589316,iOS Bluetooth,219,42,0
1788429466.589316,iOS Bluetooth,219,0,0
1788429466.589316,iOS Bluetooth,236,101,64
1788429466.589316,iOS Bluetooth,236,0,0
1788429466.604501,iOS Bluetooth,237,26,65
1788429466.604501,iOS Bluetooth,221,8,0
1788429466.604501,iOS Bluetooth,221,0,0
1788429466.604501,iOS Bluetooth,176,118,47
1788429466.604501,iOS Bluetooth,238,119,63
1788429466.604501,iOS Bluetooth,222,28,0
1788429466.604501,iOS Bluetooth,222,0,0
1788429466.604501,iOS Bluetooth,222,0,0
1788429466.604501,iOS Bluetooth,222,0,0
1788429466.604501,iOS Bluetooth,222,0,0
1788429466.619456,iOS Bluetooth,223,26,0
1788429466.619456,iOS Bluetooth,223,0,0
1788429466.619456,iOS Bluetooth,225,111,64
1788429466.619456,iOS Bluetooth,209,16,0
1788429466.619456,iOS Bluetooth,209,0,0
1788429466.619456,iOS Bluetooth,226,22,65
1788429466.619456,iOS Bluetooth,226,0,0
1788429466.634362,iOS Bluetooth,229,94,62
1788429466.634362,iOS Bluetooth,213,49,0
1788429466.634362,iOS Bluetooth,213,0,0
1788429466.634362,iOS Bluetooth,233,106,63
1788429466.634362,iOS Bluetooth,217,37,0
1788429466.634362,iOS Bluetooth,217,0,0
1788429466.649495,iOS Bluetooth,218,1,0
1788429466.649495,iOS Bluetooth,218,0,0
1788429466.656447,iOS Bluetooth,235,56,63
1788429466.656447,iOS Bluetooth,219,60,0
1788429466.656447,iOS Bluetooth,219,0,0
1788429466.656447,iOS Bluetooth,236,117,64
1788429466.656447,iOS Bluetooth,236,0,0
1788429466.656447,iOS Bluetooth,236,0,34
1788429466.656447,iOS Bluetooth,236,17,65
1788429466.671560,iOS Bluetooth,221,4,0
1788429466.671560,iOS Bluetooth,221,0,0
1788429466.671560,iOS Bluetooth,238,98,63
1788429466.671560,iOS Bluetooth,238,0,0
1788429466.671560,iOS Bluetooth,238,0,0
1788429466.671560,iOS Bluetooth,238,0,0
1788429466.671560,iOS Bluetooth,223,19,0
1788429466.671560,iOS Bluetooth,223,0,0
1788429466.694389,iOS Bluetooth,225,126,64
1788429466.694389,iOS Bluetooth,209,20,0
1788429466.694389,iOS Bluetooth,209,0,0
1788429466.694389,iOS Bluetooth,209,0,0
1788429466.694389,iOS Bluetooth,209,0,0
1788429466.694389,iOS Bluetooth,209,0,0
1788429466.694389,iOS Bluetooth,209,0,0
1788429466.694389,iOS Bluetooth,209,0,0
1788429466.694389,iOS Bluetooth,209,0,0
1788429466.694389,iOS Bluetooth,229,92,62
1788429466.709320,iOS Bluetooth,213,47,0
1788429466.709320,iOS Bluetooth,213,0,0
1788429466.709320,iOS Bluetooth,233,84,63
1788429466.709320,iOS Bluetooth,233,0,0
1788429466.709320,iOS Bluetooth,233,0,0
1788429466.709320,iOS Bluetooth,233,0,0
1788429466.724534,iOS Bluetooth,218,0,0
1788429466.724534,iOS Bluetooth,218,0,0
1788429466.724534,iOS Bluetooth,235,77,63
1788429466.724534,iOS Bluetooth,219,75,0
1788429466.724534,iOS Bluetooth,219,0,0
1788429466.724534,iOS Bluetooth,219,0,0
1788429466.724534,iOS Bluetooth,219,0,0
1788429466.724534,iOS Bluetooth,219,0,0
1788429466.724534,iOS Bluetooth,219,0,0
1788429466.724534,iOS Bluetooth,219,0,0
1788429466.724534,iOS Bluetooth,219,0,0
1788429466.739488,iOS Bluetooth,237,3,65
1788429466.739488,iOS Bluetooth,221,2,0
1788429466.739488,iOS Bluetooth,221,0,0
1788429466.739488,iOS Bluetooth,238,75,63
1788429466.739488,iOS Bluetooth,238,0,0
1788429466.739488,iOS Bluetooth,238,0,0
1788429466.739488,iOS Bluetooth,238,0,0
1788429466.754545,iOS Bluetooth,223,9,0
1788429466.754545,iOS Bluetooth,223,0,0
1788429466.754545,iOS Bluetooth,225,11,65
1788429466.754545,iOS Bluetooth,209,25,0
1788429466.754545,iOS Bluetooth,209,0,0
1788429466.754545,iOS Bluetooth,226,124,64
1788429466.754545,iOS Bluetooth,210,61,0
1788429466.754545,iOS Bluetooth,210,0,0
1788429466.769618,iOS Bluetooth,213,45,0
1788429466.769618,iOS Bluetooth,213,0,0
1788429466.769618,iOS Bluetooth,233,62,63
1788429466.769618,iOS Bluetooth,217,20,0
1788429466.769618,iOS Bluetooth,217,0,0
1788429466.769618,iOS Bluetooth,234,92,62
1788429466.769618,iOS Bluetooth,235,96,63
1788429466.784514,iOS Bluetooth,219,84,0
1788429466.784514,iOS Bluetooth,219,0,0
1788429466.784514,iOS Bluetooth,236,16,65
1788429466.784514,iOS Bluetooth,220,43,0
1788429466.784514,iOS Bluetooth,220,0,0
1788429466.784514,iOS Bluetooth,237,119,64
1788429466.784514,iOS Bluetooth,237,0,0
1788429466.806598,iOS Bluetooth,238,53,63
1788429466.806598,iOS Bluetooth,222,65,0
1788429466.806598,iOS Bluetooth,222,0,0
1788429466.806598,iOS Bluetooth,239,113,63
1788429466.806598,iOS Bluetooth,223,4,0
1788429466.806598,iOS Bluetooth,223,0,0
1788429466.806598,iOS Bluetooth,223,0,0
1788429466.806598,iOS Bluetooth,223,0,0
1788429466.806598,iOS Bluetooth,223,0,0
1788429466.821801,iOS Bluetooth,209,28,0
1788429466.821801,iOS Bluetooth,209,0,0
1788429466.821801,iOS Bluetooth,226,111,64
1788429466.821801,iOS Bluetooth,210,65,0
1788429466.821801,iOS Bluetooth,210,0,0
1788429466.821801,iOS Bluetooth,229,95,62
1788429466.821801,iOS Bluetooth,229,0,0
1788429466.836731,iOS Bluetooth,233,41,63
1788429466.836731,iOS Bluetooth,217,11,0
1788429466.836731,iOS Bluetooth,217,0,0
1788429466.836731,iOS Bluetooth,234,96,62
1788429466.836731,iOS Bluetooth,218,2,0
1788429466.836731,iOS Bluetooth,218,0,0
1788429466.844527,iOS Bluetooth,219,92,0
1788429466.844527,iOS Bluetooth,219,0,0
1788429466.859340,iOS Bluetooth,236,26,65
1788429466.859340,iOS Bluetooth,220,36,0
1788429466.859340,iOS Bluetooth,220,0,0
1788429466.859340,iOS Bluetooth,237,102,64
1788429466.859340,iOS Bluetooth,237,0,0
1788429466.859340,iOS Bluetooth,237,0,106
1788429466.859340,iOS Bluetooth,237,60,0
1788429466.874324,iOS Bluetooth,239,0,64
1788429466.874324,iOS Bluetooth,223,0,0
1788429466.874324,iOS Bluetooth,223,0,0
1788429466.874324,iOS Bluetooth,223,0,0
1788429466.874324,iOS Bluetooth,223,0,0
1788429466.874324,iOS Bluetooth,223,0,0
1788429466.874324,iOS Bluetooth,223,0,0
1788429466.874324,iOS Bluetooth,223,0,0
1788429466.874324,iOS Bluetooth,223,0,0
1788429466.874324,iOS Bluetooth,226,93,64
1788429466.889610,iOS Bluetooth,210,71,0
1788429466.889610,iOS Bluetooth,210,0,0
1788429466.889610,iOS Bluetooth,229,101,62
1788429466.889610,iOS Bluetooth,229,0,0
1788429466.889610,iOS Bluetooth,229,0,0
1788429466.889610,iOS Bluetooth,229,0,0
1788429466.889610,iOS Bluetooth,217,5,0
1788429466.889610,iOS Bluetooth,217,0,0
1788429466.904692,iOS Bluetooth,234,103,62
1788429466.904692,iOS Bluetooth,218,4,0
1788429466.904692,iOS Bluetooth,218,0,0
1788429466.904692,iOS Bluetooth,218,0,0
1788429466.904692,iOS Bluetooth,218,0,0
1788429466.904692,iOS Bluetooth,218,0,0
1788429466.904692,iOS Bluetooth,218,0,0
1788429466.904692,iOS Bluetooth,218,0,0
1788429466.904692,iOS Bluetooth,218,0,0
1788429466.919423,iOS Bluetooth,236,32,65
1788429466.919423,iOS Bluetooth,220,30,0
1788429466.919423,iOS Bluetooth,220,0,0
1788429466.919423,iOS Bluetooth,237,84,64
1788429466.919423,iOS Bluetooth,237,0,0
1788429466.919423,iOS Bluetooth,237,0,0
1788429466.919423,iOS Bluetooth,237,0,0
1788429466.955179,iOS Bluetooth,222,58,0
1788429466.955179,iOS Bluetooth,222,0,0
1788429466.955179,iOS Bluetooth,239,16,64
1788429466.955179,iOS Bluetooth,225,34,65
1788429466.955179,iOS Bluetooth,225,0,0
1788429466.955179,iOS Bluetooth,225,0,0
1788429466.955179,iOS Bluetooth,225,0,0
1788429466.956723,iOS Bluetooth,210,79,0
1788429466.956723,iOS Bluetooth,210,0,0
1788429466.956723,iOS Bluetooth,229,110,62
1788429466.956723,iOS Bluetooth,213,38,0
1788429466.956723,iOS Bluetooth,213,0,0
1788429466.956723,iOS Bluetooth,233,7,63
1788429466.956723,iOS Bluetooth,217,1,0
1788429466.956723,iOS Bluetooth,217,0,0
1788429466.971636,iOS Bluetooth,234,113,62
1788429466.971636,iOS Bluetooth,218,9,0
1788429466.971636,iOS Bluetooth,218,0,0
1788429466.971636,iOS Bluetooth,235,33,64
1788429466.971636,iOS Bluetooth,219,107,0
1788429466.971636,iOS Bluetooth,219,0,0
1788429466.971636,iOS Bluetooth,236,36,65
1788429466.986720,iOS Bluetooth,220,24,0
1788429466.986720,iOS Bluetooth,220,0,0
1788429466.986720,iOS Bluetooth,237,63,64
1788429466.986720,iOS Bluetooth,221,7,0
1788429466.986720,iOS Bluetooth,221,0,0
1788429466.986720,iOS Bluetooth,238,2,63
1788429466.986720,iOS Bluetooth,238,0,0
1788429467.001548,iOS Bluetooth,239,40,64
1788429467.001548,iOS Bluetooth,223,1,0
1788429467.001548,iOS Bluetooth,223,0,0
1788429467.001548,iOS Bluetooth,217,0,0
1788429467.001548,iOS Bluetooth,217,0,0
1788429467.001548,iOS Bluetooth,137,75,64
1788429467.001548,iOS Bluetooth,227,0,64
1788429467.001548,iOS Bluetooth,147,75,96
1788429467.001548,iOS Bluetooth,225,37,65
1788429467.001548,iOS Bluetooth,209,40,0
1788429467.001548,iOS Bluetooth,209,0,0
1788429467.001548,iOS Bluetooth,209,0,0
1788429467.001548,iOS Bluetooth,209,0,0
1788429467.001548,iOS Bluetooth,209,0,0
1788429467.016597,iOS Bluetooth,210,81,0
1788429467.016597,iOS Bluetooth,210,0,0
1788429467.016597,iOS Bluetooth,227,121,62
1788429467.016597,iOS Bluetooth,229,123,62
1788429467.016597,iOS Bluetooth,213,36,0
1788429467.016597,iOS Bluetooth,213,0,0
1788429467.016597,iOS Bluetooth,213,0,0
1788429467.016597,iOS Bluetooth,213,0,0
1788429467.016597,iOS Bluetooth,213,0,0
1788429467.031815,iOS Bluetooth,234,125,62
1788429467.031815,iOS Bluetooth,218,16,0
1788429467.031815,iOS Bluetooth,218,0,0
1788429467.031815,iOS Bluetooth,235,55,64
1788429467.031815,iOS Bluetooth,219,99,0
1788429467.031815,iOS Bluetooth,219,0,0
1788429467.046547,iOS Bluetooth,237,40,64
1788429467.061656,iOS Bluetooth,221,13,0
1788429467.061656,iOS Bluetooth,221,0,0
1788429467.061656,iOS Bluetooth,238,117,62
1788429467.061656,iOS Bluetooth,222,54,0
1788429467.061656,iOS Bluetooth,222,0,0
1788429467.061656,iOS Bluetooth,222,0,0
1788429467.061656,iOS Bluetooth,222,0,0
1788429467.061656,iOS Bluetooth,222,0,0
1788429467.061656,iOS Bluetooth,223,5,0
1788429467.061656,iOS Bluetooth,223,0,0
1788429467.076509,iOS Bluetooth,225,36,65
1788429467.076509,iOS Bluetooth,209,44,0
1788429467.076509,iOS Bluetooth,209,0,0
1788429467.076509,iOS Bluetooth,209,0,0
1788429467.076509,iOS Bluetooth,209,0,0
1788429467.076509,iOS Bluetooth,209,0,0
1788429467.076509,iOS Bluetooth,209,0,0
1788429467.076509,iOS Bluetooth,209,0,0
1788429467.076509,iOS Bluetooth,209,0,0
1788429467.076509,iOS Bluetooth,227,111,62
1788429467.091533,iOS Bluetooth,229,9,63
1788429467.091533,iOS Bluetooth,213,33,0
1788429467.091533,iOS Bluetooth,213,0,0
1788429467.091533,iOS Bluetooth,213,0,0
1788429467.091533,iOS Bluetooth,213,0,0
1788429467.091533,iOS Bluetooth,213,0,0
1788429467.091533,iOS Bluetooth,213,0,0
1788429467.091533,iOS Bluetooth,213,0,0
1788429467.091533,iOS Bluetooth,213,0,0
1788429467.091533,iOS Bluetooth,235,72,64
1788429467.106541,iOS Bluetooth,219,86,0
1788429467.106541,iOS Bluetooth,219,0,0
1788429467.106541,iOS Bluetooth,236,34,65
1788429467.106541,iOS Bluetooth,236,0,0
1788429467.106541,iOS Bluetooth,236,0,0
1788429467.106541,iOS Bluetooth,236,0,0
1788429467.121587,iOS Bluetooth,221,17,0
1788429467.121587,iOS Bluetooth,221,0,0
1788429467.121587,iOS Bluetooth,238,106,62
1788429467.121587,iOS Bluetooth,222,52,0
1788429467.121587,iOS Bluetooth,222,0,0
1788429467.121587,iOS Bluetooth,222,0,0
1788429467.121587,iOS Bluetooth,222,0,0
1788429467.121587,iOS Bluetooth,222,0,0
1788429467.121587,iOS Bluetooth,222,0,0
1788429467.121587,iOS Bluetooth,222,0,0
1788429467.121587,iOS Bluetooth,222,0,0
1788429467.136546,iOS Bluetooth,225,32,65
1788429467.136546,iOS Bluetooth,209,47,0
1788429467.136546,iOS Bluetooth,209,0,0
1788429467.136546,iOS Bluetooth,226,9,64
1788429467.136546,iOS Bluetooth,226,0,0
1788429467.136546,iOS Bluetooth,226,0,0
1788429467.136546,iOS Bluetooth,226,0,0
1788429467.151593,iOS Bluetooth,211,2,0
1788429467.151593,iOS Bluetooth,211,0,0
1788429467.151593,iOS Bluetooth,229,26,63
1788429467.151593,iOS Bluetooth,213,29,0
1788429467.151593,iOS Bluetooth,213,0,0
1788429467.151593,iOS Bluetooth,234,28,63
1788429467.151593,iOS Bluetooth,218,35,0
1788429467.151593,iOS Bluetooth,218,0,0
1788429467.166643,iOS Bluetooth,235,94,64
1788429467.166643,iOS Bluetooth,219,74,0
1788429467.166643,iOS Bluetooth,219,0,0
1788429467.166643,iOS Bluetooth,236,29,65
1788429467.166643,iOS Bluetooth,220,10,0
1788429467.166643,iOS Bluetooth,220,0,0
1788429467.166643,iOS Bluetooth,237,0,64
1788429467.189609,iOS Bluetooth,221,22,0
1788429467.189609,iOS Bluetooth,221,0,0
1788429467.189609,iOS Bluetooth,238,98,62
1788429467.189609,iOS Bluetooth,222,50,0
1788429467.189609,iOS Bluetooth,222,0,0
1788429467.189609,iOS Bluetooth,239,103,64
1788429467.189609,iOS Bluetooth,239,0,0
1788429467.204615,iOS Bluetooth,225,25,65
1788429467.204615,iOS Bluetooth,209,51,0
1788429467.204615,iOS Bluetooth,209,0,0
1788429467.204615,iOS Bluetooth,226,116,63
1788429467.204615,iOS Bluetooth,210,40,0
1788429467.204615,iOS Bluetooth,210,0,0
1788429467.204615,iOS Bluetooth,210,0,0
1788429467.204615,iOS Bluetooth,210,0,0
1788429467.204615,iOS Bluetooth,210,0,0
1788429467.219421,iOS Bluetooth,211,4,0
1788429467.219421,iOS Bluetooth,211,0,0
1788429467.219421,iOS Bluetooth,229,46,63
1788429467.219421,iOS Bluetooth,213,26,0
1788429467.219421,iOS Bluetooth,213,0,0
1788429467.219421,iOS Bluetooth,234,46,63
1788429467.219421,iOS Bluetooth,234,0,0
1788429467.234493,iOS Bluetooth,235,111,64
1788429467.234493,iOS Bluetooth,219,63,0
1788429467.234493,iOS Bluetooth,219,0,0
1788429467.234493,iOS Bluetooth,236,20,65
1788429467.234493,iOS Bluetooth,220,6,0
1788429467.234493,iOS Bluetooth,220,0,0
1788429467.249548,iOS Bluetooth,221,38,0
1788429467.249548,iOS Bluetooth,221,0,0
1788429467.256591,iOS Bluetooth,238,93,62
1788429467.256591,iOS Bluetooth,222,49,0
1788429467.256591,iOS Bluetooth,222,0,0
1788429467.256591,iOS Bluetooth,239,119,64
1788429467.256591,iOS Bluetooth,239,0,0
1788429467.256591,iOS Bluetooth,239,0,122
1788429467.256591,iOS Bluetooth,239,15,65
1788429467.271583,iOS Bluetooth,209,55,0
1788429467.271583,iOS Bluetooth,209,0,0
1788429467.271583,iOS Bluetooth,226,96,63
1788429467.271583,iOS Bluetooth,226,0,0
1788429467.271583,iOS Bluetooth,226,0,0
1788429467.271583,iOS Bluetooth,226,0,0
1788429467.271583,iOS Bluetooth,211,8,0
1788429467.271583,iOS Bluetooth,211,0,0
1788429467.295413,iOS Bluetooth,229,68,63
1788429467.295413,iOS Bluetooth,213,17,0
1788429467.295413,iOS Bluetooth,213,0,0
1788429467.295413,iOS Bluetooth,213,0,0
1788429467.295413,iOS Bluetooth,213,0,0
1788429467.295413,iOS Bluetooth,213,0,0
1788429467.295413,iOS Bluetooth,213,0,0
1788429467.295413,iOS Bluetooth,213,0,0
1788429467.295413,iOS Bluetooth,213,0,0
1788429467.295413,iOS Bluetooth,235,126,64
1788429467.309628,iOS Bluetooth,219,54,0
1788429467.309628,iOS Bluetooth,219,0,0
1788429467.309628,iOS Bluetooth,236,10,65
1788429467.309628,iOS Bluetooth,236,0,0
1788429467.309628,iOS Bluetooth,236,0,0
1788429467.309628,iOS Bluetooth,236,0,0
1788429467.324503,iOS Bluetooth,221,55,0
1788429467.324503,iOS Bluetooth,221,0,0
1788429467.324503,iOS Bluetooth,238,91,62
1788429467.324503,iOS Bluetooth,222,47,0
1788429467.324503,iOS Bluetooth,222,0,0
1788429467.324503,iOS Bluetooth,222,0,0
1788429467.324503,iOS Bluetooth,222,0,0
1788429467.324503,iOS Bluetooth,222,0,0
1788429467.324503,iOS Bluetooth,222,0,0
1788429467.324503,iOS Bluetooth,222,0,0
1788429467.324503,iOS Bluetooth,222,0,0
1788429467.339368,iOS Bluetooth,225,1,65
1788429467.339368,iOS Bluetooth,209,59,0
1788429467.339368,iOS Bluetooth,209,0,0
1788429467.339368,iOS Bluetooth,226,73,63
1788429467.339368,iOS Bluetooth,226,0,0
1788429467.339368,iOS Bluetooth,226,0,0
1788429467.339368,iOS Bluetooth,226,0,0
1788429467.354596,iOS Bluetooth,229,92,63
1788429467.354596,iOS Bluetooth,213,9,0
1788429467.354596,iOS Bluetooth,213,0,0
1788429467.354596,iOS Bluetooth,234,91,63
1788429467.354596,iOS Bluetooth,218,81,0
1788429467.354596,iOS Bluetooth,218,0,0
1788429467.354596,iOS Bluetooth,235,11,65
1788429467.372809,iOS Bluetooth,219,46,0
1788429467.372809,iOS Bluetooth,219,0,0
1788429467.372809,iOS Bluetooth,236,124,64
1788429467.372809,iOS Bluetooth,220,1,0
1788429467.372809,iOS Bluetooth,220,0,0
1788429467.372809,iOS Bluetooth,237,61,63
1788429467.372809,iOS Bluetooth,221,67,0
1788429467.372809,iOS Bluetooth,221,0,0
1788429467.384448,iOS Bluetooth,238,93,62
1788429467.384448,iOS Bluetooth,222,45,0
1788429467.384448,iOS Bluetooth,222,0,0
1788429467.384448,iOS Bluetooth,239,18,65
1788429467.384448,iOS Bluetooth,223,27,0
1788429467.384448,iOS Bluetooth,223,0,0
1788429467.384448,iOS Bluetooth,223,0,0
1788429467.384448,iOS Bluetooth,223,0,0
1788429467.384448,iOS Bluetooth,223,0,0
1788429467.406604,iOS Bluetooth,209,64,0
1788429467.406604,iOS Bluetooth,209,0,0
1788429467.406604,iOS Bluetooth,226,50,63
1788429467.406604,iOS Bluetooth,210,15,0
1788429467.406604,iOS Bluetooth,210,0,0
1788429467.406604,iOS Bluetooth,227,95,62
1788429467.406604,iOS Bluetooth,227,0,0
1788429467.421688,iOS Bluetooth,229,116,63
1788429467.421688,iOS Bluetooth,213,3,0
1788429467.421688,iOS Bluetooth,213,0,0
1788429467.421688,iOS Bluetooth,234,112,63
1788429467.421688,iOS Bluetooth,218,89,0
1788429467.421688,iOS Bluetooth,218,0,0
1788429467.421688,iOS Bluetooth,218,0,0
1788429467.421688,iOS Bluetooth,218,0,0
1788429467.421688,iOS Bluetooth,218,0,0
1788429467.436733,iOS Bluetooth,219,39,0
1788429467.436733,iOS Bluetooth,219,0,0
1788429467.436733,iOS Bluetooth,236,106,64
1788429467.436733,iOS Bluetooth,220,0,0
1788429467.436733,iOS Bluetooth,220,0,0
1788429467.436733,iOS Bluetooth,237,41,63
1788429467.444586,iOS Bluetooth,238,97,62
1788429467.459508,iOS Bluetooth,222,42,0
1788429467.459508,iOS Bluetooth,222,0,0
1788429467.459508,iOS Bluetooth,239,27,65
1788429467.459508,iOS Bluetooth,223,31,0
1788429467.459508,iOS Bluetooth,223,0,0
1788429467.459508,iOS Bluetooth,223,0,0
1788429467.459508,iOS Bluetooth,223,0,0
1788429467.459508,iOS Bluetooth,223,0,0
1788429467.459508,iOS Bluetooth,209,69,0
1788429467.459508,iOS Bluetooth,209,0,0
1788429467.474436,iOS Bluetooth,226,30,63
1788429467.474436,iOS Bluetooth,210,7,0
1788429467.474436,iOS Bluetooth,210,0,0
1788429467.474436,iOS Bluetooth,210,0,0
1788429467.474436,iOS Bluetooth,210,0,0
1788429467.474436,iOS Bluetooth,210,0,0
1788429467.474436,iOS Bluetooth,210,0,0
1788429467.474436,iOS Bluetooth,210,0,0
1788429467.474436,iOS Bluetooth,210,0,0
1788429467.474436,iOS Bluetooth,229,0,64
1788429467.489541,iOS Bluetooth,213,0,0
1788429467.489541,iOS Bluetooth,213,0,0
1788429467.489541,iOS Bluetooth,234,6,64
1788429467.489541,iOS Bluetooth,234,0,0
1788429467.489541,iOS Bluetooth,234,0,0
1788429467.489541,iOS Bluetooth,234,0,0
1788429467.489541,iOS Bluetooth,219,32,0
1788429467.489541,iOS Bluetooth,219,0,0
1788429467.502764,iOS Bluetooth,236,89,64
1788429467.502764,iOS Bluetooth,220,1,0
1788429467.502764,iOS Bluetooth,220,0,0
1788429467.502764,iOS Bluetooth,220,0,0
1788429467.502764,iOS Bluetooth,220,0,0
1788429467.502764,iOS Bluetooth,220,0,0
1788429467.502764,iOS Bluetooth,220,0,0
1788429467.502764,iOS Bluetooth,220,0,0
1788429467.502764,iOS Bluetooth,220,0,0
1788429467.519560,iOS Bluetooth,238,105,62
1788429467.519560,iOS Bluetooth,222,40,0
1788429467.519560,iOS Bluetooth,222,0,0
1788429467.519560,iOS Bluetooth,239,33,65
1788429467.519560,iOS Bluetooth,239,0,0
1788429467.519560,iOS Bluetooth,239,0,0
1788429467.519560,iOS Bluetooth,239,0,0
1788429467.541872,iOS Bluetooth,209,76,0
1788429467.541872,iOS Bluetooth,209,0,0
1788429467.541872,iOS Bluetooth,226,13,63
1788429467.541872,iOS Bluetooth,210,2,0
1788429467.541872,iOS Bluetooth,210,0,0
1788429467.541872,iOS Bluetooth,210,0,0
1788429467.541872,iOS Bluetooth,210,0,0
1788429467.541872,iOS Bluetooth,210,0,0
1788429467.541872,iOS Bluetooth,210,0,0
1788429467.541872,iOS Bluetooth,210,0,0
1788429467.541872,iOS Bluetooth,210,0,0
1788429467.556719,iOS Bluetooth,229,22,64
1788429467.556719,iOS Bluetooth,234,28,64
1788429467.556719,iOS Bluetooth,218,105,0
1788429467.556719,iOS Bluetooth,218,0,0
1788429467.556719,iOS Bluetooth,235,35,65
1788429467.556719,iOS Bluetooth,219,26,0
1788429467.556719,iOS Bluetooth,219,0,0
1788429467.571706,iOS Bluetooth,236,68,64
1788429467.571706,iOS Bluetooth,220,5,0
1788429467.571706,iOS Bluetooth,220,0,0
1788429467.571706,iOS Bluetooth,237,5,63
1788429467.571706,iOS Bluetooth,221,56,0
1788429467.571706,iOS Bluetooth,221,0,0
1788429467.571706,iOS Bluetooth,238,114,62
1788429467.586566,iOS Bluetooth,222,37,0
1788429467.586566,iOS Bluetooth,222,0,0
1788429467.586566,iOS Bluetooth,239,36,65
1788429467.586566,iOS Bluetooth,223,39,0
1788429467.586566,iOS Bluetooth,223,0,0
1788429467.586566,iOS Bluetooth,225,59,64
1788429467.586566,iOS Bluetooth,225,0,0
1788429467.601427,iOS Bluetooth,218,0,0
1788429467.601427,iOS Bluetooth,218,0,0
1788429467.601427,iOS Bluetooth,138,48,64
1788429467.601427,iOS Bluetooth,228,0,64
1788429467.601427,iOS Bluetooth,148,48,96
1788429467.601427,iOS Bluetooth,226,126,62
1788429467.601427,iOS Bluetooth,210,0,0
1788429467.601427,iOS Bluetooth,210,0,0
1788429467.601427,iOS Bluetooth,176,118,48
1788429467.601427,iOS Bluetooth,227,122,62
1788429467.601427,iOS Bluetooth,211,40,0
1788429467.601427,iOS Bluetooth,211,0,0
1788429467.601427,iOS Bluetooth,211,0,0
1788429467.601427,iOS Bluetooth,211,0,0
1788429467.601427,iOS Bluetooth,211,0,0
1788429467.616497,iOS Bluetooth,212,105,0
1788429467.616497,iOS Bluetooth,212,0,0
1788429467.616497,iOS Bluetooth,229,46,64
1788429467.616497,iOS Bluetooth,213,2,0
1788429467.616497,iOS Bluetooth,213,0,0
1788429467.616497,iOS Bluetooth,234,41,64
1788429467.616497,iOS Bluetooth,234,0,0
1788429467.631902,iOS Bluetooth,219,20,0
1788429467.631902,iOS Bluetooth,219,0,0
1788429467.631902,iOS Bluetooth,236,42,64
1788429467.631902,iOS Bluetooth,220,11,0
1788429467.631902,iOS Bluetooth,220,0,0
1788429467.631902,iOS Bluetooth,237,120,62
1788429467.646670,iOS Bluetooth,238,0,63
1788429467.661595,iOS Bluetooth,222,34,0
1788429467.661595,iOS Bluetooth,222,0,0
1788429467.661595,iOS Bluetooth,223,43,0
1788429467.661595,iOS Bluetooth,223,0,0
1788429467.661595,iOS Bluetooth,225,37,64
1788429467.661595,iOS Bluetooth,225,0,0
1788429467.661595,iOS Bluetooth,225,0,10
1788429467.661595,iOS Bluetooth,225,114,62
1788429467.676658,iOS Bluetooth,227,8,63
1788429467.676658,iOS Bluetooth,211,49,0
1788429467.676658,iOS Bluetooth,211,0,0
1788429467.676658,iOS Bluetooth,211,0,0
1788429467.676658,iOS Bluetooth,211,0,0
1788429467.676658,iOS Bluetooth,211,0,0
1788429467.676658,iOS Bluetooth,211,0,0
1788429467.676658,iOS Bluetooth,211,0,0
1788429467.676658,iOS Bluetooth,211,0,0
1788429467.676658,iOS Bluetooth,229,69,64
1788429467.691954,iOS Bluetooth,213,7,0
1788429467.691954,iOS Bluetooth,213,0,0
1788429467.691954,iOS Bluetooth,235,35,65
1788429467.691954,iOS Bluetooth,235,0,0
1788429467.691954,iOS Bluetooth,235,0,0
1788429467.691954,iOS Bluetooth,235,0,0
1788429467.691954,iOS Bluetooth,220,16,0
1788429467.691954,iOS Bluetooth,220,0,0
1788429467.706746,iOS Bluetooth,237,108,62
1788429467.706746,iOS Bluetooth,221,53,0
1788429467.706746,iOS Bluetooth,221,0,0
1788429467.706746,iOS Bluetooth,221,0,0
1788429467.706746,iOS Bluetooth,221,0,0
1788429467.706746,iOS Bluetooth,221,0,0
1788429467.706746,iOS Bluetooth,221,0,0
1788429467.706746,iOS Bluetooth,221,0,0
1788429467.706746,iOS Bluetooth,221,0,0
1788429467.721665,iOS Bluetooth,239,33,65
1788429467.721665,iOS Bluetooth,223,46,0
1788429467.721665,iOS Bluetooth,223,0,0
1788429467.721665,iOS Bluetooth,225,15,64
1788429467.721665,iOS Bluetooth,225,0,0
1788429467.721665,iOS Bluetooth,225,0,0
1788429467.721665,iOS Bluetooth,225,0,0
1788429467.736696,iOS Bluetooth,210,1,0
1788429467.736696,iOS Bluetooth,210,0,0
1788429467.736696,iOS Bluetooth,227,24,63
1788429467.736696,iOS Bluetooth,211,61,0
1788429467.736696,iOS Bluetooth,211,0,0
1788429467.736696,iOS Bluetooth,211,0,0
1788429467.736696,iOS Bluetooth,211,0,0
1788429467.736696,iOS Bluetooth,211,0,0
1788429467.736696,iOS Bluetooth,211,0,0
1788429467.736696,iOS Bluetooth,211,0,0
1788429467.736696,iOS Bluetooth,211,0,0
